customer_issue,reference_reply
"Seeking information on digital strategies that can aid in brand growth and details on the available services. Looking forward to learning more to help our business grow. Thank you, and I look forward to hearing from you soon.","We offer a variety of digital strategies and services to boost brand growth, including social media management and marketing. Let's discuss further; you can reach me at <tel_num> to schedule a call."
"I am contacting you to request information on data analytics tools that can be utilized with the Eclipse IDE for enhancing investment optimization. I am seeking suggestions for tools that can aid in making data-driven decisions. Particularly, I am interested in tools that can manage large datasets and offer advanced analytics features. These tools should be compatible with the Eclipse IDE and can smoothly integrate into my workflow. Key features I am interested in include data visualization, predictive modeling, and machine learning capabilities. I would greatly appreciate any recommendations or advice on how to begin with data analytics for investment optimization using the Eclipse IDE.","I am here to assist you with data analytics tools for investment optimization. Please provide more details on your requirements, and I will suggest appropriate options that are compatible with the Eclipse IDE."
"Dear Customer Support, I am reaching out to inquire about the security protocols you have in place to protect medical data. As a valued customer, I want to ensure that my sensitive health information is handled with the utmost care and confidentiality. Could you please provide me with information on the measures you take to safeguard medical data? Additionally, I would appreciate it if you could inform me about any certifications or compliances your company adheres to, such as HIPAA. I am also keen to know if you have any specific measures to prevent data breaches and unauthorized access. Thank you for your time and assistance. I look forward to your prompt response.","Dear [name], we take the security of medical data very seriously and have implemented strong security measures to protect sensitive information. Our company complies with HIPAA and has obtained the necessary certifications to ensure the confidentiality and integrity of medical data. To prevent data breaches and unauthorized access, we have protocols in place, including encryption and secure storage. If you require more detailed information, I would be happy to discuss this further with you, perhaps over a phone call at your convenience. Please let me know a suitable time to reach you at [tel_num] regarding your [acc_num]."
Inquiring about best practices for securing medical data on a 2-in-1 Convertible Laptop. Currently have Norton 360 installed and need guidance on how to properly configure it to protect sensitive medical information. Would greatly appreciate any tips or recommendations you can offer.,"Thank you for your concern regarding securing medical data on your 2-in-1 Convertible Laptop. To properly configure Norton 360 for protecting sensitive medical information, I recommend enabling the firewall and ensuring all updates are installed. Additionally, consider setting up a virtual private network and enabling full disk encryption. It would be helpful to discuss this further. Please let me know a convenient time to call you at <tel_num> to provide personalized guidance and answer any questions you may have."
"The integration stopped working unexpectedly, causing synchronization errors between our platforms. This might be due to recent modifications to the API. Despite attempting to restart services and examining logs, the problem remains unresolved. I would be grateful for your help in addressing this issue.",I will look into the problem and call you at <tel_num> to discuss it further and arrange a convenient time for resolution.
"I am reaching out to report an issue with our data analytics platform. The platform has crashed, and we believe it might be due to inadequate RAM allocation. We have already tried restarting the server and reviewing the logs, but the problem still exists. We kindly request your assistance in investigating this matter and providing a resolution at your earliest convenience. Please inform us if any additional information from our side is necessary to address this issue. The platform is currently unavailable, and we urgently need it to be operational. Thank you for your consideration and support.","Your email regarding the data analytics platform issue has been received. I regret the disruption caused by the platform's downtime. To better understand and resolve the situation, could you please share the server details and the log files you have examined thus far? Additionally, could you provide the current RAM allocation and the recommended amount for the platform? If scheduling a call would be helpful, I can arrange a time to discuss this matter in greater detail and develop a solution to restore the platform's functionality as swiftly as possible. Please suggest a convenient time for the call."
"Dear Customer Support,

I am reporting an issue with our project sync, which has led to data loss. This sync failure occurred after recent software updates, possibly due to incompatibility issues. Despite restarting our systems and reviewing firewall settings, the problem remains unresolved.

The software updates were installed recently, and the sync failure happened shortly thereafter. Our team has attempted to troubleshoot the issue by restarting the systems and reviewing the firewall settings, but these efforts have been unsuccessful.

I would greatly appreciate it if you could investigate this matter and provide a solution to resolve the sync issue and recover the lost data. If there is any additional information or logs you require from our side, please let me know.

Thank you for your time and assistance.

Best regards,
[Your Name]",We will look into the sync issue and contact you for any required information and to assist in finding a resolution.
"Hello Customer Support Team, I am writing to seek advice on digital methods that can aid in expanding my brand. In the current digital era, a robust online footprint is essential for business success. I am keen to learn about the strategies you suggest for boosting brand visibility and attracting more customers. Particularly, I am interested in exploring social media marketing, search engine optimization, and content development. I think applying the appropriate digital strategies could significantly advance my brand. Would you be able to offer some insights on this? I look forward to your response. Thanks for your time and support.","Greetings [Name], thank you for contacting our support team to discuss brand expansion strategies. We appreciate your enthusiasm to enhance your online presence. To boost brand visibility and attract a broader customer base, we suggest investigating social media marketing, search engine optimization, and content development. These tactics can help elevate your brand and foster business growth. For more targeted advice, we are ready to delve into your objectives and aspirations. Would you be available for a consultation at your convenience, or should we arrange a call at [Phone Number] to explore these opportunities and develop a customized plan for your brand growth?"
"Dear Customer Support, I am encountering a problem with my website analytics dashboard that is not updating. I believe there might be an issue with the API connection. I have already restarted the dashboard and verified my credentials, yet the problem still exists. Could you please investigate and offer a solution at your earliest convenience? If you require any additional information from me, please let me know. Thank you for your assistance, and I look forward to your response.","Dear <name>, we regret the inconvenience you have experienced with your website analytics dashboard. We will look into the potential API connection issue. Could you please provide your <acc_num> and any specific error messages you are receiving so we can assist you further?"
"Data breach found, assistance required",Please handle this data breach with urgency. Kindly share the specifics of the issue at hand and an expert will be assigned to assist you promptly.
"We are encountering data integration problems while optimizing investments using analytics tools. These issues might be due to unexpected software compatibility problems between various applications. Despite updating the software and checking for configuration errors, the problem continues. We would greatly appreciate your guidance in resolving this matter to ensure a smooth data flow and accurate analysis. Please inform us of the next steps to address this issue.",Please review the data integration issue and contact us at <tel_num> to discuss the next steps. We will provide guidance on resolving the software compatibility issues to ensure a smooth data flow and accurate analysis. Your account number is <acc_num>.
I am writing to request an update to the integration features in our mobile applications. The current features are outdated and not compatible with recent software versions. I would like to request enhancements to ensure seamless functionality with the latest software versions.,"Dear [Name], we appreciate your request to update the integration features in our mobile applications. We will review the compatibility issues and work on enhancements. Could you please provide details on the software versions you are using and contact us at [Tel Number] to discuss the necessary updates?"
"The data analytics software used by the financial firm is experiencing frequent crashes, likely due to RAM limitations and software conflicts.","Dear [Name], we apologize for the frequent crashes of your data analytics software. We will investigate potential causes, including RAM limitations and software conflicts. Please provide us with details of any error messages you are receiving and your system configuration. To better assist you, please schedule a call at <tel_num> and we can discuss a solution for your <acc_num> account. We will get back to you shortly with the next steps."
Breach in data identified,Commencing immediate investigation into the data breach
"To Whom It May Concern, I am contacting you to report a possible data breach, which may be related to outdated software. Despite my attempts to update various programs, including Snagit, Ansible, and Firebase, the problem continues. I am worried about the security of my data and would appreciate your help in addressing this issue promptly. Could you advise on the next steps or suggest a solution to prevent future breaches? I value your swift response to this matter and eagerly await your guidance. Please inform me if you require any further information to assist me. I can be reached at your convenience to discuss this further. Thank you for your support in resolving this issue. Please provide any necessary reference number <ref_num> for my records, and I look forward to your prompt follow-up.","Dear <name>, We acknowledge your email regarding a suspected data breach possibly due to outdated software. We regret any concern this has caused and thank you for your proactive attempts to update your programs. To better assist you, we need additional information regarding the breach. Could you please share details on the updates you've installed and any error messages you've encountered? Additionally, it would be useful to know the specific data you believe has been compromised. I am available for a phone call if you prefer. Please let me know a convenient time for you. In the meantime, I have assigned a reference number <ref_num> to your case and will contact you within the next 24 hours. Thank you for bringing this matter to our attention, and we look forward to resolving it promptly for you."
"Hello customer support, I am contacting you to highlight the urgent requirement to enhance encryption protocols on our JIRA and HubSpot CRM systems in order to secure medical data effectively. This update is vital for safeguarding sensitive information and ensuring adherence to regulatory standards. Could you please undertake these updates as soon as possible and notify me upon completion? If you need any more details from me, please let me know.","Thank you for bringing this to our attention, <name>. We recognize the urgency of updating encryption protocols on your JIRA and HubSpot CRM systems to protect medical data. We are committed to safeguarding sensitive information and maintaining compliance with regulatory requirements. For the update process, could you provide us with your <acc_num> and the current versions of JIRA and HubSpot CRM you are using? This will help us expedite the necessary updates. We will inform you once the updates are completed. If needed, we can arrange a call at <tel_num> to discuss further. Please specify a convenient time for the call if you prefer. We will prioritize this request and keep you updated on our progress."
Could you provide guidelines on securing medical data on macOS systems using Symantec Endpoint Protection? Thank you for your assistance.,I will provide guidelines on securing medical data on macOS systems using Symantec Endpoint Protection via email shortly.
Data analytics functions are disrupted following the latest software update. Efforts to restart and reinstall the software have been unsuccessful.,"We apologize for the disruption caused by the recent software update. We would like to investigate and resolve the issue with your data analytics. Could you please provide any error messages you are seeing? For your convenience, we are available to discuss possible solutions over a call at <tel_num>."
"There has been a noticeable slowdown in the data analytics platform. It might be due to inadequate server resources. Despite restarting the servers and verifying the configurations, the problem continues.","Dear <name>, thank you for contacting us regarding the slowdown in the data analytics platform. We understand how this issue has affected you. We will delve into the root cause. As you have already attempted to restart the servers and reviewed the configurations, our next action will be to examine the server resource usage. Could you provide us with the current server load details and any recent modifications made to the platform? We will call you at <tel_num> to discuss this further if required."
"I am contacting you to seek advice on the secure management of medical data when utilizing Snagit and KNIME. Given the sensitive nature of the data, I am keen to adhere to all necessary security protocols. Could you offer guidance on the secure storage and transmission of medical images and data through these tools? Additionally, I would be grateful for any suggestions on encryption, access control, and compliance with applicable regulations. I appreciate your consideration and anticipation of your prompt response. I am eager to hear from you soon.","Certainly, I am glad to assist you in securing medical data with Snagit and KNIME. To ensure compliance, I suggest encryption, access control, and the use of secure storage solutions. We can explore specific best practices suited to your needs. Could you please share details about your current setup and workflow? I am also available to speak further over a call; how about reaching out at <tel_num> as per your convenience?"
"Dear Customer Support, I am writing to request assistance in optimizing my investment strategies through the use of data analytics. The abundance of data available can be daunting, and I believe data analytics tools can aid in making more precise forecasts and maximizing returns. However, I need guidance on how to effectively use these tools. Could you provide me with some pointers on getting started? It would be greatly appreciated if you could recommend the most suitable data analytics tools for investment analysis, as well as offer tips on how to interpret the data and make informed decisions. Additionally, I would like to know if you have any resources or tutorials available that can help me learn more about data analytics and its application in investment strategies. I am very eager to learn more about this topic and appreciate your assistance in this matter. I look forward to your response. Best regards, [Your Name]",I am providing guidance on data analytics tools for investment analysis and recommending resources for further learning. Please allow me to contact you at your convenience.
"I am contacting you to seek information regarding the prerequisites for integrating Wave with Outlook 2021. Could you kindly furnish me with the essential details, including the minimum system specifications such as the operating system, processor speed, and memory capacity, to ensure a seamless integration process? Furthermore, are there any specific software or plugin prerequisites that need to be met? Additionally, it would be greatly appreciated if you could share any troubleshooting advice or typical issues that might occur during the integration. I am eagerly looking forward to your response and resolving this matter. Thank you for your time and support.","Hello <name>, to integrate Wave with Outlook 2021, make sure you have a 64-bit operating system, a minimum 2.0 GHz processor, and at least 4 GB of memory. You will also need to install the Wave plugin for Outlook. For troubleshooting, please refer to our website for common issues and solutions. If you require further assistance, I am available to schedule a call at <tel_num> to guide you through the process. Please let me know a suitable time for your <acc_num> account."
"I am encountering a problem with my invoice. The amount shown online is not accurate. I have attempted to resolve this by refreshing the page and signing out then back in, but the issue still exists. I believe it might be a technical error or a data synchronization issue. Can you please investigate this for me and give me a corrected invoice total?","In response to your email about the incorrect total on your invoice, I want to acknowledge the inconvenience this has caused you. To better assist you, could you provide your account number and the specific invoice number you are referring to? I will look into the matter and determine the reason for the discrepancy. If necessary, I may need to contact you to discuss further; please let me know your availability for a call at your convenience. We aim to provide you with the corrected invoice total as soon as possible. Please let me know if you have any additional information that can help resolve this issue."
"Hello Customer Support, I am writing to inquire about the integrations that are currently available for Shopware with Google Cloud Platform and Microsoft Azure services. I am currently using Shopware as my e-commerce platform and I am keen to explore the integration opportunities with Google Cloud Platform and Microsoft Azure services. Would you be able to provide me with a detailed list of the available integrations and their descriptions? Furthermore, I would be grateful for any assistance in understanding how to set up and configure these integrations. Specifically, I am interested in knowing more about the integration with Google Cloud Storage, Google Cloud Functions, and Microsoft Azure Storage. Could you also inform me about any future plans for new integrations? Lastly, I would appreciate any insights into the limitations or restrictions on the use of these integrations. I look forward to your response and hope to receive detailed guidance on this matter. Thank you for your time and support. Kind regards, [Your Name]","Hello [Your Name], we appreciate your interest in exploring integrations for Shopware with Google Cloud Platform and Microsoft Azure services. We can offer you a comprehensive list of available integrations and their descriptions, including Google Cloud Storage, Google Cloud Functions, and Microsoft Azure Storage. I would like to arrange a call with you at [tel_num] to discuss your specific requirements in more detail and provide tailored guidance. Please let me know a convenient time for the call."
"Hello Customer Support, I am writing to inquire about enhancing security for the transmission and storage of medical data. Given the sensitive nature of medical information, it is crucial that it is protected with the highest level of security to safeguard patient details. Could you please share the current encryption methods used by your organization and the steps taken to ensure the secure handling of medical data? Additionally, are there plans to introduce further security enhancements, such as multi-factor authentication and encryption key management? Your insights on this matter would be greatly appreciated. Thank you for your time and cooperation. I eagerly await your response.","Hello <name>, thank you for contacting our customer support team concerning the enhancement of security for medical data transmission and storage systems. We understand the importance of securing such sensitive information and currently employ advanced encryption techniques to protect patient data. Our company utilizes strong encryption protocols to ensure the secure transmission and storage of medical information. We are continuously evaluating and improving our security measures to address potential threats. Regarding the implementation of multi-factor authentication and encryption key management, we are indeed considering these additional security measures to further strengthen the protection of medical data. I would be glad to discuss this further with you and provide more detailed information about our current security protocols and future plans. If you are available for a discussion at a convenient time, please let me know a suitable time and I will contact you at <tel_num>."
"Customer support, reaching out for inquiries about digital strategy services to aid in brand growth. Would appreciate detailed information and pricing for the services offered. Thank you for your assistance, and I look forward to hearing back soon.","<name>, thank you for reaching out regarding digital strategy services to support brand growth. We offer a range of services designed to help businesses enhance their online presence and reach their target audience. Our services include social media management, content creation, and search engine optimization. We would be happy to provide more information and pricing. To better understand your needs and provide a personalized solution, could you please provide us with more details?"
"The data analytics platform encountered issues while processing client investment reports due to high server load and software conflicts, despite restarting applications and checking for updates. The problem continues and requires your assistance.",We need your help to resolve the crash on the Data Analytics Platform. Please provide any error messages and assist with troubleshooting.
"I am contacting you to ask about the integration possibilities for ClickUp within my existing technology infrastructure. Could you send me a detailed list of tools that are compatible with ClickUp and a short explanation of their integration features? Additionally, I would be grateful for any instructions on setting up these integrations and any supplementary materials you can provide.","Dear <name>, we have noted your email concerning ClickUp's integration options. We offer several compatible tools that can integrate with ClickUp, such as Google Drive, Trello, and Slack. We can send you a list with brief descriptions of their integration processes. If you need setup instructions and further resources, we are available to call you at your convenience. Would you be free for a call at <tel_num> or do you prefer a different time?"
Seeking information on digital marketing tactics for brand growth. Please provide specifics on the services you offer.,"Appreciate your inquiry. We provide a range of digital marketing services to support brand growth, including social media management and search engine optimization. Let's discuss the details further."
"Customer support, requesting an update to the integration settings for various software tools to enhance compatibility with our scalable SaaS platform. The current settings, although optimized, are causing issues with data synchronization. I would greatly appreciate your assistance in updating these settings as soon as possible. Please let me know the necessary information so we can proceed.","Hello [name], we are happy to assist with updating the integration settings for compatibility. Could you please provide us with the specific software tools you are currently using and any current settings? This information will guide our update process. Additionally, we can schedule a call at your convenient time at [tel_num] to discuss further. Please let us know a suitable time for you."
"Hello Customer Support, <br>A digital campaign synchronization issue has been observed by me and I am reporting it here. <br>The issue surfaced after the recent software updates and configuration alterations. <br>Steps taken to troubleshoot include restarting the devices and verifying internet connectivity, but unfortunately, the issue still exists. <br>I kindly request you to examine the situation and offer a resolution at the earliest. <br>Please inform me if you need any further details from me for the resolution. <br>I am eagerly awaiting your response. <br>Thanks a lot for your attention and help. <br>Best regards, [Your Name]","Hello [name], We have noted your email concerning the digital campaign synchronization problem. Could you please share the <acc_num> and elaborate on the software updates and configuration changes that were implemented? I will look into this and get back to you with a solution as soon as possible. If necessary, I will reach out to you at <tel_num> for additional discussions."
"During the last deployment, users encountered notable performance issues with the application. This might be due to unoptimized code introduced in the latest update. We have already restarted the servers and rolled back the update, but the problems continue. The team is currently actively investigating the cause and working on a solution to restore optimal performance.",We are aware of the issue and the team is actively investigating to resolve the application performance slowdown. We will provide an update soon as a possible solution is found.
"Customer Support, facing issues with unauthorized access attempts to medical data in my report. The problems might be due to outdated security protocols. Despite efforts to enhance encryption and update system settings, these measures have been unsuccessful. I would greatly appreciate some guidance to resolve the issue and prevent similar occurrences in the future. Please let me know the next steps to take. Thank you for your assistance, and I look forward to hearing from you soon.","<name>, thank you for reporting unauthorized access attempts to medical data. I understand your concern and would be happy to help. To better assist you, could you discuss the issue further and provide details on the current security protocols and the updates that have been attempted? I will be available to call at <tel_num> to guide you through the next steps to enhance the security of the system and prevent future occurrences. Please let me know a suitable time to call. I look forward to speaking with you soon."
"There has been an unexpected data breach that may have compromised sensitive medical data. This is likely due to insufficient security measures and outdated software. Actions taken include securing the system, updating passwords, and monitoring network activity. Assistance is needed to ensure the necessary steps are taken to protect sensitive information and prevent future breaches.",Please review the case and contact +1-800-123-4567 to discuss the necessary assistance.
Request for enhancements in digital marketing tools integration to optimize software performance. Aim is to enable effective brand growth strategies and improve the overall customer experience. Appreciate if could look into this matter and provide a solution as soon as possible. Thank you for your time and assistance.,<name> received your request for enhancements in digital marketing tools integration to optimize software performance. The goal is to enable effective brand growth strategies and improve the overall customer experience. Would appreciate it if could gather more information to better understand your requirements. Could please provide specific details and information regarding the enhancements you are looking for and the current challenges you are facing. This will help in providing a suitable solution and proposing the next steps to achieve your goals and improve overall performance.
"I am reaching out to inquire about solutions that can secure medical data and enhance hospital infrastructure. Could you provide details on the services you offer, including data encryption and network security? I would greatly appreciate any information that could help improve the overall efficiency of hospital operations. Thank you for your time and assistance. I look forward to hearing from you soon.","We offer data encryption and network security solutions to secure medical data and enhance hospital infrastructure, which can improve operational efficiency. Please call <tel_num> to discuss the details and provide information on our services."
"The scanner is not functioning correctly because of old drivers and recent macOS updates. Despite efforts to restart, update software, and reinstall drivers, the problem remains unresolved.","To resolve your scanner issue, could you kindly share your computer and scanner model along with the version of macOS you are running so that I can guide you on the appropriate drivers and updates?"
"Faced an SQL Server outage that disrupted data analytics processing, impacting investment optimization. The outage might be due to high query loads on the server. Restarted the SQL Service and reviewed the server logs for any errors.","Noted the SQL Server outage issue affecting data analytics processing. To investigate further, could you please provide details on the high query loads that might have caused the outage? Additionally, I would like to review the server logs for any errors. If necessary, we can schedule a call to discuss the issue and explore possible solutions to prevent future outages. Please let me know a convenient time to contact you at <tel_num>."
I hope this message finds you well. I am interested in learning about effective digital strategies that can help boost brand growth and engagement for businesses. Could you share some insights or recommendations on this matter? Your input would be greatly appreciated.,"Hello <name>, thank you for reaching out with your inquiry regarding digital brand growth and engagement strategies for businesses. To enhance brand growth and engagement, we suggest developing a robust online presence through social media marketing, search engine optimization, and content creation. Let's delve deeper into these strategies and tailor recommendations to fit your specific requirements. Could you please provide more details about your business and goals? If you're available, I propose scheduling a call at <tel_num> to discuss these strategies in more detail and address any questions you may have about our services and how we can support you."
"I am seeking information on billing options and the integration of the QuickBooks Online SaaS platform. Could you provide details on the available plans and pricing? I would appreciate it if you could explain the benefits of each plan and how they cater to different business needs. Additionally, I would like to know if there are any discounts available for long-term commitments and if a free trial period is offered. Please let me know the necessary information to assist with my inquiry.","Thank you for your interest in integrating the QuickBooks Online SaaS platform. We offer various plans with different pricing and benefits. To provide you with detailed information, could you please provide us with more details about your business needs? We are happy to discuss the plans and pricing and let you know if you are eligible for any discounts or if a free trial period is available."
"Dear Customer Support, I am writing to report an issue with the data visualization dashboard. The dashboard is not loading, and I suspect it might be due to an outdated browser version. I have already tried restarting my browser and clearing the cache, but the problem still persists. I would greatly appreciate your assistance in resolving this matter. Please let me know if there are any additional steps I can take or if you require more information from me. I am available to provide further details if needed. Thank you for your time and support. I look forward to hearing from you soon. Sincerely, [Your Name]","Dear [Your Name], thank you for reporting the issue with the data visualization dashboard. We will investigate and contact you shortly. Could you please confirm your browser version and provide a screenshot of the error message for further assistance?"
The data analytics tool is yielding inconsistent results. It appears recent software updates might be the cause of data input errors. Efforts to revert to previous versions and validate input data have been unsuccessful.,"In response to your email regarding issues with the data analytics tool, I am sorry to hear that you are experiencing inconsistent output. I understand that your attempts to revert to previous versions and validate input data were unsuccessful. To help us investigate the issue, we would like to gather some information. Please provide the exact error message you are seeing and the steps you took to try and resolve the issue. It would also be helpful to know which version of the software you are currently using and the approximate time frame of the issue."
"Dear Customer Support, the critical data analytics report generation has failed due to software compatibility issues arising from recent updates. I have attempted to reinstall the affected software and restart the systems, but the issue still persists. I urgently need assistance to resolve this matter to avoid any delays.",We will assist with resolving the software compatibility issue. Please provide details on the updates and affected software so we can investigate further.
"I am contacting you to seek details on the necessary system specifications for the optimal functioning of your project management software as a service. Could you furnish me with the minimum and recommended system configurations, including the processor speed, memory capacity, and the required operating system? This information is crucial for ensuring that our team's devices meet the requirements and can operate the software seamlessly.","I will provide you with the system requirements for our project management SaaS. You can find the details on our website, or I can call you at your convenience to discuss further."
"Our marketing agency has encountered software malfunctions that are affecting our brand growth strategies. Recent system updates have been conflicting with our existing applications, leading to these issues. Despite our efforts to troubleshoot by reinstalling the affected software and clearing caches, the problems continue. We need your assistance to resolve these issues and get our systems running smoothly again.","Dear [Name], we apologize for the inconvenience caused by the software malfunctions. We appreciate the troubleshooting steps you have taken so far. To better understand the issue, could you please provide details on the system updates and existing applications that are conflicting? Additionally, knowing the exact error messages you are receiving would be very helpful. We would like to schedule a call to discuss the issue and work on a resolution. We are available at your convenience. Please let us know a suitable time for us to arrange."
"Hello customer support, I am contacting you to report that my digital marketing campaigns have not been able to start. This may be because of an incompatibility with the Express.js version I am using. Despite attempting to restart my Mac Mini and updating McAfee, the issue remains. I would be grateful if you could examine this situation and offer a remedy at your earliest convenience. Please inform me if you need further details from me to address this concern.",We regret the difficulties you are experiencing with your campaigns. We will look into the compatibility issues with Express.js. Could you please share your current Express.js version and any error messages you have encountered? We will strive to address and resolve this issue promptly and provide a solution or workaround to get your campaigns running.
"There are occasional access problems with the project management dashboard. This might be related to recent server updates. I have cleared the cache and verified the user permissions, but the issue continues. We need your help to resolve this as soon as possible. We would greatly appreciate a quick response to this matter and are looking forward to your prompt attention. Thank you.",We will investigate the issue with the project management dashboard and can be reached at <tel_num>. Please call us to discuss and resolve the matter as soon as possible.
"Dear Customer Support, I am inquiring about a problem I encountered with the medical data encryption process. The encryption failed abruptly, and I suspect it might be a result of a software configuration error. Despite restarting the servers and updating the software, the issue remains unresolved. I would be highly grateful if you could offer any guidance to address this. Please inform me if there are specific actions I should undertake or if you need further information from me. I am ready to supply any necessary details or engage in further discussion. Thanks for your assistance. Best regards, [Your Name]","Dear [Name],<br><br>Thank you for contacting us about the encryption issue with your medical data. We apologize for the inconvenience. We are available to assist you. Could you please share more specifics about the software configuration and the precise error message you are getting? This will aid us in diagnosing the problem. Should a call be necessary, please let us know a suitable time to reach you at <tel_num>. We aim to resolve this matter promptly. Thank you for your patience and cooperation."
Could you provide details on securing medical data using the Hub Smart-Thermometer products? Thank you.,Please contact us to discuss securing medical data with our products soon.
"Dear Customer Support, I am writing to request an update to the product details and integration options. The current process is causing inconvenience to customers, and we would like to request that the product details be updated to reflect the correct information. Additionally, we would appreciate if the integration options could be updated to include more flexible options for customers, as this would greatly improve the overall customer experience and reduce the number of returns and exchanges. Thank you.","Thank you for reaching out to us regarding the update to product details and integration options. We understand that the current process is causing inconvenience to customers and appreciate your suggestions for improving the overall customer experience. Your request will be forwarded to the product development team for review and update as soon as possible. To better assist you, could you please provide specific information regarding the product details and the integration options you would like to see updated?"
"Our medical data security system is facing vulnerabilities, possibly due to outdated software without proper encryption. Despite attempts to secure the system by updating applications and implementing firewall rules, the issues continue. Urgent assistance is needed to resolve this issue as soon as possible.",Please call <tel_num> to discuss resolving the medical data security vulnerabilities immediately.
"We have encountered a significant data breach impacting our medical data systems. This may have occurred due to outdated security protocols. We have attempted to implement immediate patches and security updates across the affected products, but the issue persists. We require urgent assistance to resolve the matter and prevent further breaches.","We are responding to your urgent email regarding the data breach affecting your medical data systems. To assist you, we need information on the security updates that have been applied to address the current issues you are experiencing. Could you please provide details on any errors or symptoms you are seeing? We will schedule a call at your earliest convenience to discuss and provide a solution to prevent future breaches."
"The investment data analytics platform unexpectedly halted because of inadequate system resources or software conflicts. After restarting the systems and reviewing for available updates, the issue remains unresolved.","I am responding to your concerns about the investment data analytics platform crash, which appears to be due to insufficient system resources or software conflicts. I appreciate your proactive steps in restarting the systems and verifying updates. To effectively address the problem, I kindly request additional details on the error messages you encountered and the updates you applied. Should further assistance be required, I am available for a detailed discussion at a mutually convenient time. Please provide the requested information or suggest a time for a call so that I can assist you in fully resolving the issue with the investment data analytics platform."
Requesting an enhancement in our data analytics capabilities. We are aiming to optimize our investment strategies using the appropriate software and hardware tools to improve our data-driven decision-making and stay ahead of the competition. We believe that the right tools can support us in achieving our goal and driving business growth. I would greatly appreciate your guidance and recommendations on the tools to use. Thank you for your time and assistance.,"I would be happy to help enhance your data analytics capabilities, <name>. To provide suitable recommendations for software and hardware tools, could you please share more information about your current setup and specific requirements? You can contact <tel_num> to discuss and receive guidance on the tools that can support your investment strategies."
"Dear Customer Support Team, I am contacting you to inquire about the integration of new hardware and software compatibility to enhance our project management experience. As a valued customer, I believe it is crucial to adopt the latest technologies in order to achieve efficient and effective project management. The current system has some limitations, and I am requesting an update to include the latest hardware and software compatibility, which would facilitate better project management. Could you please share with me the current status of this integration and provide an estimated timeline for its implementation? Furthermore, are there any plans to introduce new features or updates that would further improve the project management experience? I would be grateful if you could provide me with more information on these matters. Thank you for your time and assistance. I am looking forward to hearing back from you soon. Please notify me if you need any additional information from me.","Dear [Name], thank you for your email regarding the integration of new hardware and software compatibility to enhance the project management experience. We appreciate your feedback and consider your opinion valuable. Our team is currently in the process of updating the system to include the latest hardware and software compatibility. We will provide you with the current status and an estimated timeline for implementation. To assist you better, could you please provide us with your account number [acc_num] and a convenient time for us to call you at [tel_num] to discuss this matter further? We will be happy to address any questions you may have and update you on new features and releases."
"Dear Customer Support, I am in need of your assistance as I have encountered a data breach through an insecure network. The root cause is due to insufficient encryption and out-of-date firmware. Despite my efforts to address the issue by restarting the router and reviewing the firewall settings, the problem continues to persist. I would greatly appreciate your help in securing my network and preventing future breaches. Could you kindly offer guidance on how to update the firmware and enhance encryption? Additionally, I would be grateful for any supplementary advice to strengthen the security of my network. Thank you for your attention and assistance. I eagerly await your response. Sincerely, [Your Name]",I will assist you in securing your network and guide you on updating the firmware and implementing sufficient encryption. Please allow me to call you at a convenient time to discuss further and provide additional recommendations to enhance your network security.
Could you provide detailed solutions for securing medical data within our hospital's infrastructure?,"We take the security of medical data in our hospital infrastructure very seriously. Solutions include implementing robust firewalls, encrypting sensitive data, and conducting regular security audits to identify vulnerabilities. We also provide secure access controls and monitoring systems to prevent unauthorized access. For detailed information, we would be happy to schedule a call to discuss your specific needs and requirements. I am available for a call at your convenience; please let me know a suitable time to make the arrangement."
"A healthcare organization faced an unauthorized breach of medical data, which may be attributed to weak security measures. They have already implemented firewall enhancements and antivirus scans, but the issue continues. Assistance is required to identify the root cause and to implement a solution to prevent future occurrences.",Please investigate the security concern by contacting us at <tel_num>. We can discuss the necessary steps to resolve the problem.
"Customer Support, <br>Our campaign metrics for Lynda.com Spiegellose Kamera indicate a notable drop in engagement. <br>Potential causes may include recent algorithm changes or ineffective targeting strategies. <br>We have made adjustments to ad spend and audience demographics, which have shown some improvement. <br>We would greatly appreciate your assistance in identifying the root cause of the issue and providing guidance to optimize our campaigns for better performance. <br>Please let us know if you need any additional information.","Upon reviewing the campaign metrics for Lynda.com Spiegellose Kamera, we would like to discuss and identify the root cause of the decline in engagement. Please provide details on any recent adjustments made to ad spend or audience demographics. You can contact us at <tel_num> to discuss the next steps."
"Our project management SaaS application is encountering functionality problems across multiple devices. It appears recent updates or integration conflicts might be the cause. We have already tried clearing the cache, reinstalling the application, and checking for updates, but the issue still persists. We need assistance to resolve this problem.","We are here to help with the functionality issues you are experiencing with your project management SaaS application. To better understand the issue, could you please provide more details about the errors you are encountering and any recent integrations or updates made? For your convenience, we would like to schedule a call to troubleshoot and resolve the issue. Please let us know a suitable time for the call at <tel_num>."
Optimize the layout of the project management software dashboard for a better user experience and easier navigation. The revised design will facilitate quicker access to project tools.,Your request to update the project software dashboard layout for enhanced user experience and navigation has been noted.
"We are reaching out for guidance on securing medical data within a WordPress healthcare site. Our healthcare organization needs to ensure that our website is compliant with relevant regulations as we handle sensitive patient information. Could you provide us with recommendations for plugins, themes, and security practices to secure our WordPress site? We would greatly appreciate advice on data encryption, access controls, and backup procedures. Additionally, we are interested in understanding specific WordPress features that can help maintain the confidentiality of patient data.","Thank you for your concern regarding the security of medical data on your WordPress site. To ensure compliance with regulations, we recommend using reputable plugins for data encryption and access controls, as well as implementing two-factor authentication. Regular backups are also crucial. We can discuss specific WordPress features and best practices for maintaining the confidentiality, integrity, and availability of patient data. For a detailed discussion, we are available for a call at <tel_num>; please let us know a convenient time for you."
"A system outage is impacting medical data security and hospital operations. The cause is unknown, but a recent software update or network failure is suspected. The team has restarted affected systems and reached out to vendors for assistance.","<name> has received the incident report concerning the system outage affecting medical data security and hospital operations. It is understood that the cause is unknown, with a recent software update or network failure being suspected. A discussion to determine the next steps would be appreciated. A call at the earliest convenience to gather information and work towards a resolution would be ideal. Please let us know a suitable time for the call at <tel_num> for account <acc_num>."
"I am contacting you to request information on data analytics tools that can be integrated with Jenkins for the purpose of investment optimization. I would be very grateful for any details or suggestions you could provide. Particularly, I am interested in tools that can assist me with the analysis and optimization of my investments. Thank you for your time and help.","Hello <name>, we are grateful for your query regarding data analytics tools that can be integrated with Jenkins for investment optimization. We have several solutions that can aid you in analyzing and optimizing your investments. Notable among these are Jenkins plugins that offer insights and metrics on investment performance. I would like to discuss this further with you and provide more specific recommendations. To better assist you, could you please share more details about your current investment setup and the specific metrics you aim to track? Alternatively, you can reach me at <tel_num> for a phone call if you prefer to discuss this matter over the phone."
"I am contacting you to address a recent billing irregularity. I was overbilled for goods I did not request. I believe this could be a result of a misconfigured account. I had previously reached out for assistance, but have not received a resolution. I kindly ask that you investigate and resolve this matter promptly. Please inform me if more details are needed from my side. I await your response.","We are examining the overcharge on your most recent invoice for goods that you did not request. To better assist you, could you please furnish your account number and the corresponding invoice number? After reviewing your case, we will get back to you to discuss a solution. Would you be available for a call to further discuss this?"
Assistance needed for data breach in hospital systems,"Please acknowledge the data breach issue with hospital systems. To better assist you, could you provide details on the issue you're experiencing, the nature of the breach, and any error messages received? I would like to schedule a call to discuss this further. I am available to talk at your earliest convenience. Please let me know a suitable time for a callback at <tel_num>."
"Respected customer support, I am contacting you to report a problem with our digital campaign. It unexpectedly stopped working and we're uncertain of the reason. We believe it could be because of updated software that is not compatible. Despite restarting the systems and checking the configurations, the issue is still occurring. We would be grateful if you could look into this and provide a solution at the earliest. Please inform us if you need more information from us to address the issue. We look forward to your response. Thank you for your time and help.","Dear <name>, we regret the issues encountered with your digital campaign and thank you for bringing it to our notice. We will look into the cause of the crash and work to resolve it promptly. To assist in the investigation, could you please provide us with details about the recently installed software updates and the specific error message you are receiving. If needed, we may arrange a call; are you available for a call at <tel_num> or do you prefer another time? We will contact you shortly to update you on the status of the issue."
I require assistance with digital strategies for optimizing the Magento e-commerce platform. Could you share the optimal methods to enhance performance and user experience?,"I am ready to help with Magento optimizations. To offer the best advice, please give me your current platform version and any specific issues you are facing. Based on this, I can provide personalized recommendations to improve performance and user experience, or we can arrange a call at a time that suits you."
"An unexpected service outage has impacted several systems, causing disruptions to access medical data for hospital services. The issue might be due to misconfiguration in the Kubernetes deployment or a potential software vulnerability. We have rebooted the affected servers and checked for configuration errors, but the issue still persists.","Received an urgent assistance request regarding the service outage that has affected multiple systems and hospital services. To better assist you, could you please provide details on any error messages and the steps that have been taken so far? It would be helpful to know the exact configuration of the Kubernetes deployment and any recent software updates. I would like to schedule a call to discuss this further and am available at the earliest convenience. Please let me know a suitable time."
Need to integrate investment analytics tools with data from multiple sources.,Could you provide more details on the issue with integrating investment analytics tools with data from multiple sources? This will help me assist you better.
"To the support team, I am contacting you to inform you of the absence of several product licenses, which might be a result of a potential database synchronization issue. After attempting to restart services and reviewing logs, the problem still exists. I kindly request you to investigate this and offer a resolution at your earliest convenience. Please inform me if you require any further details from me to address the situation. I am eagerly awaiting your response. Thanks for your assistance.","Dear [Name], thank you for reaching out to us regarding the missing product licenses, we regret the inconvenience this has caused you. We will look into the potential database synchronization issue and will work to resolve it promptly. Could you please share your [account_number] and additional information about the missing licenses, including the license numbers and associated products? Should we need to, we can schedule a call at [telephone_number] for further discussion. We appreciate your patience and cooperation, and we are looking forward to resolving the issue for you."
"Hello Customer Support, I am contacting you to learn more about digital strategies that are compatible with Magento 2.4 to aid in the growth of my brand. I am keen to explore the various strategies that can enhance our online presence and would greatly appreciate any insights or recommendations you can share. Could you inform me about the diverse strategies and their potential benefits? I would be grateful for any assistance you can provide. Thank you for your time and help. I anticipate a response from you soon.","Hello <name>, we are pleased to hear from you and thank you for your inquiry regarding digital strategies for growth with Magento 2.4. Our team can provide you with information on a range of methods to boost your online presence, such as SEO, social media integration, and email marketing. We would be delighted to delve into these strategies with you and offer tailored guidance based on your specific needs. Would it be convenient for you to schedule a call to discuss your requirements further?"
"Could you provide more details on optimizing investment data analytics products, similar to those found at Codecademy Elasticsearch? I'm interested in learning data analytics to better inform my investment decisions and improve returns. Specifically, I would like to know about the tools and techniques used to analyze data and make predictions about future market trends.","I would be happy to discuss optimizing investment data analytics. Please provide some information about your current investment goals, and we can discuss the tools and techniques used to analyze data and make predictions about future market trends during a convenient call."
"Hello Customer Support, I am writing to request information on the system requirements needed for the best performance of your SaaS project management tool. Could you kindly share the recommended browser, operating system, and hardware specifications? Additionally, any extra details on how to achieve the best user experience would be greatly appreciated. I look forward to your response and thank you in advance for your help.","Hello [name], for optimal performance of our SaaS project management tool, we recommend using the latest version of Google Chrome as the browser, Windows 10 as the operating system, and at least 8GB of RAM. Thank you."
"Unpredictable delays in data processing for investment analytics tools are happening because of server overload during peak usage times. Even after restarting servers and optimizing queries, the problems continue and require assistance to resolve the issue.","<name> has acknowledged receipt of your email regarding server overload issues impacting investment analytics tools. For better assistance, we would like to schedule a call to discuss the issue in detail. Please let us know when you would be available for the call, or offer alternative times. Additionally, knowing the current server configuration and any recent changes made to optimize queries will be helpful in investigating and providing a resolution."
There was an overcharge by the marketing agency.,We are looking into the issue of overcharged subscription services by the marketing agency. Please provide your account number for an investigation and resolution.
Is it possible to receive data analytics services that optimize investment strategies? Thank you.,"We can offer data analytics services to optimize investment strategies, providing insights and recommendations to improve returns. I would be happy to discuss and provide more information. We are available to call at your convenience to explore these services and support your investment goals. Please let us know a suitable time to reach you."
"Customer Support, seeking assistance with securing Kubernetes for medical data compliance in hospital environments. As hospitals handle sensitive patient data, strict security measures are required. I would like to know best practices for implementing Kubernetes in these environments to ensure the confidentiality, integrity, and availability of medical data. Specifically, I am interested in learning about network policies, access controls, and data encryption methods. Could you provide resources and documentation?","<name>, thank you for your inquiry regarding the securing of Kubernetes for medical data compliance. I recommend reviewing the documentation on network policies, access controls, and data encryption methods. We can schedule a call at <tel_num> to discuss this further. Please let us know a convenient time to reach you, so we can provide guidance tailored to your hospital environment <acc_num>."
"Dear Customer Support, I am encountering issues with the investment performance analytics report due to the recent software update. Despite my efforts to revert the update and restart the systems, the problem continues. I suspect there might be compatibility issues with my existing tools and analytics methods. I would greatly appreciate it if you could look into this matter urgently and provide a solution. Please inform me if you require any additional information; I am available to discuss and provide the necessary details. Thank you.","<name> acknowledges receipt of the email regarding the issue with investment performance analytics. Apologies for the inconvenience caused by the recent software update. We will investigate the matter and provide a solution as soon as possible. To better understand the issue, please provide details about the inconsistent results you are experiencing and the steps you have taken to revert the update. We would like to schedule a call at a convenient time for you. Please let us know a suitable time for the call, and we can contact you at <tel_num>."
"Hello Support Team, I need assistance with a data encryption error that has been occurring. The error message 'Data encryption failed' is shown, and it seems a misconfiguration might be the reason. After attempting to restart the servers and review the logs, the issue still exists. I would be very grateful if you could assist in solving this problem. Please inform me if you require more details from me to help resolve this. Thank you for your support and I look forward to your feedback.","Hello, we appreciate you reaching out to us regarding the data encryption issue. We are ready to help you solve this. For a better understanding, could you please share the details of the configuration update and the most recent log files? This will assist us in identifying the issue and providing a solution. If necessary, we can arrange a call using the number <tel_num> to discuss further, kindly provide a convenient time for your account <acc_num>."
A possible data breach may have happened because of an old software vulnerability. We ran an antivirus scan and checked the firewall.,"We are taking this data breach very seriously and thank you for your immediate response. To help us investigate the suspected breach, could you provide additional information on the outdated software and the timing of your antivirus check? Additionally, I will arrange a call at your convenience to discuss the necessary steps to secure your hospital's IT system."
"I am seeking guidance on securing medical data within a Mercurial environment on Google Cloud Platform in a hospital setting. Could you provide advice on data encryption, access control, and compliance with HIPAA regulations? I would greatly appreciate any recommendations or resources you can provide to ensure the security and integrity of sensitive medical information.","We can provide guidance on securing medical data in a Mercurial environment on Google Cloud Platform. Please allow us to call for your convenience to discuss the best practices for data encryption, access control, and HIPAA compliance."
It is imperative to draw attention to the need for implementing enhanced security measures for medical data across all affected systems. This is crucial to ensure compliance and data integrity. The current system has several vulnerabilities that need to be addressed immediately. We request that you take immediate action to rectify the situation and ensure the security of sensitive medical information. Please inform us of the steps you will take to address this issue.,We will investigate and implement the necessary security measures to protect medical data and ensure compliance with data integrity standards.
Is it possible to provide an overview of the scalable SaaS features that enhance project management?,"The scalable SaaS features for project management include task tracking and team collaboration tools, which offer benefits such as increased productivity and improved project visibility. Please send a detailed overview of the features and their benefits via email."
"Hello Customer Support,

I hope this message finds you well. I am contacting you to report a critical issue that has recently been brought to my attention. We have experienced a data breach that has exposed sensitive medical information, which is of great concern. Following an initial investigation, it seems that the breach might be due to the use of outdated Perl and Git versions in our system.

I have already taken some measures, such as conducting security scans to find any vulnerabilities and updating our Magento platform to the latest version. Nevertheless, the problem still persists, and I need further assistance.

I would greatly appreciate your help in identifying the root cause of the breach, recommending updates for our Perl and Git versions, and suggesting any additional preventive measures. Please let me know if you need any additional information from me to proceed with your investigation. I am available to discuss this matter further and provide any required details.

I look forward to your prompt response.
Best regards,
[Your Name]","Hello [Your Name],

Thank you for your email regarding the medical data breach. I appreciate the steps you have already taken to address the issue. In order to provide the best assistance, could you please arrange a call at your convenience so we can go over the details of your system and the breach? I will require information about your system configuration, including the current versions of Perl and Git you are using, and any error messages you have encountered. Additionally, it would be helpful to know the results of the security scans you have conducted. Once we have this information, I can suggest how to update your Perl and Git versions and recommend further preventive measures to avoid similar incidents in the future.

Please let me know a suitable time for the call and I will make sure to contact you.

Thank you for your cooperation.
Best regards,
[Assistant Name]"
Could you please share the necessary system specifications for achieving peak device functionality?,"Dear customer, to achieve peak device functionality, the minimum system specifications required are a 2.5 GHz processor, 8 GB of RAM, and 256 GB of storage. However, for more detailed and specific requirements, please provide information about your device and operating system so we can offer more tailored advice. If needed, we can also arrange a convenient call to discuss this further."
"Hello customer support, I am contacting you to seek information about the training programs available for new HR staff. Would you kindly share details on the types of programs, their duration, and any necessary prerequisites? Additionally, could you provide me with information on the costs involved and any potential discounts? I would greatly appreciate a call at <tel_num> to discuss further and find the most suitable training option for my needs. Thank you for your time and assistance. I am looking forward to your response.","Hello <name>, we provide various HR training programs with differing durations and prerequisites. Please allow me to call you at <tel_num> to provide you with detailed information on costs and discounts, and to discuss the best training option for your needs."
Adjust marketing campaigns promptly to align with the updated brand messaging for enhanced outcomes.,I will adjust the marketing campaigns to align with the updated brand messaging promptly.
"I am reaching out to document the recurring connection issues I am experiencing with the SaaS application across multiple devices. Despite my efforts to resolve the issue by resetting the devices, updating the firmware, and reviewing network settings, the problems continue. It is possible that the issue is due to network configuration or compatibility problems with various products. After following the troubleshooting steps, the issue remains unresolved. I would greatly appreciate it if you could look into this matter and provide a solution at your earliest convenience. Please.",We have received your email regarding the connectivity issues with the SaaS application. We will investigate the matter and kindly request that you provide your account number so we can discuss further at your convenient time.
"Respected Customer Support, I am contacting you to report a problem with our data analytics dashboard. It has suddenly stopped updating and we have already attempted to restart the system and check the RAM. We believe the problem could be due to a RAM shortage or software conflict. The dashboard is crucial for our operations, and we require it to function without issues. Kindly investigate this matter and offer a solution or guidance on how to fix it. We would greatly appreciate any support you can provide to restore the dashboard. Thanks for your attention and assistance.","Dear <name>, we appreciate your communication regarding the malfunction of your data analytics dashboard. We regret the inconvenience this has caused to your operations. We are ready to assist you in resolving this issue. Could you please share details about your system setup, such as the operating system and software versions, as well as any changes made recently? This information will aid us in identifying the problem and providing a more precise solution. If necessary, we can arrange a call at <tel_num> to discuss further and provide guidance on resolving the issue related to <acc_num>. Thank you."
"Dear Customer Support, we are reaching out to request an update on our product integration options with Salesforce CRM. Our team, currently utilizing several tools to manage projects, believes that enhancing our integration capabilities would significantly improve our workflow. Specifically, we would like to integrate our project management software with Salesforce to enable seamless data transfer and synchronization. This would allow us to track progress, assign tasks, and collaborate more efficiently across different teams.","Thank you for reaching out regarding the update of integration features for Salesforce CRM. We appreciate your feedback and understanding of the benefits of integrating your project management software with Salesforce. To better assist you, could you please provide us with information on the project management software you are currently using and the specific integration capabilities you are looking for? This will help us provide a tailored solution. If needed, we can schedule a call at <tel_num> to discuss at your convenience. We look forward to assisting you."
"experienced data synchronization problems between MongoDB and Zoho Books, impacting operations.",examine the data synchronization issue between MongoDB and Zoho Books and contact support for assistance in resolving it.
"Hello, we have observed a significant reduction of 30% in our website traffic over the course of a single night. Potential causes could be recent algorithm modifications or software issues. After reviewing our analytics and updating our plugins and caching systems, the problem remains unresolved. We require your expertise to address and fix this situation.","Dear <name>, I apologize for the substantial drop in your website traffic over the last night. We appreciate your efforts in investigating the analytics, plugins, and caching. In order to delve deeper into this issue, could you provide some additional information about your website, including the platform it runs on and any recent modifications you have made? Additionally, have you encountered any error messages or experienced any delays in loading times? I would like to arrange a call to discuss this matter further. Please inform me of a convenient time, and I will ensure to contact you at <tel_num>."
I am attempting to integrate the Joomla SaaS project management solution. Could you provide detailed documentation and guidance on the integration process? I would greatly appreciate any resources or support you can offer to help me successfully complete the process.,"<name>, thank you for your interest in integrating the Joomla SaaS project management solution. A detailed guide on our website outlines the integration process. We can provide personalized support; please provide us with <acc_num> so we can look into your specific setup. If you need further assistance, we can schedule a call at <tel_num> to walk you through the process at your convenience."
"Dear Customer Support, I am contacting you to emphasize the urgency of strengthening encryption measures for medical data storage and transmission across all hospital IT infrastructure. Safeguarding confidential patient information is paramount in the face of escalating cyber threats. I urge you to swiftly implement comprehensive end-to-end encryption for medical data both during transmission and while at rest. This should encompass all devices, such as laptops, tablets, and mobile phones, and ensure that all network-transmitted data is encrypted. Kindly provide updates on the actions you will take and the timeline for these measures. Thanks for your prompt attention to this critical issue.","Dear [Name], we value your communication on the need to bolster encryption protocols for medical data. Protecting patient information is a top priority, and we are committed to enhancing our security systems. We are currently evaluating our encryption practices to ensure they align with the highest standards. To address your concerns, we will thoroughly examine our IT systems and devices to pinpoint areas for enhancement. We will update you on the steps we will undertake and provide a timeline for implementation. If you wish to discuss this further, please suggest a convenient time for us to contact you at [Tel Number]. We will keep you informed of our progress in strengthening medical data security."
"Dear Customer Support, I am inquiring about the API integration capabilities for our project management SaaS. Could you please provide details on the available APIs, their functionality, and any documentation or support resources you offer? It would be greatly appreciated if you could share examples of successful integrations that other customers have implemented. This information will help me better understand the platform and meet our project management needs. Thank you for your assistance. I look forward to hearing from you soon. Regards, [Your Name]",We offer various APIs for integration. Please visit our website for documentation and support resources. We can also send examples of successful integrations and discuss further by calling <tel_num>.
"Customer Support, please draft enhanced security measures for managing medical data in hospital systems. The current system has multiple vulnerabilities that could jeopardize the confidentiality, integrity, and availability of sensitive patient information. We recommend strengthening data protection by implementing advanced encryption techniques, secure data storage solutions, and robust access controls. Regular security audits and penetration testing should also be conducted to identify and address any potential weaknesses. Your assistance is appreciated.",We will review your request and provide a plan to enhance the medical data security protocols within the hospital systems.
"Customer Support, I am writing to request enhancements in security measures for managing medical data in a hospital setting. Ensuring compliance and data integrity are crucial in the healthcare industry. I would like to propose the implementation of advanced encryption methods, regular security audits, and staff training in data protection practices. Additionally, it would be beneficial to establish an incident response plan and conduct regular penetration testing to identify vulnerabilities. I believe these measures would significantly improve our security.","<name>, we appreciate your email regarding enhancements to security measures for managing medical data in a hospital setting. We understand the importance of ensuring compliance and data integrity within the healthcare industry. The proposed implementation of advanced encryption methods, regular security audits, and staff training in data protection practices are viable options. Establishing an incident response plan and conducting regular penetration testing are crucial steps in identifying vulnerabilities. We would like to discuss this further."
"The investment analysis platform is producing inconsistent data outputs, which may be due to potential software integration issues. Steps taken to resolve the issue, such as rebooting the system and updating applications, have not resolved the problem. Assistance is required.","Dear customer, 

I have received your email regarding the inconsistent data outputs from the investment analysis platform. It is noted that you have already attempted to resolve the issue by rebooting the system and updating applications, but the problem still persists. I would like to assist in resolving this issue. To better understand the problem, could you please provide details on the inconsistent data outputs you are experiencing, including any specific errors or discrepancies you are seeing? Additionally, I would like to schedule a call to further discuss this matter."
Could you provide documentation on integrating SQL Server with data analytics tools? I am looking for guides and tutorials to begin the integration process.,"Certainly, we provide a range of guides and tutorials on our website for integrating SQL Server with data analytics tools. Please check our support page for further details and resources to kick-start your integration."
"Noticed a decline in brand engagement metrics. Recent modifications to our marketing strategies might be the reason. We have reviewed the updated campaigns and observed some positive changes, but further details are needed.","<name>, we are addressing the decline in engagement metrics. To better understand the situation, could you please provide details on the recent marketing strategy changes and the adjustments made to the campaigns? This will help us identify the root cause and provide a suitable solution. If you are available, we can schedule a call at a convenient time to discuss further. Please let me know a suitable time to reach you at <tel_num>. We are here to assist in resolving the issue with your engagement metrics <acc_num>."
"The data analytics dashboard did not update during the night because of insufficient NAS storage or possible AWS connection problems. Restarted Ansible and Zapier connections, reviewed QNAP TS-453D logs.","Dear <name>, we appreciate you notifying us about the Data Analytics issue. We are examining the QNAP TS-453D logs and the Ansible and Zapier connections you restarted. For further investigation, could you confirm the current storage space available on your NAS and the status of your AWS connection? If necessary, we can schedule a call at <tel_num> to discuss further; please inform us of a convenient time. We will address the issue with your Data Analytics dashboard as soon as possible, concerning your <acc_num>."
"Customer Support, seeking advice to optimize investment analytics using Scikit-learn on macOS for a financial firm. Currently leveraging Scikit-learn for data analysis and machine learning tasks but facing performance challenges. Could you guide on how to optimize workflows and improve performance? I would greatly appreciate recommendations and best practices for Scikit-learn on macOS. Additionally, please share specific configuration settings that can be adjusted to enhance performance. Thank you for your assistance.","Guidance for optimizing Scikit-learn performance on macOS, please share details about your current workflow and the performance issues you are encountering. I will recommend best practices and configurations to improve performance."
"The software unexpectedly crashed during project updates, impacting the linked tools. This might be due to recent updates causing compatibility issues. I have attempted to reboot the system and reinstall the affected applications, but the issue still persists.",Investigating the issue with the software updates. Please provide the version numbers of the affected applications and the exact error message you are seeing. Contact <tel_num> to discuss the next steps.
"Greetings Customer Support, I am contacting you to address a serious problem with our project schedule. Lately, our project schedule has become dysfunctional, causing the loss of all team tasks. We suspect that this may be related to an incompatibility with Adobe Premiere Pro 2021. Despite restarting PostgreSQL and troubleshooting the Joystick settings, our efforts have not succeeded in fixing the issue. We would be extremely grateful if you could provide us with your assistance to resolve this as quickly as possible. Kindly inform us if there is any extra information you need from us to help with the solution. Thank you for your understanding and cooperation. Sincerely, [Your Name]","Hello [name], I regret to learn that you are facing difficulties with your project schedule. I am here to help you address this issue. To better comprehend the problem, could you provide detailed information about the integration with Adobe Premiere Pro 2021 and any error messages you are encountering? Also, it would be useful to know the version of PostgreSQL you are currently using. If possible, I can also contact you at <tel_num> to discuss this further. Please let me know a convenient time for the call. I will do everything I can to assist in recovering your project schedule and team assignments as swiftly as possible."
"Good day, Customer Service Team. I am inquiring about an anomaly with our campaign data. It vanished unexpectedly overnight. We believe the recent Node.js 14.17 upgrade might have led to compatibility problems. We have attempted to restart the server and examine the Airtable logs, yet the issue remains unresolved. Can you provide guidance on how to proceed? Please inform us if there are any further actions we can take to resolve this. Your prompt assistance is greatly appreciated. Sincerely, [Your Name]","Hello [Name], thank you for informing us about the campaign data issue. We regret the inconvenience. To better understand the compatibility issues with Node.js 14.17, could you furnish us with the Airtable logs and server specifics? We will review the provided data and offer additional troubleshooting steps. Should a deeper discussion be required, we can arrange a call at [Phone Number] to address the matter further. Kindly indicate a convenient time for the call. We are committed to resolving this issue swiftly for account [Account Number]."
"Customer Support, I am reaching out to request enhancements to our security measures for managing medical data in our hospital systems. Currently, we use Airtable and Bitbucket for data management, and I believe additional security measures are necessary to ensure the confidentiality and integrity of sensitive medical information. I would like to propose the implementation of multi-factor authentication, regular security audits, and encryption for data in transit and at rest. I believe these measures will significantly improve the security of our systems and protect patient data.",We appreciate your proposal for enhanced security measures. Please contact us at <tel_num> to discuss the implementation options and schedule a meeting with our team.
"There was an issue with accessing data, specifically medical records, which might be related to outdated security protocols. We have updated the antivirus software and performed a preliminary security review.",Please review the incident and contact +1-800-555-1234 to discuss potential solutions for the data access problem.
I would like to seek information on integrating Airtable with Cassandra to improve our data analytics and investment optimization tools. This integration could significantly benefit our business by offering more precise and efficient data analysis. I would greatly appreciate any advice or assistance you can provide for setting up this integration. Kindly inform me if there are specific prerequisites or steps I should follow. I am eagerly waiting for your response and excited to explore the potential of this integration. Thank you for your time and support.,"I am pleased to assist you with integrating Airtable with Cassandra. In order to move forward, I require additional details about your current infrastructure and needs. Could you please share information regarding your Airtable and Cassandra setups, including their versions and data structures? Based on this information, I can guide you through the integration process and offer any necessary support."
"Hello Customer Support, I am contacting you to report a recent anomaly in the metrics of my digital campaign. This might be due to an integration issue. Although I have attempted to reset both my QuickBooks and Mailchimp integrations, the problem still exists. I hope you can look into this and offer a solution promptly. If there is any more information you need from me to resolve this, please let me know. Thank you for your time and help. I eagerly await your response.","Hello <name>, thank you for bringing the issue of the digital campaign metrics discrepancy to our attention. I apologize for the inconvenience this has caused despite your efforts to reset the QuickBooks and Mailchimp connections. To better understand the issue, could you provide further details about the metrics that are affected and any error messages you have received? Additionally, I would like to arrange a call with you to discuss this further. Could you be available for a call at <tel_num>, or do you prefer a different time?"
"Hello customer support, I am writing to seek details about the data analytics tools that can enhance investment strategies for financial firms. Could you furnish me with information regarding the tools available and their capabilities? It would be great if you could share any relevant case studies or success stories as well. Moreover, I am interested in learning about the pricing and the implementation process for these tools. I look forward to your response and exploring how these tools can benefit our financial firm. Thank you for your support. Best regards, [Your Name]","Dear [Your Name], we provide several data analytics tools designed to improve investment strategies for financial firms. I would be delighted to go into more detail about the features, pricing, and implementation process. Let's schedule a call at your earliest convenience to discuss these aspects in greater depth and address any questions you might have."
Users are facing delayed access to the project dashboard owing to higher traffic and inefficient database queries.,"We will look into this, optimize the queries, and enhance the loading times for the project dashboard. Please provide your account number <acc_num> so we can address this issue promptly."
"Dear Customer Support, I am contacting you to ask about the data analytics tools you provide for investment optimization services. Could you share a list of the tools and platforms you use to analyze investment data and optimize investment portfolios? Specifically, I am keen to learn about your risk management and portfolio optimization services. Additionally, I am interested in knowing if you have any machine learning or AI-based solutions for investment optimization. It would be great if you could also give me some case studies or examples of how your data analytics tools have helped clients meet their investment objectives. Thank you for your time and assistance. I look forward to your response. Best regards, [Your Name]","Dear [Your Name], thank you for your inquiry about our investment optimization services. We provide a variety of data analytics tools and platforms designed to analyze investment data and optimize portfolios. Our services encompass risk management and portfolio optimization, as well as machine learning-based solutions. I am happy to provide more details and case studies. Could you please let me know a convenient time for a call to discuss further? You can contact me at [tel_num]."
"Hello Customer Support, I am writing to request an update to our maintenance schedule. During peak usage hours, the service experiences significant downtime, leading to lost productivity and revenue. I kindly request that the maintenance schedule be revised to minimize downtime during these hours, as this would greatly improve the overall service performance and user experience. I would appreciate it if this matter could be addressed as soon as possible. Please let me know if there is any additional information needed.","Dear [Name], we have received your request to update the maintenance schedule to minimize downtime during peak usage hours. We will investigate this matter and require any additional information you may have. Please allow us to review and propose a revised schedule as soon as possible."
"I am encountering an undesired medical data access denial scenario. My login credentials have suddenly stopped working, which might be related to a change in password policies. Despite restarting my device, verifying my credentials, and referring to the user manual, the problem remains unresolved.","Dear <name>, I apologize for the inconvenience you are facing with your healthcare data access. It seems you have already taken steps such as restarting your device, checking your credentials, and reviewing the user manual. To better assist you, could you please share any specific error messages you are seeing? Also, I would like to schedule a time to discuss this further. Please let me know a convenient time for you to speak at <tel_num>. I aim to resolve the issue with your account <acc_num> as quickly as possible."
"Hello, I am inquiring about the best practices for securing medical data when utilizing Snagit and KNIME. Given that I handle sensitive medical data, I am keen on ensuring that all necessary steps are taken to protect patient information. Could you offer some guidance on securely storing and transmitting medical images and data using these tools? I would greatly appreciate any recommendations you have for data encryption, access control, and adherence to relevant regulations. I look forward to your response and am eager to hear from you soon.","Certainly, I can assist you with securing medical data when using Snagit and KNIME. For compliance with regulations, I suggest encrypting data, controlling access, and using secure storage solutions. We can delve into specific best practices and recommendations suited to your needs. Could you please share more details about your current setup and workflow? Additionally, I would like to arrange a call to further discuss this, are you available at <tel_num> at your convenience?"
Could you recommend tools for optimizing investment portfolios?,"Dear [name], thank you for contacting us about optimizing investment portfolios for your firm. We provide various tools to assist in this process, such as our portfolio management software and investment analytics platform. These tools offer real-time data and insights to aid in making well-informed investment decisions. I am available to discuss these options further with you. Please let me know if you are interested in scheduling a call to explore how our tools can support your firm's investment objectives."
"We are encountering frequent outages with the data analytics tools, which are essential for investment optimization. Rebooting the servers and checking the network settings resolved the issue.","<name> has acknowledged the issue with the data analytics tools performance and frequent outages, which are affecting investment optimization. They understand that rebooting the servers and checking the network settings resolved the issue. They would like assistance in resolving the matter and request details on the frequency of outages and any exact error messages received. This information will help them better understand the issue and provide an accurate solution. They may require a call to discuss the matter further."
Seek information on securing medical data using OBS Studio 27 and Smart-Home-Kamera applications to maintain confidentiality and comply with regulations.,Offer general security guidelines for OBS Studio and Smart-Home-Kamera applications to ensure confidentiality and regulatory compliance for medical data.
"We are seeking information on digital strategies to enhance brand growth. Could you provide detailed methods to increase brand awareness and engagement? We would greatly appreciate any information shared on this topic, including specific tactics and techniques used by successful companies.","Hello, thank you for reaching out to us. We would be happy to discuss digital strategies for brand growth with you. We utilize various methods such as social media marketing, email campaigns, and content creation to increase brand awareness and engagement. Successful tactics include targeted advertising and influencer partnerships. Please let us know a convenient time to schedule a call with one of our experts."
"Hello Customer Support, I am reaching out to address an encryption incident on our server. It appears to be a software anomaly that has emerged. After executing several diagnostic measures, such as restarting the server and examining the configuration parameters, the issue continues to be unresolved. My efforts to pinpoint the cause of the problem have been unsuccessful. Due to this encryption problem, our operations are severely disrupted, and I would greatly appreciate your immediate assistance in addressing this situation. I need your help in tracing the origin of the issue and devising a solution to fix it. Kindly inform me if there are additional actions I should undertake or if you need further data from me. I have restarted the server multiple times, yet the issue still persists. Additionally, I have reviewed the configurations but did not find any errors. I am unsure of what to do next and am relying on your expertise to resolve this encryption issue. Any advice or support you can provide would be greatly appreciated. Thank you for your attention and assistance. I look forward to your prompt response and am available to offer any further information or to address any questions you might have. Thank you once again for your help.",We will assist you with the encryption problem. Please send us the server logs and configuration details to aid in our investigation and resolution.
"Dear Support Team, we encountered an incident involving a breach of medical data. Unauthorized access to patient records occurred due to inadequate encryption. Steps taken so far include restarting the KVM-Switch and reviewing Wi-Fi settings. Kindly provide further instructions on how to proceed.","Given the seriousness of the medical data breach, we are initiating an immediate investigation. For a smoother resolution, please share more details regarding the unauthorized access and your current network configuration. This information will help us take the necessary actions to secure patient records."
Which digital tactics can boost brand growth when integrating with Microsoft SQL Server 2019?,"To enhance brand growth through integration with Microsoft SQL Server 2019, a variety of digital tactics can be utilized. For instance, data analytics and business intelligence tools can provide valuable insights into customer behavior and preferences. A well-structured e-commerce platform integrated with SQL Server 2019 can also improve customer experience and streamline transactions. Moreover, leveraging cloud services and artificial intelligence can optimize operations and increase scalability. I am ready to delve deeper into these tactics and tailor them to your specific requirements. Would you prefer a call at your convenience to discuss further?"
"There has been an issue with processing payments for several software subscriptions. The payment gateway unexpectedly declined the transaction. Despite restarting my device and verifying my account balance, the problem remains unresolved. I believe it could be related to an expired credit card or overdrawn limit.","Dear <name>, we regret to inform you about the payment processing difficulties with your software subscriptions. To address this, please confirm the expiration date of your credit card and your current account balance. Should the issue continue, kindly provide your <acc_num> and a suitable time for us to contact you at <tel_num> to delve further into the matter. Alternatively, consider updating your payment method or contacting your bank to review any card limitations. We are here to assist you in resolving this issue."
"We have encountered a data breach in our hospital systems, impacting patient privacy. This may have happened due to vulnerabilities in software integrations. Despite implementing enhanced security measures and updating software, the issue still persists. We kindly request your immediate assistance to resolve this matter as soon as possible to ensure the security of patient data.",review and contact us promptly to discuss the details of assistance
"I appreciate your interest in our data analytics solutions designed to optimize investment strategies. Our services encompass data analysis and reporting, predictive modeling, and portfolio optimization. We utilize advanced tools and techniques to assist clients in making informed investment decisions. To provide you with specific details, could you please let us know the type of investments you are interested in and any current challenges you are facing? This will allow us to tailor our services to better meet your needs.","Thank you for your interest in our data analytics solutions aimed at optimizing investment strategies. Our services include data analysis and reporting, predictive modeling, and portfolio optimization. We employ advanced tools and techniques to help clients make informed investment decisions. For more specific details, could you please inform us about the type of investments you are interested in and any current challenges you are facing? This will enable us to tailor our services to better suit your needs."
"Is it possible to get more information on data analytics tools for optimizing investments? Particularly, I am interested in their features and integration capabilities.","I can provide details on data analytics tools for optimizing investments. These tools include features such as portfolio tracking, risk analysis, and performance metrics. They also offer integration capabilities with various financial platforms. For a detailed overview, please specify the specific integration capabilities you are interested in, and I would be happy to discuss scheduling a call for your convenience to address any questions you may have about the tools."
"Facing issues with a report writing task due to a corrupted USB-Stick that holds sensitive medical data. The corruption might have happened due to improper ejection or malware. Despite running antivirus scans and trying data recovery, the issue remains unresolved. Currently, troubleshooting storage devices like the Western Digital Book Duo to identify the cause and potential solution. Would greatly appreciate any assistance or guidance from your team to address this matter and recover the data.","Service Desk is assisting with the issue of a corrupted USB-Stick containing sensitive medical data. We understand that you have already run antivirus scans and attempted data recovery without success. To assist you better, could you please provide details of any error messages you have received and the troubleshooting steps you have taken so far? It would be helpful if we could discuss this further over the phone. Please let us know a suitable time for your call."
I am keen on learning about data analytics tools for improving investment decisions. Could you suggest any tools or resources? I would be grateful for any advice on how to begin with data analysis for investment purposes.,"Dear customer, <br>I am delighted to assist you with information on data analytics tools for investment optimization. Tools such as Excel, Tableau, and Power BI can aid in data analysis and help you make informed investment choices. Additionally, platforms like Coursera and edX provide courses on data analysis relevant to investments. To start, I suggest identifying your specific needs and goals, then exploring the available tools and resources. If you wish to delve deeper, I can call you at a convenient time to offer more personalized guidance. Please let me know a suitable time for a call or if you have specific questions or requirements. I look forward to assisting you with your query about data analytics tools for investment optimization."
"Looking to integrate Docker 20.10 into our project management SaaS solution. Could you provide details on the integration process, necessary configurations, and compatibility requirements? I would greatly appreciate any guidance or resources to help us get started.","We appreciate your interest in integrating Docker 20.10 into your project management SaaS solution. We will assist with the integration but need more information about your current setup and specific requirements. Please provide details about your existing infrastructure so our team can review and provide the necessary guidance on configurations and compatibility requirements. If needed, we can schedule a call at <tel_num> to discuss further. Alternatively, you can reply via email to provide the requested information and move forward with the next steps."
"A variety of digital strategy solutions are available to enhance brand growth and development services. Our offerings encompass social media marketing, search engine optimization, pay-per-click advertising, and content creation. Additionally, we provide website design and development, email marketing, and analytics reporting to monitor the effectiveness of our initiatives. In order to identify the optimal strategy for your brand, we require details about your specific goals and objectives. Could you provide more information on your brand and your desired outcomes from our services? I am willing to schedule a call at a convenient time for you. Please indicate a suitable time and I will contact you at <tel_num> to discuss your digital strategy options.","We provide a diverse array of digital strategy solutions to promote brand growth and development services. These include social media marketing, search engine optimization, pay-per-click advertising, and content creation. We also supply website design and development, email marketing, and analytics reporting to assess the success of our campaigns. To tailor the best strategy for your brand, we need to know your specific goals and objectives. Please share more details about your brand and your aspirations for our services. I am available to discuss further by phone. Please suggest a time that works for you and I will contact you at <tel_num>"
"Dear Customer Support, I would like to seek assistance with integrating data analytics tools into investment software to enhance portfolio management and performance tracking. This integration would empower investors to make well-informed decisions based on real-time data and gain a deeper understanding of their portfolio's risk, asset allocation, and returns. By identifying areas for improvement, investors can refine their investment strategies. I am keen to receive your guidance and support in this endeavor and thank you in advance for your assistance.","Respected <name>, we value your interest in integrating data analytics tools with investment software. Our team is ready to offer guidance and support to optimize your portfolio management. Kindly share more information regarding your existing software and specific needs. We will arrange a call at your convenience to discuss further and explore suitable solutions. Thank you for your time and cooperation."
"Greetings Customer Support, I am contacting you to seek information on the analytics tools your organization leverages for optimizing investment portfolios for individual clients. Could you kindly share specifics about the tools and technologies utilized to analyze market movements and facilitate data-driven investment choices? I would greatly appreciate any insights provided on how these tools aid in tailoring investment plans for each investor. Thank you for your attention and assistance. I eagerly await your response.","Hello [name], thank you for your inquiry regarding our analytics tools for optimizing investment portfolios. We utilize a blend of proprietary and third-party tools to analyze market fluctuations and make informed investment decisions. I am ready to delve deeper into this topic with you. Could you please suggest a convenient time for a callback at [tel_num] so I can offer more detailed information on how we customize investment strategies for each client?"
"Facing problems with the project management tool. An error arose when trying to integrate with different software products, which has impacted the functionality. I suspect the issue is due to compatibility problems between the software versions and operating systems. Despite updating drivers and reinstalling applications, the problem continues. I would greatly appreciate your assistance in resolving this matter, as it is affecting my work. Please let me know if you need additional information or if scheduling a call at <tel_num> would be convenient to discuss known solutions and potential fixes.","<name> received your email regarding the issues with the project management application. To assist further, could you please provide details on the software versions and operating systems you are using? We would like to investigate the compatibility issues mentioned. If needed, we can schedule a call at <tel_num> to discuss the matter and explore possible solutions. Please let me know a convenient time for you. We aim to resolve the issue as soon as possible."
A team member has noted discrepancies in the data analytics. These might be due to software misconfiguration. Previous efforts to fix the issue involved restarting the analytics tool and recalibrating data inputs. We require your help to resolve this problem.,Please provide detailed assistance immediately.
"Greetings Customer Support, I am contacting you to report a slow loading issue with our website. The problem was encountered when I attempted to access the site, and it took an inordinately long time to load. Upon examination, I discovered that the problem is due to limited server resources. I have attempted to address the issue by restarting the server and clearing the cache, but the problem still persists. I would be grateful if you could look into this and offer a solution promptly. If there is additional information you require from me, please let me know. I am looking forward to your response and hope to hear from you soon. Thank you for your time and assistance. Despite my efforts to troubleshoot, the issue remains unresolved. With your help, I am confident that we can resolve this and ensure the website operates smoothly. I appreciate your attention to this matter and look forward to your response.","Hello <name>, We acknowledge your email regarding the slow loading of the website. Thank you for the detailed explanation of the issue and the troubleshooting steps you have already undertaken. Since restarting the server and clearing the cache have not resolved the issue, we need more information to investigate further. Could you please share your server configuration details and any error messages you are encountering? If necessary, I can arrange a call at <tel_num> to discuss this in more detail and provide a tailored solution. Kindly share a suitable time for the call. We will work to solve this issue and ensure the website runs smoothly as soon as possible."
I require to update my payment details for my subscription. Could you provide me with instructions on how to proceed?,"To update your payment details, please log in to your account on our website and navigate to the settings section, where you can manage billing information, or contact us at <tel_num> for assistance. We will guide you through the process using your account <acc_num>."
The connection between Discord and Moodle has unexpectedly stopped working. I have restarted the servers and reviewed the logs.,"Hello <name>, we regret to inform you that there has been an issue with the Discord Moodle integration. Could you please provide more details regarding the error message you are encountering so we can investigate this further? Additional information may be needed, and we may need to contact you for more details. If it's convenient, could we discuss this issue over the phone? You can be reached at <tel_num> if that works for you."
Could you provide details on the scalability features of your project management SaaS solution? I am particularly interested in learning how it supports large teams and projects. Are these features designed to ensure seamless scalability? Thank you for your time and assistance. I look forward to hearing from you soon.,"Dear [Name], thank you for your email regarding the project management SaaS solution. Our solution is designed to support large teams and projects, featuring automatic resource allocation and flexible workflow customization. We offer scalable storage and bandwidth to ensure seamless performance. I would be happy to discuss this further with you. Please let me know a convenient time to call at [Tel Number] to provide you with detailed information on the scalability features."
Request to improve security measures in medical data management systems within a healthcare setting to protect sensitive patient information.,"<name>, we take security of medical data very seriously and are committed to protecting sensitive patient information. We recommend enhancing security measures in medical data management systems by implementing encryption, secure access controls, and regular software updates. We would be happy to discuss and provide a customized solution for your healthcare environment. I would be available to call at your convenience to discuss the next steps. Please let me know a suitable time to reach you at <tel_num>."
"We need to ensure the security of medical data by implementing strong encryption measures across all hospital IT systems and devices. This is to guarantee the confidentiality, integrity, and availability of patient information. We propose using encryption methods like AES and SSL/TLS to secure data both in transit and at rest. Furthermore, we must establish secure authentication and access controls to prevent any unauthorized access.",We will review your request regarding the implementation of encryption for medical data security and will contact you at <tel_num> to go over the details of the implementation.
"Experienced performance problems with the project management SaaS, which integrates multiple products. This might be due to high resource demands from software such as MATLAB and AutoCAD. Tried clearing the cache, restarting devices, and reinstalling the affected software, but the issue still persists. I would greatly appreciate your assistance in resolving this matter, which is affecting my productivity. Please inform me of any additional steps I can take if there is a known solution. I am looking forward to your response soon.","Acknowledging the performance issues with the project management SaaS. Appreciate the troubleshooting steps you have already taken. To assist you further, could you please provide details of your system configuration and any exact error messages you are experiencing? This will help us investigate the issue and provide a suitable solution. If needed, we can schedule a call at your convenience to discuss the matter further. Please let me know a suitable time for the call at <tel_num>."
Is there detailed information on the data analytics features in Smart-Tracker that could optimize investments? I am keen to learn about the tools and insights that can assist in making informed decisions. Thank you for your time and assistance. I look forward to hearing back soon.,<name> would be happy to provide information on Smart Tracker's data analytics features that optimize investments. The tool offers various insights and portfolio tracking capabilities to help make informed decisions. Contact <tel_num> to discuss and answer any questions you may have regarding Smart Tracker's features and benefits.
I am seeking data analytics tools to optimize my investment portfolios for achieving high returns. Could you recommend any tools or services that could assist me in this endeavor?,"We provide data analytics tools for optimizing investment portfolios. I can recommend some options, but please provide more details about your requirements for a tailored suggestion."
Request to implement enhanced security measures for the handling of medical data in hospital systems. Ensure compliance with relevant regulations to protect sensitive patient information. Consider it essential for maintaining trust and preventing data breaches.,Review and implement enhanced security measures for medical data handling to ensure compliance and protect sensitive patient information.
"The investment analysis dashboard encountered a crash, leading to the loss of data. It has also frozen and become unresponsive. Potential reasons for this issue may involve an overloaded PostgreSQL database. I have already attempted to restart Nuendo and checked the KVM-Switch, but the problem continues. I would greatly appreciate your help in addressing this concern and recovering my lost data.",I am examining the issue with your investment dashboard and suspect a possible overload on the PostgreSQL database. I will reach out to you at <tel_num> to discuss the next steps for resolving the issue and recovering your lost data. Could you please provide a suitable time for me to contact you?
"Seeking advice on securing medical data within a Ubiquiti UniFi Dream Machine setup in a hospital environment. Would appreciate guidance on configuring the system to ensure the security and integrity of sensitive medical information. Recommendations on best practices for implementing robust security measures to protect against potential threats would be greatly appreciated. Additionally, would like to know about specific features and settings that can be configured to ensure compliance with relevant regulations and standards.","For securing medical data on a Ubiquiti UniFi Dream Machine, it is recommended to configure WPA2 encryption and implement a strong firewall policy. This will help ensure compliance with relevant regulations and standards. I am happy to discuss this further and provide detailed guidance at your convenient time."
"Reporting intermittent performance issues on the SaaS platform while accessing project files. The issue might be related to insufficient RAM or network instability, especially with NAS wireless connections. Despite restarting networking equipment and optimizing storage settings, the problem persists. I would greatly appreciate assistance in troubleshooting and resolving this issue to ensure seamless access to project files. Please let me know the next steps to resolve this matter.","To assist with troubleshooting the performance issues on the SaaS platform, please provide details on your network setup and any error messages you are receiving. You can also contact us at <tel_num> for further discussion."
Incorrect invoices have been issued to clients because of erroneous data input. I have reviewed the client profiles and examined the invoice templates.,"Dear <name>, we are investigating the discrepancy with the erroneous invoices issued to clients due to incorrect data input. Your verification of client profiles and review of invoice templates is helpful. To proceed, could you provide information about the specific invoices and clients involved? Alternatively, we can discuss this further at your convenience by calling at <tel_num>."
"Respected Customer Support Team, I am contacting you about a problem that has arisen with my subscription. There have been inexplicable charges on my account, which I suspect may be due to a potential issue with the billing system. After examining my account details and recent invoices, I have found no errors, but the problem still remains. I would be very grateful if you could thoroughly investigate the situation and offer a solution at your earliest convenience. Please notify me if you require any further details to help with this process. I trust your support will enable a swift resolution. I am eager to hear from you soon. Kind regards, [Your Name]","Honorable <name>, I am examining the unplanned charges against your subscription account <acc_num> as you have described. To assist you better, could you please specify the date and amount of the unexpected charges? Also, if you have any pertinent invoices or receipts, please forward them. I may need to contact you at <tel_num> to discuss this further; are you available to talk at a suitable time? I will strive to address this matter as quickly and effectively as possible. Please inform me if any additional information is required from you."
Is it possible to get details on data analytics services that can optimize investments? Thank you.,"Dear [Name], we appreciate your interest in our data analytics services for optimizing investments. Our team offers tailored solutions to help clients make informed decisions. For further discussion, please contact us at [Tel Num]."
In need of assistance,"Certainly, we can assist you in crafting a digital strategy to enhance brand growth. Let's explore your goals and budget to form a customized plan that aligns with your requirements. Please share more information about your brand and your desired outcomes."
"I am contacting you to seek information about data analytics tools that are compatible with QuickBooks Online to enhance investment optimization. I currently use QuickBooks for my business accounting and wish to elevate my investment strategy. Could you kindly provide a list of compatible tools and a brief description of each? Furthermore, I would appreciate any guidance on how to start integrating these tools and optimizing my investments. Also, I would like to know about any specific system requirements or limitations associated with these tools. I am eagerly awaiting your response and am open to discussing the possibilities of investment optimization with QuickBooks Online. Thank you for your support.","Certainly, I would be glad to assist you in finding data analytics tools that integrate with QuickBooks Online for investment optimization. Our platform supports multiple compatible tools for this purpose. However, to give you a more tailored recommendation, it would be helpful to know more about your current setup and specific needs. Would it be possible for us to schedule a call at a time convenient for you to discuss this further and explore the best options for investment optimization with QuickBooks Online?"
"Customer Support, I am inquiring about data analytics services that could optimize investment strategies. Could you provide details on the types of services you offer to assist in making informed investment decisions? I am particularly interested in understanding your approach to data analysis and how it can help clients achieve their investment goals. Additionally, I would appreciate information on the cost and implementation process for your services. I look forward to hearing back from you regarding the services that could help optimize my investments.",We can provide information on our data analytics services. Please allow us to contact you at <tel_num> to discuss further.
"I am encountering difficulties with the data visualization function. Particularly, the investment trends are not showing up. I have already restarted my device and verified if there were any updates, but the issue still exists. I believe the problem could be related to outdated software or incorrect settings. Could you please help resolve this matter? Your advice or troubleshooting steps would be greatly appreciated. Please inform me if you require additional details from me.",I can help you with the data visualization issue. Could you please share your account number and the version of the software you are using? I will guide you through the troubleshooting steps or provide an update as needed to address the problem with the investment trends display.
Could you recommend data analytics tools for investment optimization that are compatible with macOS Monterey? These tools should aid in making well-informed investment choices. Please list any tools that you think are suitable for this purpose.,"Dear <name>, we provide a range of data analytics tools for investment optimization on macOS Monterey. Our available options include spreadsheets, statistical software, and specialized investment apps. To offer a more personalized solution, could you please share more details about your specific investment requirements and objectives? I'm keen to discuss this further with you and would appreciate it if you could suggest a suitable time for a call at <tel_num> regarding your <acc_num>. Looking forward to your response."
The company encountered delays in data processing for investment analytics reports due to a software update.,"We apologize for the delay in data processing. Please provide details about the software update, and we will look into resolving the issue as soon as possible."
Discrepancies in billing have been identified,"Dear [name], I am writing to acknowledge the issue regarding medical data security and the billing discrepancies found. To better understand the situation, could you please provide details of the discrepancies and relevant account information, [acc_num]? This will assist in our investigation. Additionally, a call at your convenience on [tel_num] would be helpful to discuss the matter further. Please let me know a suitable time for the call."
The analytics dashboard on the website is not showing any data.,"Hello <name>,

We have received your email concerning the issue with the analytics dashboard on your website not displaying data. We apologize for any inconvenience this has caused and are here to help resolve the matter. Could you please provide more details about the specific dashboard and the time frame that is affected? Also, could you confirm your account number <acc_num> so we can investigate further? If necessary, we can schedule a call at a convenient time for a more detailed discussion. Please let us know a suitable time to contact you at <tel_num>. We will aim to provide a timely resolution to this issue.

Thank you."
"Hello Customer Support, I am contacting you to request an urgent update of the marketing campaign for Smart-Rauchmelder on Android and macOS. The current campaign is not effectively targeting our intended audience, and we need to adjust it to enhance its effectiveness. Could you please inform me about the procedures required to update the campaign? I would greatly appreciate a quick response to this issue.","Hello <name>, we have noted your request to update the marketing campaign for Smart-Rauchmelder on Android and macOS. In order to proceed with the update, we need further details on the changes you intend to make. Could you please provide specific information on the modifications you wish to implement? I will then guide you through the subsequent steps for updating the campaign effectively. If you prefer, we can schedule a call at your convenience to discuss this further."
"The home page of the website has started to malfunction unexpectedly. It might be due to a plugin that is out of date or a coding mistake. I have restarted the server and reviewed the logs, but the problem still exists. I would really appreciate your help to fix this.",I will look into the issue with the website's home page. Could you please share the website URL and more specifics about the error for better assistance?
"Hello Customer Support, I am inquiring about the data analytics services you offer, particularly those that can help optimize investment strategies. Could you provide information on the tools and techniques available for analyzing market trends and predicting investment outcomes? I am interested in learning more about your services to assist me in making informed investment decisions. Additionally, I would appreciate any information you can provide on the costs associated with your services, along with any case studies or testimonials from previous clients. Thank you for your time and assistance. I look forward to your response.","Dear [Name], thank you for your inquiry regarding our data analytics services. We use advanced tools and techniques to analyze market trends and predict investment outcomes. We would be happy to discuss the costs and provide case studies. We are available to call you at [Tel Num], or you can choose a later time that is convenient for you."
Regular crashes are experienced while updating projects on ClickUp using a MacBook Air.,Immediate information needed
An unauthorized access attempt was detected on our hospital systems due to outdated software vulnerabilities. We have since updated the software and ensured that the firewalls are properly configured.,We appreciate the update and the steps taken to prevent future occurrences. Please let us know if you need any further assistance regarding the systems security issue.
The application tends to crash during peak hours because of high server load.,"<name> apologizes for the issues you are experiencing with the application crashing during peak hours due to high server load. To better assist, we need the error message and the steps you took before the application crashed. Please provide us with these details so we can investigate further. If you prefer, we can discuss the issue over the phone. Please let us know a convenient time to call at <tel_num>. We are happy to assist with this matter."
"Dear Customer Support, I am writing to inform you of an unexpected data breach related to my medical information. It seems the issue might be due to an outdated CPU cooler causing a system failure. After investigating, I restarted the WLAN router and updated PyTorch, but the problem still persists. It is essential to address this urgently as it involves sensitive medical data. I would greatly appreciate your immediate assistance in investigating and resolving this. Could you provide guidance on the next steps and any preventive measures to avoid similar incidents in the future? Your support is highly valued, and I look forward to your prompt response. Please let me know if you need any additional information to proceed. Kindly respond as soon as possible. Best regards, [Your Name]","Dear [Your Name], we take the reported medical data breach very seriously and thank you for bringing this to our attention. To aid in the investigation, could you provide more details about the system failure and the outdated CPU cooler? We will arrange a call at [tel_num] to discuss further steps and preventive measures. Please let us know a convenient time for you to take the call."
"Hello Customer Support, I am contacting you to seek information on the SaaS project management functionalities that facilitate integration with SAP ERP Central Component 6.0. Our organization is currently utilizing SAP ERP Central Component 6.0 and we are interested in integrating it with a SaaS project management system. Could you kindly furnish me with a list of features that support this integration? Moreover, I would appreciate any available documentation or guides related to setting up this integration. Additionally, I would like to know about any specific prerequisites or constraints that I should be aware of when integrating SAP ERP Central Component 6.0 with your SaaS project management solution. I look forward to your prompt response and assistance. I am eager to hear from you soon. If you require any additional information from my side, please let me know.","Hello <name>, thank you for contacting our support team concerning the integration of SAP ERP Central Component 6.0 with your SaaS project management tool. We can offer you a list of features and relevant documentation to assist with this integration. To better accommodate your needs, could you please provide more details about your current setup and which specific integration features you are interested in? I also plan to arrange a call with you to discuss further; please let me know a convenient time for you."
"The investment optimization tool used by the financial firm accurately processes data analytics. The problem might have arisen due to a recent software update configuration issue. Steps such as restarting affected applications and verifying network connectivity via the VPN-router have been taken, but the issue persists. Your prompt assistance in resolving this issue would be greatly appreciated to minimize any potential losses.","We apologize for the issue you are experiencing with the financial tool's processing of data analytics. We understand the urgency of the matter and appreciate the troubleshooting steps you have already taken. We would like to investigate the issue in more detail. Could you please provide us with information regarding the recent software update and configuration changes made? Additionally, knowing the exact error message you are receiving would be very helpful. We will schedule a call at your convenience to discuss the issue further."
"Hello Support Team, I hope this message finds you well. I am experiencing difficulties with the project dashboard not loading. I suspect a potential MySQL database connection problem. Having already restarted the server and reviewed the Ruby on Rails logs for any errors, the issue still exists. I would be very grateful if you could provide guidance on how to resolve this. Please instruct me on any further actions I should take or any additional details you might need to investigate the problem. Your assistance is greatly appreciated. Kind regards.","Hello, I understand the challenge you're encountering with the project dashboard not loading. We appreciate the troubleshooting steps you've already performed. For better assistance, could you share the precise error message from the Ruby on Rails logs? Additionally, could you provide your account number <acc_num> and I might need to contact you at <tel_num> for a detailed discussion."
"Customer Support, we are inquiring about optimizing brand growth through the use of digital strategies and tech products. We would appreciate insights on how to effectively leverage your services to increase our online presence and reach a wider audience. We are interested in learning about a tailored approach that can meet our specific needs. Thank you for your time and assistance. We look forward to hearing back from you soon. Your guidance is invaluable in helping us make informed decisions for our digital marketing efforts.","<name>, thank you for reaching out. We would be happy to help optimize your brand growth. Our team can provide a tailored approach to increase your online presence. Please contact <tel_num> to discuss any questions you may have. Let us know a convenient time to call."
We have noticed some inconsistencies in the data displayed on the investment analytics dashboard.,Could you please furnish detailed information to assist in the investigation of these discrepancies?
"Hi there, we're reaching out to the customer support team for detailed guidance on integrating SendGrid into our project management SaaS. Our goal is to enhance our communication capabilities by utilizing SendGrid's email services. Could you provide step-by-step instructions and point us in the direction of relevant resources? We would greatly appreciate information on setup, configuration, and troubleshooting. We look forward to hearing back from you to help us successfully integrate the SendGrid platform.","Thank you for your interest in integrating the SendGrid SaaS project management platform. For detailed guidance, please visit our website's resources section to find step-by-step instructions and documentation for setup, configuration, and troubleshooting. If you require additional assistance, please let us know a convenient time to call at <tel_num> for a discussion. Alternatively, you can contact us using <acc_num> for priority support. We look forward to helping you successfully integrate the SendGrid platform."
"Seeking details on future enhancements for the project management SaaS platform. Would appreciate if you could share information on the new features that are planned and expected to be released. Specifically, I am interested in learning about any improvements to the user interface, reporting capabilities, and integration tools. This information would be very helpful in planning and making decisions regarding the use of the platform.","Thank you for your inquiry, <name>. Our team is currently working on several updates. For a detailed email on planned features and release dates, it would be preferable to schedule a call at <tel_num> to discuss further."
Need help in enhancing the optimization of investment tracking.,I am here to assist with optimizing your investment tracking. Could you please share more information about your current tools and your specific requirements?
Is there information available on the practices healthcare providers use to secure medical data?,"Please provide information on securing medical data practices for healthcare providers. If you prefer, we can discuss this further at your convenience."
"I am writing to request a billing adjustment for marketing services related to digital strategies and brand growth initiatives. The services provided did not meet our expectations, and we believe an adjustment is necessary. We would greatly appreciate it if you could review our account and make the necessary adjustments as soon as possible. Please let us know if there is any additional information you need to facilitate this request.","We will review account number <acc_num>, assess the marketing services provided, and determine if a billing adjustment is warranted. Please allow us to investigate and we will get back to you soon with an update."
Seeking pricing details,"I am able to furnish you with the information on Azure SQL pricing plans. You may visit our website, or I can arrange a call to go over the details."
"Respected customer support, I am contacting you to ask about analytics tools that work with QuickBooks Online to optimize my investments. I need your help to know which tools are available that assist in making data-driven decisions and enhancing my business's financial performance. Specifically, I am interested in tools that can offer insights into cash flow, revenue, and expense management. Can you please provide me with a list of compatible analytics tools along with their features? I would be grateful for any advice or recommendations you can give. Thank you for your time and help. I am looking forward to your response soon.",I will look into compatible analytics tools for QuickBooks Online and get in touch with you at your preferred time to go over the options and features.
"Dear Customer Support, I am contacting you to report an issue with our digital marketing campaigns. The campaigns have not been able to launch, and we believe that there may be technical issues with the integrations. Despite attempting to restart the systems and checking the connections, the problem continues. We would be grateful if you could investigate this and provide a resolution as quickly as possible. Please inform us if you require any further details from our side. We are eagerly awaiting your response. Warm regards, [Your Name]",I will examine the issue with your digital marketing campaigns and will call you at <tel_num> for further discussion and to find a resolution.
"Hello Customer Support, I hope this message finds you well. I am writing to seek advice on the security measures that should be employed to safeguard medical data on our hospital's network. As we handle crucial patient information, we are committed to ensuring its protection against unauthorized access. Could you kindly share some best practices for securing medical data? We would greatly appreciate any recommendations you can provide. Thank you for your assistance. Sincerely, [Your Name]","Dear [Your Name], we value your interest in securing medical data on your hospital's network. We recommend implementing encryption, access controls, and regular backups. Additionally, we suggest conducting a security audit to identify potential vulnerabilities. For more specific guidance, I would like to discuss this further with you. Would you be available for a call at your convenience to discuss the best practices for securing medical data on your network?"
"A security breach has been detected in the hospital's systems, potentially compromising the integrity of medical data. This may have occurred due to outdated software components. Although we have attempted to update the systems to enforce stricter access controls, persistent unauthorized access remains. We kindly request immediate assistance to resolve this critical issue and prevent further breaches.",Send a specialist to assess and rectify the issue immediately.
"Facing frequent software crashes across various products, even after reinstallation and compatibility tweaks.","Dear [name], we're sorry to hear you're experiencing software crashes with multiple products despite recent reinstallation and compatibility adjustments. We would like to investigate and provide a solution. Could you please provide specific details about the products and any error messages you receive during the crashes? To schedule a call at a time that suits you best, please let us know a convenient time to contact you at [tel_num]."
"Hello, we are in need of some guidance on optimizing the use of MongoDB 4.4 for our marketing analytics. Our team stores and analyzes large volumes of customer data, and we believe there are ways to enhance our workflow and gain deeper insights from the data. Could you provide some recommendations on how to best utilize MongoDB's features, such as indexing and aggregation, to improve query performance and our data analysis capabilities? We are particularly interested in learning about best practices for data modeling and schema design in MongoDB.","Thank you for your email regarding the optimization of MongoDB 4.4 for marketing analytics. To improve query performance and data analysis capabilities, I recommend reviewing your current indexing strategy to ensure that proper indexing is applied to frequently queried fields. Additionally, using MongoDB's aggregation framework can help simplify complex queries and improve performance. Proper data modeling and schema design are essential, as they ensure efficient data retrieval and overall system performance."
"Hello team, I am contacting you to gather more information on data analytics tools that can be integrated with Drupal for the purpose of investment optimization. I am keen on finding tools that will aid in making informed, data-driven investment decisions. Would you mind providing me with some recommendations or directing me to relevant resources where I can gain more knowledge on this subject? Your support and guidance would be greatly appreciated. Thank you for your attention and help. Regards","Dear [Name], thank you for reaching out to us, we are grateful for your interest in data analytics tools compatible with Drupal for investment optimization. We recommend tools like Google Analytics, along with Drupal modules such as Drupal Google Analytics and Webform. For further information and assistance, I am available to discuss this with you in more detail. Please let me know a convenient time for a call, and I would be delighted to assist you. You can also explore our website for additional resources and support. Best regards"
"Hello support team, I am contacting you to report several unanticipated crashes that happened simultaneously yesterday. It is possible these crashes are due to compatibility problems with the latest macOS update. Despite restarting my devices and updating my drivers, I have not managed to resolve the issue. Could you please offer any help or advice? It would be greatly appreciated. Please inform me if there are any further actions I need to perform or if you require additional data from me.","Greetings <name>, we appreciate your communication regarding the software crash you encountered. We regret hearing that the crashes happened unexpectedly and that your attempts to restart and update your drivers were unsuccessful. To assist you effectively, we need more information. Please could you provide us with specifics about the software that experienced crashes and the precise error messages you received. Could you also confirm which version of macOS you are currently using and when you last installed the update? This will aid us in diagnosing the problem and providing a suitable solution. If necessary, we can arrange a call at a convenient time. Please let us know a suitable time to get in touch at <tel_num>. We value your patience and look forward to resolving this issue for you."
I am inquiring about the installation of a new data visualization tool to boost our investment analytics. The tool should offer interactive and dynamic visualizations to assist investors in making educated choices.,Your request for a new data visualization tool to improve investment analytics has been noted. I will review it and discuss it with our development team. Please contact me at <tel_num> so we can gather further details regarding your needs.
"Customer Support,<br>The marketing strategies are currently facing an issue with brand growth having come to a complete stop, which has led to a decline in engagement. This may be due to the ineffectiveness of the digital channels and content used. Attempts at A/B testing and re-targeting have shown minimal improvement. The team is looking for assistance in revamping and optimizing the marketing approach to better reach the target audience and drive meaningful engagement.","Customer,<br>My name is <name>, and I am here to assist with your marketing strategies concern. I understand that the current marketing strategies have resulted in brand growth stalling, leading to reduced engagement. Already, attempts have been made with A/B testing and re-targeting, but they have shown minimal improvement. To better assist you, could you please provide information on the current digital channels and content being used, as well as your target audience and desired engagement goals? This will help us provide a tailored solution. It would be convenient to schedule a call to discuss this further."
Request update on digital marketing strategies to enhance brand visibility and drive business growth through online channels.,"<name>, thank you for reaching out about digital marketing strategies. I would be happy to help enhance brand visibility and drive business growth. To better understand your requirements, could you please provide information on your current strategies and goals? We can schedule a call at your convenience to discuss and provide a customized solution for your business. You can reach me at <tel_num> to arrange a suitable time."
Which analytics tools can enhance the optimization of investment portfolios for financial firms?,"We provide several analytics tools to optimize investment portfolios for financial firms, such as portfolio management software and risk analysis platforms. These tools offer real-time data and insights to assist firms in making informed investment decisions. To learn more, I propose we schedule a call at your convenience to discuss your specific needs and requirements."
The medical scanner stopped working because its firmware was outdated. I attempted to restart it and check the connections.,"Dear <name>, we regret the inconvenience you experienced due to the malfunction of the medical scanner. To fix this, we suggest updating the firmware to the latest version. If you require help with the update, please contact us at <tel_num> and we can arrange a call to guide you through it."
"The financial analytics software has been experiencing slow performance during peak processing times. This could be due to insufficient hardware resources or software conflicts. Despite attempts to optimize settings and clear cache, the issue remains unresolved. We request your prompt assistance to address this matter.","We will investigate the technical issue with the financial analytics software. Please provide details on the hardware resources and software configuration, especially during peak hours, and any optimization steps you have already taken. You can contact us at <tel_num> for further discussion."
I am contacting you to seek insights into the digital strategies that enhance brand growth for marketing agency clients. Could you offer some examples or details about successful campaigns you have executed? Any information you can share would be greatly appreciated.,"Dear <name>, I'm grateful for your interest in digital strategies that boost brand growth for marketing agency clients. Our team has devised and executed successful campaigns that have led to substantial brand growth for our clients. Key strategies include social media marketing, search engine optimization, and targeted advertising. I would be pleased to give you more specific examples and details. To tailor my response to your needs, could you please provide more information about your current marketing goals and objectives? Alternatively, I can arrange a call at a convenient time to discuss this further. Please let me know your preference."
"Customer support, requesting an update on marketing strategies. We need to leverage digital tools to enhance brand visibility and drive growth across our products. Assistance in reaching a wider audience and increasing sales is needed.",Received the request to update marketing strategies. Please review and contact us at <tel_num> to discuss the details and explore options for the implementation of digital tools.
"Hello Customer Support, I am contacting you to address an issue we are facing with accessing our medical data, which seems to be related to network difficulties. Our system recently received updates, and we have also encountered hardware failures. Consequently, our team is currently unable to access essential medical data. We have attempted various troubleshooting steps, including rebooting the servers, verifying configurations, and updating the antivirus software, yet the issue remains unresolved. I kindly request you to investigate this matter promptly and offer a solution to recover access to the medical data. Please inform me if any additional details from our side are necessary to expedite the resolution. Thank you for your swift action on this matter.","Dear <name>, thank you for bringing to our attention the issue you are having with accessing medical data due to network problems. We apologize for any inconvenience this has caused. Could you please provide us with the specific error messages you are encountering and the details of the software updates that were implemented recently? This information will help us better understand and address the issue. If necessary, I will arrange a call with you at <tel_num> to discuss this further and find a solution to restore access to the medical data for your team using <acc_num>."
"Hello Customer Support, I am contacting you to address an unexpected inconsistency in my digital campaign metrics. This could be caused by an integration error. After attempting to reset my QuickBooks and Mailchimp links, the issue remains unresolved. Could you please investigate and offer a resolution? Additionally, if there is any extra information you need from me to help solve this, please let me know. Thank you for your time and help. I am looking forward to your response.","Thank you, <name>, for reaching out to us regarding the inconsistency in your digital campaign metrics. We apologize for the inconvenience you are experiencing despite your efforts to reset your QuickBooks and Mailchimp connections. To better understand and resolve this issue, could you provide more details on the specific metrics that are affected and any error messages you have encountered? We would also like to schedule a call with you at your earliest convenience. Would you be available for a call at <tel_num>, or do you prefer another time?"
Seeking advice on data security measures for a hospital's Linux and Alteryx environment. Could offer some general guidance on this matter?,"Can provide general guidance on data security for Linux and Alteryx. For specific recommendations, please provide more details about your current setup and concerns. I am happy to discuss and offer tailored advice at a time convenient for you."
"Hello, I am inquiring about the pricing tiers and billing options for the SaaS project management tool. Could you provide details on the different plans and their corresponding features? It would be greatly appreciated if you could explain the billing process and any discounts that may be available for long-term commitments. This information will help me make an informed decision on whether to use the tool for our project management needs.","Thank you for your inquiry regarding our SaaS project management tool. We offer several pricing tiers that vary in features to suit different needs. The plans include basic, premium, and enterprise options, which include features such as task management, team collaboration, and reporting. We provide both monthly and annual billing options, and discounts are available for long-term commitments. I would be happy to provide detailed information to answer any questions you may have. We are available for a call at your convenience."
Could you suggest security measures for safeguarding medical data stored on USB drives? Are there any specific encryption techniques or applications that should be employed to ensure the confidentiality of patient data?,"To ensure the safety of medical data on USB drives, we recommend using encryption methods such as AES 256-bit encryption. We also advise the use of reputable encryption software like BitLocker or VeraCrypt. It's crucial to use strong passwords and to keep the USB drives secure when not in use. Additionally, implementing two-factor authentication can provide an extra layer of security. If you require additional assistance or guidance on these protocols, please let us know, and we can arrange a call to discuss further at a convenient time."
"Dear Customer Support,

I am contacting you to report an issue with the software integration. The integration did not succeed, and I believe it could be due to incompatible updates. Despite my efforts to restart the systems and update the drivers, the problem still exists.

The issue arose when I attempted to integrate the software with our existing system. I followed all the instructions and guidelines, but unfortunately, it did not work as intended. I have attempted to resolve the issue by restarting the systems, updating the drivers, and investigating potential compatibility issues, but none of these steps have resolved the problem.

I would greatly appreciate your assistance in addressing this matter. Please provide me with guidance or a solution on how to resolve this issue. If you require any additional information from me to help investigate, please let me know.

Thank you for your time and support. I look forward to your response.

Best regards,
[Your Name]",We are sorry to hear about the software integration issue you are encountering and thank you for informing us. We will look into this and work to provide a resolution as quickly as possible. Could you please share the error message you received and the steps you took before the issue arose? This information will assist us in understanding the problem better and provide a more effective solution. We will be contacting you soon to address this issue.
"The investment analysis tool has encountered issues with data processing, leading to delays. The problem might be related to compatibility issues with Perl 5.32 and Simulink. After attempts to update the software and restart, the issue still persists.","Please investigate the compatibility issue with Perl 5.32 and Simulink. Additionally, could you provide the error message for further analysis?"
"Inquiring about Customer Support for healthcare data security solutions services offered by hospitals. Would appreciate details on the types of services provided, including data encryption, network security, and compliance management. Additionally, could provide relevant case studies and testimonials from working with hospitals. Also, interested in pricing and the implementation process. Looking forward to hearing back soon.","Thank you for reaching out to the Service Desk regarding Healthcare Data Security Solutions. We offer a range of healthcare data security solutions and services specifically tailored for hospitals, including data encryption, network security, and compliance management. Our team has extensive experience working with hospitals and would be happy to provide case studies and testimonials upon request. For detailed information on pricing and the implementation process, please let us know the specific services you are interested in."
"Facing problems with the dashboard not syncing data correctly. This might have happened due to recent software updates or API changes. Tried restarting and reauthorizing connections, but it didn't work.","Received an email about the issues with the digital marketing dashboard not syncing data correctly. I would like to investigate further. Could you please provide details on the recent software updates or API changes made, and we can schedule a call to discuss possible solutions at your earliest convenience?"
"Hello Customer Support, I am contacting you to address an issue I am facing with the encryption of my health data on my iMac. The encryption has failed and I am worried about the security of my personal medical data. Upon investigating, I believe the problem may be due to my older Norton Antivirus software. Despite updating the software and restarting my iMac, the issue has not been resolved. I would be very grateful if you could give me some instructions on how to fix it. If you require any more information or further steps to diagnose the problem, please let me know. I am here to provide any necessary details or respond to your queries. I am looking forward to your response. Kind regards, [Your Name]","Greeting [name], I apologize for the challenges you are encountering with the encryption of your health data on your iMac. Understanding the importance of securing your sensitive medical information, we need a bit more information to assist you effectively. Could you please share the version of your Norton Antivirus software and the specific error message you receive during the encryption process? Also, have you attempted to uninstall and then reinstall the software, or check for any potential conflicts with other applications? To better address the issue, would it be possible to arrange a call at your convenience at <tel_num>? I will work to ensure the security of your medical data and provide you with a quick solution. Please feel free to share any additional details that might help resolve this issue."
I require strategies to enhance brand expansion for multiple products. Could you offer some guidance?,I can offer guidance on enhancing brand expansion for multiple products online. Please provide more details about your products and your current online presence. I would be glad to assist you further.
"Hello customer support, I am contacting you to learn about digital strategies that can enhance the growth of my listed products. I am interested in understanding the best methods to boost brand visibility and attract a broader audience. Could you offer me more details on this subject? I am eager to receive your guidance and explore ways to enhance my brand's online presence. Thanks for your support and I look forward to your response. I appreciate your help and hope to hear from you soon.","Hello customer, we can assist you with digital strategies to enhance brand growth. For better understanding, could you share more details about your current online presence? Please provide a convenient time to call you at <tel_num> to discuss further and provide effective ways to increase brand visibility."
"To Whom It May Concern,

I am reporting an issue with multiple integrations that abruptly failed. This issue began when our server faced an overload, leading to synchronization problems between various services.

Despite our efforts to troubleshoot, including service restarts, log checks, and configuration verifications, the problem remains unresolved. We are still unable to synchronize data properly.

Could you please look into this and provide a solution? I can offer further details or respond to any queries you might have.

Thank you for your swift response.
Best regards,
[Your Name]","Dear [Your Name], we are investigating the server overload issue that is causing multiple integration failures. To assist better, could you please supply the account number and detailed error messages you are encountering? I may need to call you for further information; please be available at [Tel Number] for a call at your convenience. We will work to resolve this issue promptly."
I require details on the system prerequisites for a smooth connection between QuickBooks Online and Xero. Could you furnish me with the required information?,"Hello <name>, thank you for contacting our support team. To facilitate a smooth integration with QuickBooks Online and Xero, we can provide you with the necessary system requirements. For QuickBooks Online, ensure your computer meets the basic need of having 2GB of RAM and a steady internet connection. For Xero, make sure your device supports a compatible browser and has a reliable internet connection. If you need more detailed information or wish to schedule a call for further discussion, please let us know."
"Respected Customer Support, I am writing to seek information regarding the data analytics services that Smart-Waage provides. Specifically, I am keen to learn how the platform aids in the analysis and visualization of data, and if it includes machine learning functionalities. Please could you furnish me with detailed information on these aspects? Additionally, I would be grateful if you could provide examples or case studies of businesses that have effectively utilized Smart-Waage for their data analytics needs. I am looking forward to your response.","Hello <name>, we thank you for your query on Smart-Waage data analytics features. Our services include data analysis and visualization, as well as machine learning. Please, let's schedule a call at <tel_num> to delve deeper into this and share relevant case studies. When would it be convenient for you to take this call?"
I am inquiring about the solutions and measures to secure medical data in hospital systems. Could you provide specific details on the steps we can take to protect sensitive information and prevent cyber threats? I would greatly appreciate any information you can provide on this topic.,"I will provide general information on security measures to protect medical data in hospital systems, such as encryption, firewalls, and access controls. If you would like more detailed information, we can schedule a call at a convenient time to discuss further."
I would like to know the pricing and features for the Projektor and Blackboard Learn products. Could you please provide detailed information?,"Thank you for your email regarding pricing information for our products. We would be happy to provide detailed information about the Projektor and Blackboard Learn products. The pricing varies based on the specific features and services required, as well as the size and type of organization. To provide you with accurate information, could you please tell us a bit more about your needs for the products? Alternatively, you can call us for convenience to discuss your requirements and we can provide a personalized quote. I would be available to call you at <tel_num>."
"Hello Customer Support, I am writing to inquire about data analytics tools that can be used with Figma for investment optimization. I am keen to learn about how these tools can aid in making data-driven decisions and enhancing my investment strategy. Could you kindly furnish me with recommendations for tools that integrate with Figma and offer features like data visualization, predictive analytics, and portfolio optimization? Additionally, I would greatly appreciate any details you could provide regarding the pricing and implementation process for these tools. Thank you for your time and assistance. I look forward to your response and await your prompt attention to this matter.","Hello [name], we appreciate your inquiry about data analytics tools that integrate with Figma for investment optimization. We currently offer several tools that include data visualization, predictive analytics, and portfolio optimization features. Some of the recommended tools are [tool_name] and [tool_name], which provide advanced analytics and integration with Figma. These tools can contribute to making data-driven decisions and improving your investment strategy. Concerning pricing and implementation, our team would be delighted to discuss these details further with you. Could you please specify a convenient time for a call so we can discuss your specific needs and provide you with more detailed information about the tools and their pricing? Alternatively, you can contact us at [tel_num] or reply to this email with your availability, and we will arrange a call at your earliest convenience."
"Customer support, we are seeking guidance on securing medical data using the Smart-Waage Memrise facility. Could you provide us with the practices and protocols to ensure the confidentiality of patient data? We would greatly appreciate any resources that could help us implement a secure system.","Dear [Name], thank you for reaching out to our support team. We will provide you with the practices and protocols for securing medical data using the Smart-Waage Memrise facility. Please allow us to review your request and we will contact you at [Tel_num] to discuss and provide the necessary guidance to ensure the confidentiality of patient data."
Seeking details on securing medical data using AWS hospital systems to ensure HIPAA compliance and protect sensitive patient information.,"Supply information on securing medical data using AWS, including HIPAA compliance measures such as encryption and access controls. Please inform a suitable time for a detailed discussion on hospital systems."
"During a recent video conference, I encountered difficulties with my StreamCam. It seems the camera's performance was compromised, likely due to obsolete drivers. Despite restarting the camera and updating the software, the problem still exists. I am eager for your support in addressing this and guaranteeing smooth operation of my StreamCam for upcoming sessions. Kindly inform me of any further measures I can undertake or if a new camera is required.",I will provide you the necessary assistance for your StreamCam. Could you please share your operating system and camera model for more precise troubleshooting? I will contact you at a suitable time to resolve this issue.
"Dear Customer Support, I am contacting you to address an issue with the campaign metrics. The details are as follows: Inconsistent campaign metrics with evident data discrepancies in the reports, which are a result of integration challenges with the Oracle Database. I've attempted to resolve the issue by restarting Zapier and adjusting Grammarly settings, but the problem remains unresolved. I kindly request you to investigate this matter and provide a solution at the earliest. Please inform me if you need further information from my side. I look forward to your response. Thank you for your time and help. Sincerely, [Your Name]",The issue has been reported and is currently being investigated.
The tools have experienced a crash.,"Dear <name>, we regret the issues you've encountered with our tools crashing. Could you share any additional details, like the specific error message and the actions you performed prior to the crash? This information will aid us in addressing and fixing the problem quickly. We will contact you shortly to offer further assistance."
The models delivered inaccurate predictions. Likely due to insufficient data integration. Restarted Hadoop and verified the data origins.,"Dear <name>, I am responding to your email regarding the failure of investment forecasts today. I appreciate your swift actions of restarting Hadoop and validating the data sources. It seems that the models provided inaccurate forecasts possibly due to insufficient data integration. I would like to delve deeper into this and assist in finding a solution. Could you please share more details about the data sources you examined and the specific models that were unsuccessful? This information will aid me in understanding the issue better and proposing a more effective resolution. If needed, I can arrange a call to discuss this further at your convenience. Please let me know suitable times for you."
"Our data analytics tool is generating inconsistent investment forecasts. Recent software updates may be causing data integration issues. We have restarted the application and checked the data sources, but the errors and issues still persist. Assistance is needed to resolve this issue.",Please review the issue with your data analytics tool and contact us at <tel_num> to discuss scheduling a troubleshooting session to resolve the inconsistent investment forecasts issue. Your account number is <acc_num>.
"The analysis tool is generating inconsistent forecasts. The team has reviewed recent data and attempted to recalibrate the models, but without success. We need assistance to resolve this issue.","The Service Desk under <name> is here to help with the issue regarding the analysis tool producing inconsistent forecasts. We understand that the team has reviewed recent data and attempted to recalibrate the models, but without success. To better assist you, we would need more details on the specific errors and inconsistencies you are seeing in the forecasts. Please provide any examples of the issues you are experiencing so we can work with the technical team to resolve the matter. Let's schedule a call at a convenient time to discuss the necessary steps."
"A potential data breach that may affect medical data security has been identified. This could be due to weak access controls or outdated software. Immediate actions taken include updating antivirus definitions, tightening user permissions, and assessing system logs for any suspicious activity. The seriousness of this incident is not lost on us, and we are actively working to resolve it promptly.","We appreciate the prompt notification about the potential data breach affecting medical data security. We acknowledge the measures taken, such as updating antivirus definitions and tightening user permissions. To assist in resolving the incident, please provide us with details such as the breach date, time of occurrence, and any suspicious activity found in the system logs. We will work closely with you to ensure the issue is resolved promptly and the security system is restored."
"I am seeking information on the security measures recommended for storing medical data and managing hospital IT systems. Can you share the best practices for securing sensitive patient details? I am interested in learning about encryption techniques, control mechanisms for access, and network security strategies. Moreover, could you inform me about any regulatory requirements that must be adhered to for medical data management? I eagerly await your response on this critical matter.","We can discuss the security protocols for medical data storage, including encryption methods and access controls. Our practices comply with regulations like HIPAA. I am willing to provide more details, would it be convenient for you if I call you?"
Could you provide details on the API integration capabilities and project management services?,Details on API integration capabilities and project management services will be provided via email or a scheduled call.
"Patient records were exposed due to a firewall misconfiguration. I've attempted to restart the server and review firewall settings, but the problem continues. Assistance is needed to address this issue.","I am ready to assist with the data breach. To provide better support, please share details about your firewall and server. We can schedule a call at a time convenient for you to discuss and resolve the matter."
"Recent data analysis has not produced accurate investment forecasts. This may be due to errors in the data integration algorithm. After attempting to re-run the analysis with fresh data, the results remain inconsistent. Please help us resolve this issue.",We are reviewing the issue with the investment forecast analysis and would like to discuss it with you. Could you please provide more details on the analysis data used and the specific results you are seeing? It would be convenient for us to call at your earliest convenience. Please let us know a good time to reach you at <tel_num>.
"Customer Support, seeking insights into digital strategies that can enhance brand growth. Would appreciate detailed information on methods and techniques that could help increase brand visibility and engagement. I am particularly keen on learning about the approach to social media marketing and content creation. Thank you for your time and assistance. Looking forward to hearing from you soon. Your insight would be invaluable in helping me understand and improve the brand's online presence.","<name>, thank you for your interest in digital strategies for brand growth. Our team uses various methods, including social media marketing and content creation, to increase brand visibility and engagement. I would be happy to discuss this further with you and am available to call at <tel_num> to provide tailored information to enhance your brand's online presence."
"Hello customer support, I am facing problems with the data analytics tool. My investment forecasts have failed because of inconsistent data feed. I have already restarted the systems and verified the data feed, but the issue still exists. Can you assist me in resolving this? I need help to find the root cause and a solution. Thank you for your quick response to this matter.","Hello [Name], We have received your email regarding the issue with the data analytics tool. We regret the inconvenience you are encountering with your investment forecasts due to inconsistent data feed. To effectively assist you, we need more information about the error messages you are receiving and the steps you have already taken. Could you please provide details about the feeds and systems you have checked and restarted? If necessary, we can arrange a call at a mutually convenient time for further discussion and troubleshooting. Please let me know a suitable time to call you at [Phone Number], or if you prefer to continue the conversation via email. We will work to identify the root cause and provide a solution as swiftly as possible."
"Customer Support, requesting the enhancement of security protocols for all hospital systems and related software to safeguard medical data. It is crucial to protect sensitive patient information and prevent data breaches. I would greatly appreciate it if this matter could be addressed urgently to ensure the necessary measures are implemented. Thank you for your attention to this matter. I look forward to hearing from you soon.",<name> acknowledges the request to enhance security protocols for hospital systems to protect medical data. A review will be conducted to implement necessary measures to prevent data breaches. Please contact <tel_num> to discuss the details and provide a timeline for implementation. Thank you for bringing this matter to our attention regarding <acc_num>.
"Hello customer support, I am reaching out to suggest an enhancement to the project timeline. It would be very helpful if there were customizable filters to make the user experience better. This would enable users to swiftly and easily see particular tasks and deadlines, boosting productivity and efficiency. I think this feature would be a significant upgrade to the current project management tools. Thank you for considering my suggestion.","We value your feedback and are grateful for taking the time to share your ideas with us. We recognize the importance of customizable filters in the project timeline and agree that it can greatly enhance the user experience. Your suggestion will be considered, and we will discuss its feasibility with our development team for a future update. We will keep you informed about any progress and appreciate your input in improving our project management tools. Your feedback is highly valued and will be carefully reviewed."
Several tools stopped working at the same time because of a network issue.,"We regret the inconvenience caused by the network problem. Our team is actively addressing the issue and will work on resolving it as quickly as possible. Please attempt to restart the tools and see if the problem still exists. If the issue continues, we will dispatch a technician to help you. We appreciate your patience and will update you on the repair status."
Our digital campaign has crashed. Rebooted the systems and reviewed the logs.,I have noted your concern about the digital campaign crash. Could you please share the error messages found in the logs for a deeper analysis and to assist in resolving the issue?
"There were recent discrepancies in the billing for my SaaS subscription, which I believe are due to a delay in the payment processing system. I have already checked and updated my payment information, but the issue persists. Could you please help resolve this as soon as possible?","Let's review your SaaS subscription account to address the billing discrepancy issue. To assist further, I may need to contact you. It would be convenient to discuss the details over a call regarding account <acc_num>. We will work on resolving the issue with the delayed payment processing system."
"There has been an unexpected data encryption failure, which might be due to an issue with the recent software update. Initially, we tried restarting the servers, but the problem still exists. Additional support is needed to address this and avoid potential data loss.",I will look into the data encryption failure. Could you please provide details about the software update and the server logs for further examination and assistance to prevent potential data loss? I will contact you at <tel_num> to discuss the next steps.
"Hello customer support, I am contacting you to ask about the digital strategies available for boosting my brand's growth and development. Can you give me more information on the services you provide? I am eager to find out how your company can assist my brand's expansion in the digital domain. Could you specify which services you offer and how they could be advantageous for my business? I am looking forward to your response and further details on your offerings.","We provide a range of digital strategies for brand growth, such as social media management and online advertising. I will contact you at <tel_num> to discuss how our services can be beneficial for your business."
"Hello customer support, I am contacting you to seek information on the established security protocols for the storage and transmission of medical data. Given the sensitivity and confidentiality of medical data, it is crucial to ensure its proper handling and protection. Could you share with me the steps taken to prevent unauthorized access, data breaches, and other security risks? I would also appreciate any recommendations or guidelines you have on this topic. Thank you for your attention and assistance. I await your response.",I will examine our medical data security protocols and will send you comprehensive details on the measures that prevent unauthorized access and data breaches. I will reach out to you at your convenience for further discussion.
"Dear Customer Support,

I am inquiring about an unforeseen system downtime that has occurred, leading to significant operational disruptions. The cause of the downtime is currently under investigation; it may have been due to an overload or a technical glitch, but the precise reason remains unclear.

So far, we have attempted to restart the services, reviewed the logs for any errors, and monitored system performance. Despite these efforts, the issue persists, and we require additional assistance to address the problem.

Here is a summary of the issue:

**What happened:** The system unexpectedly went down, causing a loss of productivity and efficiency.

**Possible causes:** We suspect the downtime might be due to an overload or a technical glitch, but further investigation is needed to confirm the root cause.

**What was done so far:** Our team has restarted the services, checked the logs for errors, and monitored the system's performance to identify any potential issues. However, the problem remains unresolved.

We hope you can urgently investigate this matter and provide a solution to get our system back online as soon as possible.

Thank you for your prompt attention to this issue.

Best regards,
[Your Name]","Dear [Your Name], thank you for reporting the unforeseen system downtime issue. I apologize for the disruptions this has caused to your operations. To better assist you, I would like to schedule a call to discuss the issue in more detail. Are you available for a call at your convenience? In the meantime, please confirm your account number [acc_num] and the exact time the downtime occurred. This information will help me to investigate the issue further and work towards a resolution as soon as possible. I appreciate your prompt attention to this matter and look forward to speaking with you soon to resolve the issue. Please let me know a suitable time for the call at [tel_num]."
The data analytics program is causing issues with investment evaluations because of outdated drivers.,"I will send an acknowledgment email regarding the crashing data analytics program due to outdated drivers. I recommend resolving the issue by updating to the latest driver version. If you need assistance with the update process, please let me know; I am happy to guide you through a scheduled call at your convenience to walk you through the steps."
It is my intention to request the incorporation of a new data visualization tool to improve our investment analytics. The tool must offer interactive and dynamic visualizations to assist investors in making well-informed decisions.,Your request for a new data visualization tool to enhance investment analytics has been noted. I will review this with our development team. Please contact me at <tel_num> so we can gather more details regarding your requirements.
"The data analytics platform has stopped functioning. It could be due to recent Ubuntu updates that are not compatible. We have tried restarting the system and reviewing the logs, but the problem persists.",I will look into the issues with the data analytics platform. Could you please send over the system logs for a more detailed examination? I will reach out to you at <tel_num> if further details are required.
"The marketing firm encountered data synchronization issues across various platforms, leading to disruptions in campaign management because of network configuration and software compatibility problems. Steps taken include restarting devices and verifying network connections.","<name> has noted the data synchronization problem reported by the marketing firm. It is understood that initial troubleshooting steps, such as restarting devices and checking network connections, have already been taken. Further investigation is required, and we request detailed information about the network configuration and the software used across the platforms. Please provide specific error messages observed and details on the platforms affected. A call might be necessary to discuss the issue further."
Please provide instructions for securing medical data on Brother HL-L8360CDW printers within hospital systems to ensure confidentiality and compliance.,"To secure medical data on Brother HL-L8360CDW printers in hospital systems, ensure that encryption and secure printing protocols are enabled. Use a secure network connection and limit access to authorized personnel. Regularly update the printer firmware and utilize secure data deletion methods. For detailed guidelines on compliance requirements, please contact <tel_num> or refer to the website for specific documentation on securing medical data for the printer model. We can schedule a call to discuss further."
"Seeking guidance on integrating Zapier with existing data analytics tools. Would appreciate detailed information on the process. I am eager to learn how Zapier can help us streamline data analysis and automate tasks. Specifically, I would like to know the types of data analytics tools that are compatible with Zapier's requirements for integration. Thank you for your time and assistance. I look forward to hearing back soon.","Thank you for your interest in integrating Zapier with data analytics tools. Zapier is compatible with a wide range of data analytics tools, which allows for streamlined data analysis and automation of tasks. To determine the best approach for integration, could you please provide specific details about your existing tools? I hope this will help us achieve our goals. I would be happy to discuss this further and am available to call at <tel_num> to explore our options."
"I am facing billing discrepancies for several products. This might be due to recent system updates or integration issues. Despite trying to reconcile transactions and verify my account settings, the issues still persist. Could you please look into this matter and provide a resolution as soon as possible?","We are investigating the billing discrepancies affecting multiple products. To better understand the issue, could you please provide details on the discrepancies you are experiencing, including the specific products and the date when the issues started? Additionally, it would be helpful if you could confirm your account number and a convenient time for us to call at <tel_num> to discuss this matter and work towards a resolution."
Could you offer advice on securing medical data in Laravel 8 hospital systems? It's important to ensure confidentiality and integrity.,I can provide advice on securing medical data in Laravel 8. Please allow me to call at <tel_num> to discuss and determine the appropriate course of action for your hospital systems.
"I am encountering random flickers on my LED monitor, which might be related to GPU overload. Despite restarting my computer and closing OBS Studio, the problem continues. The flickers occur sporadically and without pattern, which is quite disruptive for my work. My graphics drivers are currently up to date. Could you help me troubleshoot this issue?",I will look into this further. Please share your system configuration and the frequency of these flickers so I can assist you better.
I am reaching out to request details on the integration update for my compatible software and hardware. My goal is to ensure an uninterrupted project management flow. Could you elaborate on the update and its enhancements? I would also appreciate any advice on how to proceed with the update and the benefits it will bring to my operations.,"Dear <name>, thank you for your email concerning the integration update. This update improves compatibility and workflow efficiency, facilitating smoother project management and enhanced data synchronization. To install the update, please visit our website for the download instructions. Should you require assistance, I can arrange a call to guide you through the process at your convenience. Please let me know a suitable time to contact you at <tel_num> for further discussion."
We are facing system outages across multiple integrations on our SaaS project management platform following recent updates that have caused compatibility issues.,"We need to address the system outages impacting our SaaS project management platform. To better assist you, we require details on the recent updates and integrations involved. Could you please provide more information so we can discuss a solution at your convenience?"
"Is it possible to get detailed information on securing medical data in MySQL Laravel 8 hospital systems? I would greatly appreciate advice on encryption methods, access controls, and data backup strategies to ensure the confidentiality and integrity of patient information.","I will provide information on securing medical data using MySQL Laravel 8, including encryption methods and access controls."
"There has been a notable rise in server response times which is impacting user experience. Potential reasons for this could be an increase in traffic or issues with database queries. Steps have already been taken to optimize recent queries and scale server resources. Further investigation is needed, and we would like to discuss the current server configuration and any recent changes. Could you please provide more details on the increased traffic and database query issues? We can be reached at <tel_num> to discuss the next steps at a mutually convenient time. Thanks, <name>","Acknowledging the server response time issue that is affecting users. Initial steps have been taken to optimize queries and scale resources. Further investigation is required, and we would like to discuss the current server configuration and recent changes. Could you please provide details on the increased traffic and database query issues? We can be contacted at <tel_num> to discuss possible next steps at a convenient time. <name>"
"Today in the morning, I encountered an unexpected login failure. This could be a caching problem or a server glitch. Steps already taken: Cleared the browser cache and restarted the browser. Unfortunately, I'm still unable to log in.",Kindly attempt to clear your cookies and restart the browser once more.
"I am reaching out to report a problem with the investments optimization platform. The platform has frozen, and I suspect it may be related to a glitch in the data analytics software. Despite attempting to restart the system and verify network connectivity, the issue still persists. I would be very grateful if you could look into this situation and provide a solution at your earliest convenience. Please inform me if you require any additional information from me to address this issue. I look forward to your response and appreciate your assistance.","I am responding to your email regarding the issue with the investments optimization platform. I apologize for the inconvenience you are experiencing and appreciate the troubleshooting steps you have already taken. To assist in investigating this matter, could you please provide the exact error message you are seeing when the platform freezes, along with the version of the data analytics software you are using? Additionally, it would be helpful to know the approximate time the issue occurred. If needed, I may require a call to discuss further details, and I am available for a call at your convenience. I will be in touch with a resolution or further questions shortly. Thank you for bringing this to our attention."
Could you please provide details on the necessary system specifications to ensure the best performance of your project management software?,"Hello <name>, thank you for contacting us. To achieve the best performance of our project management software, please check our website for the system requirements. Should you require additional help, I am willing to offer more information or speak with you at a convenient time, which you can suggest by providing a suitable telephone number <tel_num>."
"Customer Support, we are inquiring about the SaaS features for project management and scalability. Could you provide more information about the platform's support for growth and handling the increasing complexity of our projects? We are looking for a solution that will help us streamline our workflow, enhance collaboration, and improve overall productivity. Specifically, we would like to know about the features related to task assignment, progress tracking, and resource allocation. Additionally, we would appreciate information on the customization options and integration tools provided.","Dear [Customer], thank you for reaching out to our customer support team regarding project management software. We offer a range of features to support your team's growth and handle the increasing complexity of your projects, including task assignment, progress tracking, and resource allocation. Our platform allows for customization and integration tools. We would be happy to provide more information to meet your specific needs. We are available to discuss further via a call at [tel_num] or provide information via email."
I would like to seek advice on how to best configure H2O.ai in conjunction with Keras for investment analytics. Could you share insights on the most effective setup to ensure accurate predictive models and swift processing of large data sets? I am also keen on learning about recommended hyperparameters for tuning and any specific steps for integrating Keras with H2O.ai.,"Dear <name>, thank you for your interest in optimizing H2O.ai for investment analytics. To achieve accurate predictions and efficient processing of large datasets, we advise configuring H2O.ai with Keras by tuning hyperparameters such as the learning rate and the number of hidden layers. Utilizing automated machine learning tools can also simplify this process. For more detailed guidance, please contact us at <tel_num> for a call to discuss your <acc_num> and specific requirements in greater depth."
Request for information on securing medical data,"Offer guidance on securing medical data Hub Switch products. For more details, please visit the website, review product specifics, or contact us at <tel_num> for personalized assistance related to your specific needs. Your account number is <acc_num>."
Is it possible to get detailed information on the features of your project management SaaS solution?,"I would be happy to provide detailed information on the features of our project management SaaS solution. Please let me know which specific features you are interested in, and I will send you a comprehensive overview for your convenience to discuss further."
"Hi Customer Support,

I hope this message finds you well. I am currently facing a challenge with project timeline synchronization across various tools. Despite multiple attempts to resolve the issue, synchronization has not been successful, and I am unsure of the underlying cause.

Here is a brief summary of the situation:

**Event:** Project timeline synchronization failure across multiple tools.

**Potential Causes:** Software update incompatibility or network connectivity problems.

**Actions Taken:** Restarted devices, verified network connections, and updated plugins.

I would be extremely grateful if you could offer some guidance or assistance to fix this. Please inform me if there are any additional steps I need to take or any further information you require.

Thank you for your help.

Best regards,
[Your Name]","Hello [Your Name],

Thank you for reaching out about the project timeline synchronization issues you are experiencing. I am here to support you and help resolve this. Could you please share more details about the tools you are using and the specific error messages you are encountering? This information will be very helpful in pinpointing the problem and suggesting an effective solution. If necessary, I can also arrange a call at your convenience at <tel_num> to walk you through the troubleshooting steps. Please let me know a time that works for you.

Best,
[Support Name]"
I require support in integrating the Microsoft Azure project management SaaS platform. Could you provide detailed guidance on the process? I would greatly appreciate step-by-step instructions along with relevant documentation.,We will assist with integrating the Microsoft Azure project management platform. Please allow us to provide a step-by-step guide and relevant documentation. We will send the detailed guide via email at your convenience.
I need assistance in securing medical data using PHP 8.0 software tools. Could you recommend best practices to ensure the confidentiality and integrity of sensitive medical information? Any advice on implementing robust security measures to prevent unauthorized access and data breaches would be greatly appreciated.,Recommendations for securing medical data using PHP 8.0 tools to ensure confidentiality and integrity.
"Hello customer support, I am reporting a crash issue with the data analytics dashboard. It happened unexpectedly, and it may be related to motherboard driver problems. I've already rebooted the system, updated the drivers, and verified the cloud connection, but the issue still occurs. I would be grateful if you could investigate this and offer a solution promptly. Please inform me if you need more details from me to address this problem. Thank you for your time and help.","Dear <name>, thank you for bringing this issue with the data analytics dashboard to our attention. We need more details to resolve it. Could you please share the exact error message and the system logs? I will also contact you at <tel_num> to discuss this further if necessary."
"An unexpected outage has impacted several products, leading to service disruptions following the recent infrastructure update.","We sincerely apologize for the disruption in service caused by the recent infrastructure update, which resulted in a service outage affecting multiple products. Our team is currently working to resolve the issue and will provide an update once it is resolved. If you require immediate assistance or need to report issues, please contact us at <tel_num> to discuss the next steps. We appreciate your patience and understanding as we keep you informed of the progress."
"Facing occasional connectivity problems with the SaaS platform, which is resulting in delays in project updates. The issue could be related to high traffic or network problems. After rebooting the server and checking the network configuration, the problem still persists. I need your help in resolving this issue urgently.","Received your email about the intermittent connectivity issues with the SaaS platform. I understand the urgency in resolving this to prevent project delays. To assist you better, let's schedule a call to discuss the issue in detail and determine the best course of action. Please let me know a convenient time to call at <tel_num>, or provide your preferred time. Also, could you provide your account number <acc_num> so we can work towards a resolution."
"We are reaching out for customer support to assist in optimizing our data analytics infrastructure with the aim of achieving better investment insights across our hardware and software products. We are currently facing inefficiencies in data processing and analysis, which are causing delays in decision-making. We would appreciate guidance on how to streamline our data analytics pipeline, including recommendations for hardware and software upgrades, which would help us make more informed investment decisions and improve our overall business performance.","<name>, we are delighted to assist in optimizing your data analytics infrastructure. To provide tailored recommendations, could you please share details about your current hardware and software setup? We are able to offer guidance and potential upgrades or improvements to help streamline your data analytics pipeline."
"There have been unauthorized access attempts on medical data systems, continuing even after updates to passwords and firewall checks.","Received your concern regarding unauthorized access attempts on medical data systems. Please investigate the issue and let us know the nature of the attempts. For your convenience, we could discuss this matter further with a specialist during a call."
"We have encountered a data breach that impacted our videoconferencing CRM systems. This may have happened due to outdated security protocols. Currently, we have updated the software and changed passwords, but we need your assistance to ensure that our security systems protect your data. We would appreciate guidance on additional steps you recommend to prevent similar incidents in the future. Please let us know what information you need from us to provide support.","We have received your data breach report and are ready to assist you. To provide the necessary support, we need to know the nature of the breach and the systems that were affected. Could you please provide details about the incident, including the timeframe and any error messages you received? Additionally, we need your account information to schedule a call and discuss the next steps that are most convenient for you."
The data analytics tool is not processing investment data accurately due to outdated system integrations. We have verified that software updates and reconfigured data sources have not resolved the issue.,"I will draft an email acknowledging the issue with the data analytics tool not processing investment data accurately. We have already taken steps to verify software updates and reconfigure data sources. To troubleshoot the issue, I would like to schedule a call to discuss the problem in more detail. Please let me know your earliest availability for a call so we can discuss next steps to resolve the issue with investment data processing."
"Dear support, I am seeking detailed assistance with integrating the Ruby on Rails 6.1 SaaS platform. Could you provide step-by-step instructions or documentation that outlines the integration process? I would appreciate information on compatibility, potential issues, and best practices for a successful integration. Additionally, are there specific gems or libraries that need to be installed? I look forward to hearing back so that we can find a solution to integrate the Ruby on Rails platform seamlessly.","Dear [name], we have received your request for support with Ruby on Rails integration for the SaaS platform. Our documentation provides comprehensive step-by-step instructions for the integration process, including details on compatibility and best practices. We offer guidance on the recommended gems and libraries. For detailed information, please let us know a suitable time to schedule a call. You can reach us at [tel_num] or via email. Please let us know your preferred method of communication."
"Unusual delays in data processing through investment analytics tools are happening due to server overload during peak usage hours. Even after restarting the servers and optimizing queries, the problems continue and require assistance to resolve the issue.","<name> has acknowledged your email regarding the server overload issues affecting the investment analytics tools. To better assist you, I would like to schedule a call to discuss the issue in detail. I am available at your convenience. Please let me know a suitable time, and I will offer alternative options. Additionally, knowing the current server configuration and any recent changes made to optimize queries would be helpful in investigating and providing a resolution."
"Hello Customer Support, I am reporting an issue with the application. During simultaneous project sessions, multiple users have experienced crashes while exporting files, which might be due to memory allocation issues under heavy load. Users have already tried restarting the application and clearing the cache, but the issue still persists. The application keeps crashing consistently whenever users try to export files. We have attempted to troubleshoot the issue ourselves but have been unable to resolve it. Could you please look into this matter and provide a solution?",Thank you for your email regarding the application crash issue. We have received your report and are investigating the matter. Please provide your account number so we can discuss the details in a convenient call and explore potential solutions.
"We are facing low engagement levels in recent campaigns. Outdated strategies and audience misalignment could be the reason. Despite adjusting the messaging and analyzing metrics, we have seen minimal improvement. I need assistance to enhance engagement.","I would be happy to help boost engagement rates. Could you please provide details on the recent campaigns, including the adjusted messaging and metrics analyzed? We can schedule a call at <tel_num> to discuss and identify potential solutions <acc_num>."
I am contacting you to seek information regarding the possibility of custom workflow integration. Could you kindly share any documentation or instructions on how to integrate our workflow into your system? I would be grateful for any details you can offer on this matter.,"I can provide you with documentation related to custom workflow integration. I will send you the relevant guides and resources shortly. If you prefer, I can also schedule a call to discuss the details further."
"Dear Customer Support, I would like to explore the possibility of integrating Codecademy with investment analytics tools to enhance my learning experience. Could you provide me with a list of available integrations and any relevant information on how to access and utilize them? Specifically, I am interested in integrations that can offer real-time data, interactive visualizations, and hands-on practice with investment analytics concepts. I believe such integrations would greatly benefit users like myself who are looking to gain practical skills in investment analytics. Thank you for your time and assistance. I look forward to hearing from you soon.","Dear [name], we appreciate your interest in integrating Codecademy with investment analytics tools. We currently offer integrations with several tools that provide real-time data and interactive visualizations. For more information and a list of available integrations, please visit our website or contact us at [tel_num] for further assistance."
"Marketing campaign metrics are not being tracked correctly because of an outdated Hadoop version. Although we have upgraded Hadoop and rebooted the Hub, the problem continues. Could you please help us resolve this issue promptly?",I will look into the marketing campaign problem related to the incompatible Hadoop version. Please supply the current Hadoop version and Hub logs for deeper analysis. I will call you at <tel_num> if more details are required.
"The financial analytics software is not accurately processing investment data. This issue may be due to a recent update that is conflicting with existing integrations. I have tried reinstalling the software and clearing the cache, but the problem still persists. I would appreciate your assistance in resolving this matter as soon as possible.",We will investigate the issue with the financial analytics software. Please contact us at <tel_num> to discuss potential troubleshooting steps and schedule a resolution.
I am seeking guidance on how to integrate MySQL with Asana for automated data analytics reporting and notifications via Discord. Could you offer a detailed step-by-step process or suggest an appropriate integration tool?,"Dear <name>, we have noted your request for support with integrating MySQL into Asana for automated data analytics reporting and Discord notifications. We suggest using Zapier or Asana's custom API for this integration. For a comprehensive guide, please share more details about your current setup and the specific data you intend to integrate. This information will help us tailor the solution to your needs. If you prefer a direct conversation, kindly inform us of a suitable time for a call at <tel_num>. We can discuss further and explore the best options for your requirements, referencing your account <acc_num>."
Is it possible to provide information on securing medical data at a hospital using your products? I would appreciate your assistance and guidance on this matter.,"We can offer a range of solutions for securing medical data at a hospital, including encryption and access control products. To discuss your specific needs, we can call at your convenience to provide a tailored solution for your hospital's support. Please let us know a suitable time to contact you."
Please resolve my Wi-Fi issue,I will look into your Wi-Fi problem. Could you please give more details about the issues you are facing with your Wi-Fi connectivity?
"Hello customer support, I am writing to seek information on the data analytics tools that are designed to optimize investment portfolios for financial companies. Could you kindly share details on the tools available and their features? It would be greatly appreciated if you could also elucidate how these tools assist financial companies in making data-driven decisions and enhancing their investment strategies. Additionally, I am keen to know if there are any specific tools tailored to the needs of financial firms and, if so, what makes them unique compared to other data analytics solutions. Thank you for your time and support. I eagerly await your response.","Certainly, I am glad to assist you with information about our data analytics tools for financial companies. We provide a range of tools that can optimize investment portfolios and refine investment strategies. I will send you a comprehensive email with the features and benefits or we can schedule a call to discuss further at your convenience."
"Inquiring about recommended security protocols for storing medical data on a Crucial MX500 1TB SSD. What can be done to ensure the confidentiality, integrity, and availability of sensitive medical information? Are there specific encryption methods or access controls you recommend? Guidance on protecting this critical data would be greatly appreciated.",Guidance on secure encryption methods and access controls for your medical data storage needs will be provided shortly.
"Customer Support, we are reaching out regarding Docker integration with the SaaS project management platform. Could you provide information on how Docker is used within the platform? We would appreciate detailed information on the benefits of using Docker, such as improved deployment efficiency and enhanced collaboration. Additionally, we would like to know the specific requirements and recommendations for using the Docker platform. Thank you for your time and assistance. We look forward to hearing back soon.","<name> appreciates your interest in the Docker integration for the SaaS project management platform. The platform utilizes Docker to improve deployment efficiency and enhance collaboration, which allows for seamless integration of microservices and streamlined workflows. The benefits of using the Docker platform include faster deployment times, improved scalability, and enhanced security. We recommend that users have a basic understanding of Docker components to facilitate the integration. We would be happy to discuss your specific questions. Thank you for your time."
Looking for information on digital strategies to boost brand growth using Smartsheet and Shopify. Interested in learning about the tools that can help our business.,Please provide details on digital strategies for brand growth using Smartsheet and Shopify. We can arrange a convenient call to discuss further.
"Hello Customer Support, I am inquiring about the data analytics tools that can enhance investment strategies effectively. I am keen to know about the different tools available and how they can assist in making informed investment choices. Could you furnish me with details on the best analytics tools for optimizing investment strategies? I am particularly interested in tools that include features such as data visualization, predictive analytics, and real-time reporting. It would also be helpful if you could share any case studies or success stories that illustrate the efficacy of these tools. Furthermore, I would greatly appreciate any advice you can offer on integrating these tools into my investment strategy. Thank you for your support and I look forward to your response.","Dear [Name], thank you for contacting our customer support regarding your query on data analytics tools for enhancing investment strategies. We appreciate your interest in these tools that can provide valuable data insights to aid in making informed investment decisions. Our team is ready to offer you information on the most effective analytics tools that possess features like data visualization, predictive analytics, and real-time reporting.<br><br>Our portfolio includes a variety of tools suitable for investment strategy optimization, and we can present you with relevant case studies and success stories that showcase their effectiveness. To better tailor our recommendations, could you provide us with more details about your current investment strategy and your objectives for using the analytics tools? This will assist us in giving you more personalized advice and guidance on integrating the tools into your strategy.<br><br>We would also be glad to discuss this further over a call at your convenience. Please indicate a suitable time, and we will arrange a call with you at [Phone Number]. Alternatively, we are happy to continue our communication through email if you prefer. We are looking forward to your response and are eager to assist you with your investment strategy optimization needs."
There was an unexpected downtime of the data dashboard. It might be due to server overload or a software glitch. Servers were restarted and network connections were checked.,"Dear <name>, we recognize the data dashboard downtime issue you are facing and thank you for the troubleshooting steps you have already taken. To better assist you, we plan to examine the server and network logs to identify the root cause of the problem. Could you provide more information about the error message you are encountering and the precise time the issue started? If possible, we can also schedule a call at <tel_num> to further discuss the issue and work on a resolution. Please inform us of a suitable time for the call."
"I am seeking information on recommended security protocols to protect medical data using Kaspersky Internet Security. Given the sensitivity of medical data, I wish to adopt the necessary safeguards. Could you provide detailed best practices for securing this type of data? Your expertise on this topic would be greatly appreciated. Thank you for your time and support.","Dear <name>, <br>we thank you for your interest in securing medical data with Kaspersky Internet Security. For optimal protection of sensitive medical information, we suggest setting strong passwords, activating full disk encryption, and customizing the firewall to prevent unauthorised access. Additionally, it is crucial to maintain your operating system and antivirus software with the most recent security updates. Using a virtual private network (VPN) is also recommended when accessing medical data through public networks. We recommend regularly backing up your data to a secure location, such as an encrypted external hard drive. For further guidance, our online support resources are available. Should you need additional assistance, we can arrange a call at a time convenient for you at <tel_num>. Our team will be pleased to offer personalized support to ensure the security of your medical data."
"An error has been encountered with the project management software, which is impacting the integration across multiple products. This might be due to recent updates. Steps such as restarting the application and clearing the cache were taken to resolve connectivity issues, but the problem still persists. Assistance in resolving this issue soon would be greatly appreciated.","Dear customer, we acknowledge the error you are experiencing with the project management software and thank you for your efforts to resolve it by restarting the application and clearing the cache. We would like to request more information, specifically the exact error message you are receiving and the recent updates that you mentioned. For your convenience, please provide this information either by replying to this email or by calling us at <tel_num> to discuss further. We are able to provide a tailored solution to resolve the issue specific to your project management software account."
"Dear Customer Support, I am contacting you to seek an update regarding the encryption measures used for safeguarding medical data in HubSpot CRM and Ubuntu environments. Given the critical nature of medical data security, any security vulnerabilities could lead to severe repercussions. Could you furnish information on whether we are using encryption methods that comply with the most recent industry standards? Additionally, I am interested in learning about your plans to introduce extra security mechanisms such as multi-factor authentication, user access controls, and periodic security evaluations. Your assistance in providing a comprehensive strategy to ensure the secure handling and transmission of medical data on HubSpot CRM and Ubuntu would be greatly appreciated. I look forward to your swift response on this matter.","Dear <name>, we value your interest in the security of medical data on HubSpot CRM and Ubuntu systems. We are deeply committed to the confidentiality and integrity of medical information and are dedicated to maintaining its accessibility. Our current encryption standards are designed to align with industry benchmarks, including those stipulated by the Health Insurance Portability and Accountability Act (HIPAA). Nonetheless, we continually strive to increase our security protocols. We are planning to integrate new security features, such as multi-factor authentication and ongoing security reviews, to better secure medical data. We will also be refining our access protocols to ensure only authorized individuals can access sensitive medical information. Could we schedule a call to go over our security plan in more detail and address any specific queries you might have? Please inform me of a convenient time for this call, or if you prefer, I can contact you at <tel_num>. Thank you."
"The marketing firm noticed a decline in online engagement metrics. Recent algorithm changes might be the cause. They adjusted the targeting settings, but the results remain unsatisfactory.",I would be happy to assist with this issue. Please provide details on the recent algorithm changes and the adjustments made to the targeting settings. A review of these details will help in providing the next steps to resolve the issue.
"Customer Support, reporting a critical issue with the data analytics platform. The platform crashed during a major investment analysis session, causing significant disruption to our work. Despite attempts to restart the system and clear the cache, the issue persists. Possible causes may include server overload or software bugs. We would greatly appreciate your urgent look into this matter and a prompt solution if possible. Please let us know if any additional information is required.","Dear [Name], thank you for reaching out regarding the issue with the data analytics platform. We are sorry to hear that the crash disrupted your investment analysis session. We will escalate this issue to our technical team to investigate possible causes, such as server overload or software bugs. Please provide us with the account number and the exact error message so we can look further into the matter. We need to contact you at [Tel Number] to discuss the issue in detail and provide a solution as soon as possible. We appreciate your patience and cooperation in this matter."
"I am noticing a decline in the performance of my campaigns, even after increasing my advertising budget. This could be due to incorrect targeting or messaging. I have examined the analytics, modified the ad content, and refined the audience segments, yet the problem continues. Could you provide me with some advice on how to improve my campaign performance?","Dear <name>, I appreciate your concern regarding the underperformance of your campaigns despite your increased investment. To better assist you, could you please share more information about your current targeting and messaging approaches? Additionally, I would like to schedule a call at <tel_num> to review your campaign data and identify optimization opportunities. Please let me know a convenient time for you, and I will be delighted to guide you in optimizing your campaigns with <acc_num>."
I am contacting you to seek advice on improving the integration of data analytics across various platforms. This could greatly enhance our investment analysis and decision-making processes. Could you offer some guidance on how to accomplish this?,"Dear <name>, we thank you for your inquiry regarding the enhancement of data analytics integration across different platforms. To provide you with more bespoke advice, we need to know more about the specific platforms you are currently using and the investment insights you aim to achieve. Could you kindly provide detailed information about your current data analytics tools and any integration challenges you are experiencing? If you prefer, we can schedule a phone call at your convenience at <tel_num> to further discuss your needs and offer optimization recommendations."
Seek to update marketing plan to boost brand exposure,Have noted your request to update the marketing plan for increased brand visibility. We will review this with the marketing team and request a convenient time to gather more information and discuss the steps needed for the update.
"Dear Customer Support,<br>We are reaching out to inform you about a potential security breach in our hospital systems. The security team has identified an unauthorized access attempt to sensitive medical data.<br>The incident is suspected to be caused by inadequate security configurations and outdated software. We have already initiated a system-wide security audit to update the affected software and prevent future incidents.<br>We would appreciate your assistance in providing recommendations to enhance our security measures.<br>Thank you.","We take security breaches very seriously and are here to assist you. To better understand the incident, could you please provide details on the detected unauthorized access attempt, including the date and time it occurred? Your review of this information will help us provide the necessary recommendations to enhance our security measures."
"The project timelines are not syncing properly. I have already checked the settings, restarted the sync process, and referred to the documentation.","I have noted your report concerning the sync problem with project timelines. To better help you, could you provide more information about any error messages you are encountering? Additionally, I will require your account details to investigate further. Would you be available for a call at your convenience to discuss this issue in more detail?"
"The marketing agency's website is encountering sporadic loading difficulties, which may be attributed to server congestion. Clearing the browser cache or switching to a different browser can often alleviate the issue.","Acknowledging the issue with the marketing agency's website load time, we understand how frustrating these intermittent loading problems can be and are committed to resolving them. To better assist you, could you please provide details on your server configuration and any recent changes made to the website? Additionally, it would be helpful for us to know the frequency of the loading issues and any error messages that appear. If necessary, we can schedule a call at your convenience at <tel_num> to discuss further."
"The recent digital marketing campaign has shown lower engagement than expected, which may be due to issues with targeting or content relevance. After analyzing the audience metrics and adjusting the parameters, the results are still not satisfactory.",Please review the campaign and contact us at <tel_num> to discuss potential adjustments and find solutions to improve engagement.
"Dear Support Team, We are contacting you to alert you about a data breach which was due to a human error. We believe that an employee might have accidentally disclosed confidential information. Despite our efforts to reboot the systems, the issue is still ongoing. We are actively working to resolve this situation and are committed to preventing such breaches in the future. We will keep you informed about the progress and value your patience and understanding. We are dedicated to protecting customer data and will implement all necessary measures to prevent such occurrences in the future.","Dear [Name], Thank you for informing us about the data breach. We acknowledge your prompt action to contain the issue by restarting the systems. However, since the problem continues, we need to explore further to determine the best solution. Could you provide more details about the sensitive information that might have been disclosed and the measures you are taking to address the situation? We would be grateful if we could arrange a call at [Phone Number] to discuss this matter in greater detail at your earliest convenience."
request for enhancement in project management software. need to improve integration with external devices and services for a better user experience and functionality. aim to enable a seamless workflow to boost productivity.,"Dear [Name], thank you for your request to enhance the project management software. We agree that improved integration with external devices and services is essential for a better user experience and functionality. We will review and consider your request for future development. Please provide specific details on the integrations you would like to see improved so we can better understand your needs and prioritize accordingly."
Could you offer guidance on digital strategies that could enhance the growth of VLC Media Player? We are looking forward to your support and insights. Thank you for your assistance.,"Thank you for reaching out to us concerning digital strategies to enhance the growth of VLC Media Player. To improve brand growth, we recommend focusing on enhancing your online presence, increasing social media engagement, and engaging in content marketing. Developing a user-friendly website and optimizing it for search engines can also increase visibility. Additionally, leveraging email marketing campaigns and forming influencer partnerships can help expand your reach. A tailored approach would be beneficial, so please provide us with more information about your current strategies."
"Hello Customer Support, I am contacting you to report a malfunction with our collaboration tools, which has slowed down our project progress. This might be due to outdated software and insufficient training. We have already tried restarting our devices and verifying our internet connection, but the issue still exists. We would appreciate your assistance in resolving this and seek your prompt attention. Kindly inform us if you need any further information from us. Thanks for your help and we hope to hear from you soon.",We will look into the collaboration tool issue and reach out to you at <tel_num> for more details to provide a timely solution.
"I am looking for guidance on securing medical data in a PostgreSQL 13 environment within a hospital setting. Could you provide recommendations and best practices to ensure the confidentiality, integrity, and availability of sensitive patient information? Specifically, I would like to know about encryption methods, access control strategies, and backup procedures. Additionally, are there specific configuration settings that need to be implemented to meet HIPAA requirements? I would greatly appreciate any resources or documentation that can help us secure this information.","We can provide guidance on securing medical data in a PostgreSQL 13 environment. Recommendations include using encryption methods like SSL/TLS, implementing access controls such as role-based access control, and performing regular backups to a secure location. To meet HIPAA requirements, specific configuration settings need to be implemented. Please provide information about your current setup so we can offer detailed recommendations. Let us know a good time to call and discuss further."
The recent system downtime has affected access to the Smart-Garagentoröffner HubSpot CRM. This might be due to misconfigured server settings after a software update. Restarting the services and clearing the cache seemed to resolve the issue temporarily. Assistance is needed to resolve the matter soon to prevent any further disruptions.,We have received your report on the system downtime. We are looking into the issue with the Smart-Garagentoröffner HubSpot CRM. Please contact us at <tel_num> to discuss the steps required for resolution.
"We notice a variance in the engagement numbers which is caused by a problem with the integration between our systems and NZXT tools. Despite restarting Norton 360 and examining the IBM Cloud logs, the issue is still present.","Hello <name>, we are investigating the inconsistency in your campaign metrics that seem to be related to an integration problem with NZXT tools. Even though you have already restarted Norton 360 and reviewed the IBM Cloud logs, the issue remains unresolved. Could you please provide more specific details about the discrepancy, such as the actual and expected numbers? This information will aid us in diagnosing the problem more accurately and offering a solution. Additionally, I will need to check the integration configuration, and if necessary, contact you at <tel_num> for further discussion."
"I am encountering difficulties with integrating the Twitch Studio Beta project management SaaS. Even after attempting to restart and reauthorize, the issue continues. It might be related to recent API changes or compatibility issues. I need assistance to resolve this so I can continue using the service effectively.","In response to your email regarding the issue with integrating Twitch Studio Beta project management SaaS, I would appreciate it if you could provide more details about the error message you are seeing and specific issues you are experiencing. Additionally, it would be helpful to know the steps you have already taken to try to resolve the issue. If needed, we can schedule a call at a convenient time for you. Please let me know when a time would suit you."
"I would like to request advice on the best configuration for H2O.ai when used in conjunction with Keras for investment analytics. Could you offer insights on optimal setup practices that ensure accurate predictions and efficient handling of large datasets? Specifically, I am interested in learning which hyperparameters should be adjusted and any additional tips for integrating Keras with H2O.ai.","Hello <name>, thank you for your interest in optimizing H2O.ai for investment analytics. To achieve accurate predictions and efficient handling of large datasets with Keras integration, we recommend tuning hyperparameters like the learning rate and hidden layers. Also, consider leveraging automated machine learning tools to simplify the process. Should you require more detailed guidance, please contact us at <tel_num> to discuss your <acc_num> and specific requirements further."
Could data analytics tools offer insights to optimize investment strategies effectively? We appreciate your interest and thank you for reaching out!,"<name>, thank you for contacting us and showing interest in data analytics tools for investing. These tools can indeed provide valuable insights to optimize investment strategies. Popular options include portfolio management software and market analysis platforms. To better assist you, could you please provide more details on the specific type of investments you are looking to optimize? We would be happy to discuss this further over the phone. Please let us know your availability."
"Hello customer support, I am reaching out to seek information on the pricing for WooCommerce integration. Could you kindly offer a detailed cost breakdown? It would also be helpful to know about any extra charges that might apply. This information will assist me in making a decision regarding the integration. Thanks for your assistance.","Hello <name>, thank you for your email concerning the pricing of WooCommerce integration services. Our pricing is based on the complexity of the integration. I can provide you with a detailed cost breakdown. Please share your specific integration needs, and I will send you a personalized quote along with any additional charges. Thank you."
"An error has occurred during login, which is hindering access. It might be due to recent system updates. Despite clearing the cache and trying password resets, the issue remains unresolved. Assistance is needed to resolve the login issue.","We apologize for the login issue you are experiencing, and we suspect that recent system updates might be the cause. To assist you better, please provide your account details and the exact error message you are seeing. To resolve the issue more efficiently, let us know a convenient time to schedule a call, and we will contact you accordingly."
Medical information went missing during the backup process. The issue might be due to human error or a RAID controller failure.,Our primary focus is to swiftly investigate the cause and restore the data.
"Customer Support,<br><br>I am writing to draw your attention to a pressing issue that our marketing agency is currently facing. We have implemented a digital strategy, but we are experiencing discrepancies in our brand growth metrics. Despite our efforts to verify the integrations within IFTTT and adjust settings on Monday.com, as well as review performance reports, the issues still persist.<br><br>The main problem seems to be inconsistencies in the data from tools like Zoho CRM and Google Analytics. We have tried to troubleshoot the issue but have been unable to identify the root cause.","<name> has written an acknowledgment email regarding the issue with marketing metrics that the marketing agency is facing. We understand that you are experiencing discrepancies in your brand growth metrics due to inconsistencies in data tools such as Zoho CRM and Google Analytics. To assist in resolving this issue, we would like to request more information on the specific discrepancies and the steps that have been taken so far to troubleshoot the issue. Could you please provide us with more details on the integrations within IFTTT and any settings that have been adjusted?"
What are the recommended specifications for integrating Linux and PyTorch?,"For integrating Linux and PyTorch, we recommend using a 64-bit Linux distribution with at least 8GB of RAM and a multi-core processor. A dedicated NVIDIA GPU is also suggested for the best performance. Ensure that you are running the latest version of PyTorch, which is compatible with your Linux distribution. Should you have any additional questions or need more detailed instructions, feel free to reach out and I will assist you with your integration needs."
"experienced substantial delays in project load times. This may be due to heightened user traffic that has overloaded server capacity. Despite efforts to optimize database queries and enhance caching strategies, there has been no noticeable improvement. The issue continues, and we urgently require assistance to resolve it promptly.","help address the delay in project load times, we need more details on the current server configuration and the optimization steps that have been taken so far. Let's discuss and schedule a call at your earliest convenience to resolve the issue promptly."
"Customer Support, <br>Our data analytics software has crashed our critical investment optimization analysis. It might have occurred due to a compatibility issue with Apache Hadoop. We have attempted to restart the software and check for updates, but the problem still persists. <br>The software was working fine until recently, after updating to the latest version of Apache Hadoop. <br>We would greatly appreciate it if you could provide a solution to this issue as soon as possible. <br>Thank you for your assistance.",We will investigate the crash issue with your data analytics software and contact us at +1234567890 for assistance in resolving the problem.
An unauthorized access attempt was detected on the hospital's systems due to outdated software vulnerabilities. Initial security scans have been conducted to update the systems and identify any breaches. Our team is working to ensure the systems are secure and protected.,"We appreciate you reporting this security issue to us. Our team has taken immediate action to update the systems and conduct security scans. To assist you further, could you please provide details on the vulnerabilities that were exploited? We would like to schedule a follow-up call to ensure that all necessary measures are in place to prevent future incidents. Please let us know a suitable time for the call."
"While contacting Customer Support, I inquired about the scalability features of the SaaS platform that your company offers for project management. Could you provide detailed information on how the platform adapts to growing project demands, manages increased user traffic, data storage, and workflow complexity? I am particularly interested in learning about the automated scaling options, load balancing, and performance optimization techniques that are implemented. Additionally, it would be helpful to know about any limitations or constraints related to scalability that are addressed. Thank you for your time and assistance.","We will provide you with detailed information on the SaaS scalability features. Please allow us some time to review and prepare the information requested, and we will be in touch at your convenience to discuss it further."
"Dear Customer Support, I am contacting you to request assistance with integrating Mailchimp into our project management SaaS tool. Could you kindly provide any documentation or guidance on setting up this integration? I aim to synchronize my email marketing efforts with my project tasks and workflows. Despite reviewing your API documentation, I did not find specific information regarding Mailchimp integration. Any resources or support you can offer would be greatly appreciated. Thank you for your time and assistance. I am looking forward to your response.",I will provide you with the necessary Mailchimp integration guidance and documentation. I will look into this and get back to you with the required information and steps to set up the integration for your account.
"Detected unauthorized access attempts on the hospital's systems, impacting the security of medical data. Enhanced software and firewall protections were implemented as a resolution.",Investigating the security concern reported regarding unauthorized access attempts on the hospital's systems and medical data. Assistance requires details on the issue and the software updates made. Please schedule a call at <tel_num> to discuss and provide a resolution.
"I have encountered a problem with the synchronization of campaign metrics, which has stopped working in real-time. Although the integration between our platforms is correctly set up, the metrics are not updating. I have attempted to resolve the issue by restarting the TP-Link switch and examining the Docker container logs, yet the issue continues. Unfortunately, the error messages in the logs do not give clear insight into the problem. I have also verified the network connectivity and confirmed that all devices are properly connected. I kindly request your assistance in resolving this issue immediately, as the campaign metrics are essential for our business operations and inaccurate data is affecting our decision-making process. I am willing to provide any additional information or context required to help diagnose and fix the problem. Please inform me if there are any additional actions I can take to resolve the issue. Thank you for your time and support. I eagerly await your response.",I will assist you in resolving the campaign metrics syncing issue. Please provide the exact error messages from the Docker container logs for further analysis.
"Hello Customer Support, I am contacting you to seek information regarding the integration options for QuickBooks Online with our project management SaaS platform. I am eager to explore how these two systems can enhance our business processes. Could you provide details about the types of integrations that are feasible, such as invoicing, expense tracking, and project budgeting? It would also be helpful to learn about any setup or configuration requirements, as well as the associated costs. Furthermore, I am interested in understanding any limitations or restrictions on the data that can be exchanged between the two systems. I appreciate your prompt response with this information. Thanks for your support. I am looking forward to learning more about this integration and its benefits for our business.","Hello <name>, thank you for your message. We provide several integration options for QuickBooks Online, including invoicing and expense tracking. I would be glad to discuss the setup and costs with you. Could you please share your <acc_num> so I can review your account details and provide more specific information on the integration capabilities and any applicable limitations?"
An unauthorized access attempt was detected on the hospital's system. It may have occurred due to a phishing attack. Initial security measures have been implemented to monitor system intrusions. The team is working diligently to resolve the issue and ensure the security system is robust.,We have received the email regarding the system issue and appreciate the swift action taken to implement security measures. We would like to discuss and provide necessary support to ensure the system's security. Would it be possible to schedule a call at your convenience to discuss the details and next steps? Please let us know a suitable time to contact us at <tel_num>.
Project synchronization has encountered problems possibly due to network connectivity issues.,"I will look into this issue and will reach out to you at <tel_num> to discuss the next steps for resolving the project synchronization failure, which may be attributed to network connectivity problems."
"During my live stream, OBS Studio crashed, causing a loss of viewers and potential revenue. I restarted OBS Studio, updated the plugins, and verified my system resources, but the issue continues. Could you please assist in finding a solution or guidance to resolve this problem quickly?","I apologize for the OBS Studio crash during your live stream. For better assistance, could you share the version of OBS Studio and the list of installed plugins? I will look into this and provide a solution or guidance as soon as possible. Is it convenient for you to have a call at your earliest convenience to discuss this further?"
"Hello Customer Support, I am reaching out to address an issue where my project data has vanished unexpectedly. This problem might be due to a synchronization issue with our integrations. Despite restarting the system, reviewing the logs, and reaching out to the integrators, the issue remains unresolved. I kindly request you to examine this situation and offer a solution promptly. If you need any additional information from me to address this, please let me know. I am eagerly awaiting your response. Thanks for your time and help. Sincerely, [Your Name]","Greetings [name], we appreciate you reporting the issue with your project data. We will look into the synchronization problem with your integrations. Kindly provide us with your <acc_num> and details about the integrators you have contacted. We will contact you at <tel_num> for further discussion if necessary."
"Request for enhancements to improve the application's compatibility performance across multiple platforms, such as iOS and Android. This would significantly enhance the user experience, allowing for seamless interactions with the app. We believe such enhancements would be highly beneficial and increase overall user satisfaction with the application. We look forward to hearing about any updates or improvements made.","<name> thanks for your feedback on enhancing compatibility across multiple platforms for the application. We understand the importance of providing a seamless user experience. The development team will review your request and consider it for future updates. You will be kept informed about the progress and changes. If you have any questions or concerns, please do not hesitate to contact us at <tel_num> or reply to this email at <acc_num>, referencing this ticket."
Could you furnish detailed solutions for securing medical data in hospital settings? Seeking a reliable and efficient method to safeguard sensitive patient information.,"We can offer a range of solutions for securing medical data in hospital environments, including encryption, access controls, and monitoring systems. These solutions are designed to protect sensitive patient information and ensure compliance with regulatory requirements. I would be happy to discuss these solutions in more detail. Please provide your contact information so we can arrange a convenient time to call at <tel_num> for further discussion."
"An unauthorized access attempt was detected on the hospital systems. This may have occurred due to outdated software or phishing. The issue is being addressed by applying security patches to the affected software and conducting user training sessions to prevent similar incidents in the future. Access logs are being reviewed, and additional measures are being taken to enhance system security. The hospital's team is working diligently to ensure the integrity of patient data and prevent potential breaches. If you have any questions, please let us know.","Dear [Name], thank you for your email regarding the hospital system security issue. We are pleased to inform you that security patches have been applied and user training sessions conducted to prevent similar incidents. Could you please provide more information on the access logs review and the additional measures taken to enhance system security? If available, it would be convenient to schedule a call at [Tel_num] to discuss the matter and address any questions or concerns you may have regarding the hospital's system security. Best regards."
"I am encountering sluggish access to medical data and delayed transfers. This may be due to an incorrect Kubernetes setup. Despite restarting the Aruba switch and updating the Sophos application, the issue remains unresolved. I would be grateful for your help in addressing this. Kindly inform me of the subsequent actions to proceed.","In response to your email concerning the difficulties with medical data retrieval, I understand that you have attempted restarting the Aruba switch and updating the Sophos application but the issue still persists. To better assist you, it would be beneficial to understand your current Kubernetes configuration. Please provide detailed information about your setup. I will review this information and arrange a call at a convenient time for you to discuss the next steps to resolve the medical data access issue."
Hello support team,"Hello, thank you for reaching out to our support team. We are here to assist you today. Please provide us with more details so we can better help you."
Seek advice on securing medical data using Google Keep and MongoDB version 4.4.,"Offer guidance on securing medical data with Google Keep and MongoDB 4.4. The team will outline practices such as encryption, access controls, and compliance with regulations like HIPAA. We will discuss and implement secure data storage and retrieval processes to protect sensitive medical information."
Seeking assistance with the integration of GitLab's project management SaaS for a smoother workflow. Would appreciate any information or details on the available resources.,"I would be delighted to assist with your GitLab integration. I can provide guidance from the website, schedule a call to discuss the process in detail, and ensure that the steps needed for integration align with your convenience."
Can you provide information on the best practices for onboarding new team members to the project management platform? I require guidance to help them get started quickly and efficiently.,We provide a step-by-step onboarding guide and training sessions to help new team members get started efficiently on the project management platform.
"I am writing to request an update to the billing integration to improve compatibility with QuickBooks Online and related products. It is important to ensure a seamless integration to avoid any potential issues that may arise from an outdated integration. I would greatly appreciate it if the update could be implemented as soon as possible. Please let me know if there are any additional steps required, and the information needed from me. I look forward to hearing back from you to find a solution to this matter. Thank you for your time and assistance.","<name> has received the request for updating the billing integration to improve compatibility with QuickBooks Online and related products. We understand the importance of a seamless integration and appreciate your proactive approach to avoid potential issues. To move forward with this request, we need to verify some information from your account <acc_num>. Could you please confirm your current billing setup and the specific version of QuickBooks Online you are using? This will enable us to provide a suitable update that meets your needs. If necessary, we may schedule a call to discuss further."
The encryption process has encountered difficulties following recent software updates.,"Dear <name>, I am writing to confirm your concern about the encryption issues related to your medical data following recent software updates. To better address this, could you provide additional information on the specific error messages and the software updates that were applied? I am here to help resolve this, and if necessary, a call can be scheduled at a convenient time for you to discuss this further."
"Greetings Customer Support, I am writing to seek information on the payment options for integrating JIRA with WooCommerce and Adobe Creative Cloud subscriptions. Could you provide details on the various payment plans and accepted methods? I would also appreciate any information on discounts or promotions that might be applicable. Additionally, I would like to know if there are any specific requirements or restrictions for this integration. I look forward to your response. Thank you for your assistance. Best regards, [Your Name]","Hello [name], we appreciate your interest in integrating JIRA with WooCommerce and Adobe Creative Cloud. We offer payment plans such as monthly and annual subscriptions, with accepted payment methods including credit cards and bank transfers. Discounts are available for long-term commitments and bulk purchases. For more detailed information on payment plans and discounts, I would like to discuss this further with you. Would you be available for a call at your convenience to go over the specifics, requirements, and any restrictions for integrating these services? Please let me know a suitable time to call you at <tel_num>."
"Hello Customer Support Team, I am seeking detailed documentation to optimize my investment analytics using Apache Hadoop. Could you provide any resources or guides that might help improve the performance of my Hadoop data analysis and processing? Your support would be greatly appreciated and I look forward to your response. Please let me know if there is any additional information you need to provide an accurate response.",Resources for optimizing Apache Hadoop for investment analytics are available. Please provide any additional information needed.
I would like to know more about your digital strategies for enhancing brand growth and the services you provide. Could you give me more details on the services you offer?,"Dear <name>, thank you for your interest in our digital strategies for brand growth and expansion services. We provide a variety of services such as social media management, content creation, and online advertising. I would be pleased to go into more detail about these services. Please let me know if you would like me to contact you at <tel_num> to arrange a suitable time for a discussion."
"Customer Support, we have an inquiry regarding the securing of medical data for our Smart-Hörgerät products. Could you provide some guidance on best practices for protecting sensitive medical information? We would greatly appreciate any recommendations or resources that can help ensure the confidentiality and integrity of the data. Specifically, we are interested in learning about encryption methods, access controls, and data storage solutions. Please let us know about your expertise and experience in this area. Thank you for your time and assistance. We look forward to hearing from you.","{name}, we can provide guidance on securing medical data for our products, including encryption methods, access controls, and ensuring confidentiality and integrity. Please call {tel_num} to discuss and we can offer you recommendations and resources. Thank you."
We have encountered a data breach due to outdated software and improperly configured network settings. Actions taken include updating the TP-Link switch firmware and securing user access credentials.,Acknowledged receipt of the data breach notification. We appreciate the steps taken to update the firmware and secure user access credentials. Please provide additional details to assist in our review.
Seeking to update digital marketing strategies for improved brand growth across product lines.,"<name>, thanks for reaching out regarding the update to digital marketing strategies aimed at enhancing brand growth across product lines. We appreciate your interest in improving our brand's online presence. To better understand your requirements, could you please provide details on your current digital marketing efforts, specifically targeting the product lines you would like to focus on? This information will help us tailor our approach to meet your unique needs. We aim to have a clearer understanding of your goals."
"To Customer Support Team, I am contacting you regarding an issue with our data analysis software that is not functioning properly. Despite restarting the program and verifying for recent updates, the problem continues. I kindly ask that you investigate and offer a prompt solution. I will be available to offer further details if needed or to answer any questions you might have. Thank you for your prompt attention to this matter, as it is impacting our workflow and requires timely resolution. So far, my attempts to resolve the issue on my own have been unsuccessful, and I hope you can assist. Best regards, [Your Name]","Dear [Name], we appreciate you contacting us about the trouble you are experiencing with the data analysis software. I regret the inconvenience and am here to assist you. To better address the issue, could you please provide specific details of the error messages you are encountering and a summary of the actions you have already taken? Additionally, could you specify the software version you are using and any recent changes to your system? I will work swiftly to find a resolution or arrange a call at your convenience to discuss further. Kindly inform me of a suitable time to contact you at <tel_num>. Thank you."
"I am reaching out to seek information on digital strategies that drive brand growth with your integrated products. Could you provide me with some insights on this topic? I would greatly appreciate any guidance or resources you can share. Specifically, I am interested in learning how these products can aid in increasing brand awareness and customer engagement. Thank you for your time and assistance. I look forward to hearing from you soon.","I would be delighted to provide information on digital strategies that drive brand growth with our integrated products. Our products enhance brand awareness and customer engagement through targeted marketing and personalized customer experiences. I can offer you guidance and resources on this topic. For further discussion, could you please indicate a convenient time for a call, and I will reach out to you to provide more details and address any questions you may have."
"A critical issue has arisen during the analysis of investment data, leading to delays in report generation. This problem might be due to software incompatibilities or configuration errors. Steps such as restarting applications and clearing cache have been taken, but the issue remains unresolved. We kindly request your assistance in resolving this matter as soon as possible.","To better address the issue with investment data analysis, please provide detailed information about your software configuration. You can contact us at <tel_num> to discuss this further."
"Dear Support Team, I hope this message finds you well. I am contacting you to address a recent issue with my invoice. It seems that I have been overcharged, and despite my efforts to rectify it, the problem continues. I would be grateful if you could investigate and send me a corrected invoice without further delay. Please let me know if you require any further information from me to help resolve this. As a long-time customer, I trust that we can handle this situation amicably. I am looking forward to your prompt response. Thank you for your assistance. Sincerely, [Your Name]","Dear [Your Name], we are grateful for your prompt communication regarding the overcharge on your invoice. We sincerely regret this oversight and thank you for your patience and continued support. We will examine this matter and aim to provide a corrected invoice at the earliest opportunity. To better assist in resolving this issue, could you please provide us with your account number and the date of the relevant invoice? Additionally, any documentation or details about the overcharge, such as the amount and the specific services or products it pertains to, would be very helpful. If necessary, we may contact you at [Your Tel Num] to discuss further. We will thoroughly review your account and work towards a timely resolution. We appreciate your cooperation and look forward to updating you on our progress. We will be in touch soon. Thanks for your understanding. Best regards, [Support Team Name]"
Would like to know about digital strategies employed by brands with Adobe Creative Cloud and Grammarly. We would appreciate detailed information on tools that enhance brand content creation and editing processes.,I would be happy to discuss digital strategies using Adobe Creative Cloud and Grammarly. Please allow me to schedule a call to provide you with detailed information.
"A potential security vulnerability has been identified in the hospital's system. It may have occurred due to outdated software and misconfigurations. A preliminary audit was conducted, and routine updates have been applied to mitigate the issue. However, further investigation is needed to determine the root cause and ensure the system's security. Assistance from the customer support team is requested to resolve the matter promptly and prevent potential breaches.",Received your email regarding the potential security vulnerability in the hospital's system. The issue will be escalated to the security team for further investigation. Please provide the details of the audit report and the updates that have been applied. Contact <tel_num> to discuss the next steps and ensure necessary follow-up to secure the system.
We recommend integrating the Wave audio tool with Trackball to boost features and collaborative efforts.,"Dear <name>, we value your idea of integrating the Wave audio tool with Trackball to enhance project management functionalities and collaboration. As we strive to continually improve our offerings, we will certainly take your suggestion into consideration. To better comprehend your needs, could you please share more details regarding the desired features and collaboration methods? We will evaluate your feedback and explore potential implementation strategies. Should further discussion be required, we can arrange a call at <tel_num> at a time that suits you."
Notification of a data breach within the hospital's system has been received.,"Thank you for bringing this matter to our attention regarding the data breach detected in the hospital's system. Ensuring the security of our systems is of utmost importance. Please initiate an immediate investigation into the incident. Could you please provide us with detailed information about the breach and any data that may have been compromised? This will help us assess the situation accurately. If further discussion is necessary, we may need to contact you directly for a more in-depth conversation. We would be available for a call at your convenience, please let us know."
"Our agency is facing irregular connection issues with the Moodle Blackboard Learn system. This may be due to network overload or multiple devices accessing simultaneously. We have already restarted the router and monitored bandwidth usage, but the issue still persists and we need assistance to resolve it. Please provide guidance on how to troubleshoot and fix the problem. We would greatly appreciate recommendations on optimizing the network configuration to prevent similar issues in the future.","I would be happy to assist with the connection issues. Please provide details on the network configuration, any error messages received, and guide us through the troubleshooting steps. Additionally, we can recommend optimizations to prevent similar issues in the future."
"Dear Customer Support, I am writing to inform you of a serious data breach that has affected the security of my medical records. The breach may have occurred due to weak access controls, and I am taking immediate action to rectify the situation. I have already implemented emergency password resets and am reviewing user permissions to prevent unauthorized access. I understand the severity of the issue and am working diligently to ensure the security of our systems. I would greatly appreciate any guidance or support you can provide in addressing this matter. Please.",We have received your email regarding the data breach. The issue has been escalated to the security team. Please contact <tel_num> to discuss the steps we can take to provide guidance and secure the medical records system.
"I am facing a payment processing error that may be related to my outdated billing software. I have already restarted my system, reviewed the logs, and reached out to my bank, but the problem occurred unexpectedly. I would greatly appreciate your help in resolving this issue.","I would be glad to assist you with the payment processing error. Could you please share the specific error message you are receiving? Additionally, I will need your account details to investigate this further. Is it alright if I call you at a convenient time to discuss this problem?"
"Hello Customer Support, I am writing to request details on data analytics tools that are suitable for optimizing investment portfolios for financial institutions. Could you please share information on the tools available and their features? I am particularly interested in their capacity to analyze market trends, forecast portfolio performance, and offer optimization recommendations. Additionally, I would greatly appreciate any information on the process for implementing these tools and the required training and support. Thank you for your attention and assistance. I am looking forward to your response.",We will reach out to provide information about available data analytics tools shortly.
A security breach has been identified in the systems. It is suspected that the issue arises from outdated antivirus software and misconfigured settings.,"We are currently addressing a case related to the detected security breach in the systems. To proceed, could you please provide more details on the current antivirus software and its settings? It would be convenient to have a call to discuss the next steps. Please let us know a suitable time for the call."
Can you tell me about the integration possibilities of Notion with your project management software?,"Our platform supports smooth integration with Notion, which allows linking pages and databases and synchronizing data. For more information, our support team can provide additional details and assist you in setting it up. If you prefer, we can schedule a call to discuss this in more depth."
I would like to know more about the scalability solutions your SaaS project management tool offers for large teams. Could you share details on how your tool accommodates expanding teams and what features are included to ensure smooth collaboration?,"Dear <name>, we value your interest in our SaaS project management tool for large teams. Our tool is designed to scale with your team and supports seamless collaboration through features like unlimited user licenses and customizable workflow management. We would be pleased to discuss your specific needs and offer a tailored solution. Please let us know if you would like to schedule a call at <tel_num> to explore further."
"I am encountering difficulties with syncing data across different platforms due to possible incompatible updates or configuration problems. Despite attempts to restart services, examine logs, and update dependencies, the issue remains unresolved. I would greatly appreciate your help in addressing this. Could you please guide me on the next steps to take to resolve this matter?","I am here to assist you with the data synchronization issue you are facing. In order to better diagnose the problem, could you please furnish me with additional details regarding the platforms and updates involved, as well as any specific error messages you have encountered? I will review this information and provide a detailed plan of action. Should further discussion be required, I am open to scheduling a call. If you are available for a call, please let me know your preferred time, and I will make sure to contact you at <tel_num>."
"Hello Customer Support, we are inquiring about the process of integrating the DataRobot SaaS project management platform. Our goal is to leverage DataRobot's capabilities to enhance our project management. Could you provide detailed information on the integration process, including necessary documentation, APIs, and developer resources? We would greatly appreciate any guidance on how to start and any potential challenges we may face. Additionally, could you provide details on how integrating the DataRobot platform could benefit us and improve our operations?","Hello, thank you for reaching out to our customer support team regarding the integration of the DataRobot SaaS project management platform. We would be happy to provide you with detailed information on the integration process, including necessary documentation, APIs, and developer resources. To get started, we recommend visiting the developer portal to find detailed guides and tutorials for integrating the DataRobot platform. If you have any specific questions or need additional assistance, please let us know as we are happy to help. Alternatively, we can schedule a call to provide you with more detailed guidance."
"Hello [Your Name],

I hope this message finds you well. We understand that you are looking for assistance in integrating Firebase into your macOS environment with the aim of improving data analytics for your application. At present, there are challenges in the effective collection and analysis of user data, which is affecting decision-making on the future trajectory of your product.

Your development team is exploring various solutions to enhance your data analytics capabilities, and we believe that Firebase could be a suitable choice. However, there are some uncertainties regarding the appropriate method to proceed. We are more than willing to offer you expert guidance and recommendations based on your specific needs.

Specifically, we are interested in providing details on setting up Firebase on macOS, along with configurations to ensure the collection and analysis of required data. Additionally, our aim is to educate you on the diverse features and tools available through Firebase, such as Google Analytics and Cloud Functions, and how they can be utilized to optimize data analytics.

While we can provide general advice on best practices for data analytics optimization, such as effective data collection and analysis techniques, it would be beneficial to have a detailed discussion. I would like to arrange a call at your convenience to discuss your requirements and provide personalized advice. Please let me know a suitable time to contact you at [Phone Number].

Thank you for considering our support. We look forward to your response and hope to assist you in optimizing your data analytics process.

Best regards,
[Support Team Name]","Dear [Your Name],

Thank you for reaching out. I appreciate your interest in integrating Firebase into your macOS system to boost your data analytics efforts. To ensure we address your specific needs effectively, it would be helpful to schedule a call to discuss your requirements in greater detail and provide tailored advice for setting up Firebase and its feature utilization, such as Google Analytics and Cloud Functions. Please let me know a convenient time to speak with you at [Phone Number]. In the meantime, I can share general best practices for data analytics optimization, including effective data collection, analysis, and interpretation strategies. I look forward to your response and am excited to assist you with your [Account Number].

Best regards,
[Support Team Name]"
"The data analytics dashboard is stopping at random intervals, leading to the loss of investment data. This is because of mismatched versions of Android Studio and Redis. I've attempted to restart the dashboard and inspect the Redis logs, but the problem is still ongoing. I would greatly appreciate your help in solving this issue and in preventing any future crashes.",I will help you with the dashboard problem. Could you please provide your account number and a convenient time for a callback so we can discuss this further?
Could you provide information on the billing plans for the Airtable integration in our project management SaaS solution? I would appreciate any details on pricing and available discounts.,We will get back to you soon.
"Facing connectivity challenges with the Mesh Network, which is impacting digital marketing efforts. The issue might be due to outdated firmware. I've already attempted to reboot and check the device connections, but the problem still exists. I would greatly appreciate your help in resolving this matter at your earliest convenience.","Acknowledging the issue with Mesh Network Connectivity. To assist further, could you please provide the model number and current firmware version of the Mesh Network devices? It would be helpful to schedule a call at a convenient time for you to troubleshoot the issue. Please let me know a suitable time for the call, or you can contact us directly at <tel_num> to discuss possible solutions, which may include firmware updates or device replacement, and we can proceed with <acc_num>."
Marketing agency is facing connectivity issues on various devices and applications. This might be due to a network configuration error or a software conflict.,Please contact <tel_num> to troubleshoot the network connectivity issue for the marketing agency.
"There has been an unexpected data breach where the infrastructure was compromised, leading to the exposure of secure medical records. This may be due to misconfigured firewall settings or outdated software. Despite attempts to restart affected systems and update security protocols, vulnerabilities persist. Immediate assistance is required to address the situation.","We have received your email about the data breach affecting the infrastructure. To assist further, we need details on the steps you have already taken to address the breach. Could you please provide information on the specific affected systems and the vulnerabilities you are encountering? We can schedule a call at your convenience to discuss the situation and develop a plan to rectify the issue and prevent future occurrences."
"Customer Support, a data breach has been reported at a hospital, leading to the compromising of sensitive medical data due to inadequate security protocols. Immediate action has been taken, including implementing basic encryption and updating passwords. However, further assistance is needed to enhance security measures to prevent future incidents. We would appreciate guidance on advanced security protocols, such as firewalls and intrusion detection systems, as well as regular security audits. Additionally, further assistance is required.","We will assist in enhancing security measures to ensure compliance. Please provide your contact information, including <tel_num> and <acc_num>, so we can reach out to discuss a detailed plan of action to rectify the situation and prevent future breaches."
There has been an instance of unauthorized access to medical records. This might have happened due to outdated security protocols. Steps have been taken to update user permissions and conduct a system audit to identify any vulnerabilities.,Immediate investigation and necessary security measures are required.
"Hi there, I'm contacting you to seek advice on the best strategies for combining Firebase with Kubernetes to support expansive digital marketing efforts. Firebase and Kubernetes, with their extensive tools for mobile and web app development and strong container orchestration, can provide a scalable and efficient solution. However, merging these technologies involves careful attention to aspects like data consistency, security, and performance optimization. I would greatly appreciate any resources or tutorials you can offer, and I am also interested in case studies that demonstrate successful integrations. If possible, could you suggest monitoring and troubleshooting tools to address any challenges that may arise during the integration? Your help is much appreciated, and I look forward to your response.","Hello, thank you for contacting our support. We're glad you're looking to integrate Firebase with Kubernetes. We suggest reviewing the official Firebase and Kubernetes documentation for best practices. We can also share relevant tutorials and case studies with you. If you prefer, we can set up a call at <tel_num> to further assist you with the integration process and recommend the best monitoring and troubleshooting tools."
Help,I am here to assist you. Please provide more details about the issue you are facing so that I can offer you a more effective solution.
"Dear Customer Support, I am contacting you to report an issue with the medical data encryption, which has suddenly stopped working. I suspect that this might be due to insufficient updates of the Cisco IOS. Despite attempting to restart the HTC Vive Cosmos VR system, the issue remains unresolved. I would greatly appreciate your assistance in quickly addressing this concern. Could you please provide guidance on what actions I should take next? Given the critical nature of the security of our medical data, prompt resolution is essential. I look forward to your prompt response. Thank you for your time and support. I await your contact.","We have acknowledged your email regarding the medical data encryption issue. To better assist you, we require information on your current Cisco IOS version as well as any error messages you are encountering. Kindly contact us at <tel_num> to discuss the subsequent steps for resolving this problem."
"I am reporting an unexpected crash of our medical data encryption system. It is possible that this issue is due to software compatibility problems. We have already attempted to restart the servers and reviewed the system logs, but the problem remains unresolved. We would greatly appreciate any prompt assistance to ensure the security and integrity of our medical data.",I will look into the crash of your medical data encryption system and get back to you for further assistance and resolution.
"Dear Customer Support Team, I am contacting you to learn more about how data analytics can enhance investment decision-making with your products. Could you provide detailed information on the tools and services that can aid in data-driven investment strategies? I would greatly appreciate any advice on getting started with data analytics for investment optimization. Additionally, could you share any available resources or tutorials that could help me understand this better? I am eagerly looking forward to your response and exploring how your products can assist in making more informed investment decisions. Thank you for your support and assistance. Best regards, [Your Name]","Dear [Your Name], we provide various data analytics tools to optimize investment decisions. Our services include data-driven insights and investment optimization solutions. We have resources and tutorials available to help you get started. I would be delighted to discuss this further with you. Please let me know a convenient time for a call at [tel_num] to explore how our products can assist you."
"SQL queries have begun timing out recently, likely due to an overloaded server or software conflicts.",I will look into the problems with the data dashboard and will contact you at <tel_num> to discuss potential causes and solutions for the SQL query timeout issues.
We are looking to enhance our digital marketing strategies which impact multiple products. We seek support to improve brand growth and ensure service continuity. We would greatly appreciate your guidance and assistance in achieving our goals. Please let us know the next steps to proceed.,"Thank you for reaching out to our service desk regarding marketing strategy support. I would be happy to help enhance your digital marketing strategies to improve brand growth and ensure service continuity. To better understand your requirements, could you please provide details on the specific products and areas you would like to focus on? Based on this information, I can provide tailored guidance and support, outlining the next steps for you. When convenient, we can schedule a call at <tel_num>."
"Dear Customer Support, I am submitting a report regarding an issue with the SaaS platform. Upon launching the platform, users are experiencing considerable lag when tasks are loading, which may be due to high traffic and insufficient server resources. Despite attempts to scale and optimize the server, the issue with lag continues to persist. This lag is negatively impacting user experience and productivity. I would greatly appreciate it if you could look into this matter and provide a solution at your earliest convenience. Additionally, if you need any further information, please let me know.","Hello, thank you for reporting the issue with the SaaS platform. We apologize for the inconvenience caused by the lag. To assist us further, could you please provide details on your server configuration and the optimization attempts you have made so far? We will investigate the matter and provide a solution as soon as possible. Feel free to contact us at <tel_num> to discuss any additional information needed."
"customer support, seeking detailed guidance on optimizing Squarespace for improved brand visibility and growth. interested in practices that can enhance website performance, boost online engagement, and increase sales. Could provide a step-by-step guide on how to optimize a Squarespace website? would also appreciate any tips or recommendations. Additionally, interested in knowing specific tools and features that can be used to enhance the brand's online presence. Thank you for your time.","Dear customer, thank you for reaching out to our service desk. We appreciate your interest in optimizing your Squarespace website for enhanced brand visibility and growth. To improve website performance, increase online engagement, and drive sales, we recommend starting with search engine optimization and ensuring your website is mobile-friendly. We can provide step-by-step instructions and tips on how to utilize Squarespace's built-in features, analytics, and SEO tools to enhance your brand's online presence. Would you like to schedule a call at <tel_num>?"
"The login process failed unexpectedly this morning, which might be related to the server maintenance that occurred overnight. I have already tried restarting my browser and clearing the cache, yet the problem still exists.",I will look into the login issue and reach out to you at <tel_num> if further details are required to address the problem.
"Hello, I am contacting you to request information on the integrations that are compatible with Evernote. Could you please share a list of applications and services that can be integrated with Evernote? Additionally, I would be grateful if you could provide guidance on the integration procedure and any limitations that might apply. I am looking forward to your response and am open to a more detailed discussion at your earliest convenience. Thank you for your time and assistance.","Greetings, thank you for reaching out to our Service Desk to inquire about Evernote integrations. We offer a variety of compatible applications and services such as Google Drive, Microsoft Outlook, and Slack, among others. The integration process usually involves linking your Evernote account to the desired application or service using our website or the application itself. Note that some integrations may have certain limitations or require a subscription to function correctly. For a thorough list of available integrations and detailed instructions, I can provide you with a link to our support page or we can schedule a call at a time that suits you for a more in-depth discussion."
"Customer Support,<br>A security breach has been detected in the hospital system, impacting medical data. It is suspected that outdated software may have contributed to the incident. We have attempted to update security protocols and conduct virus scans to address the issue immediately.<br>We require your assistance to resolve this matter as soon as possible to prevent further damage.<br>Sincerely,<br>[Your Name]","We are currently addressing the security breach in the hospital system. To assist you, we need information on the steps taken regarding the outdated software. It would be convenient to schedule a call to discuss and determine the appropriate course of action to resolve the issue promptly."
Could you provide more information on the digital strategies available to support brand growth? I am particularly interested in learning about the specific services offered that could help businesses expand their online presence. I look forward to your prompt response and appreciate your assistance.,We offer customized digital solutions that include SEO and social media management to enhance your online presence and drive brand growth.
"Hello Customer Support, our marketing agency's website is currently experiencing downtime, which is impacting brand visibility and sales. It may be due to server overload or misconfigured plugins. We have already restarted the server, cleared the cache, and disabled any recent updates, but the issue still persists. This website downtime is causing significant financial loss in terms of potential customer revenue. We would greatly appreciate it if you could look into this matter urgently and provide a solution to get the website running as soon as possible. Please let us know.","Dear [name], we apologize for the issue with the website downtime and appreciate the troubleshooting steps that have been taken. We will investigate the matter urgently. For further assistance, could you please provide us with the account number and a good time to call you at [tel_num] to discuss possible solutions and next steps to get the website running as soon as possible."
The system encountered a data breach. We have updated Malwarebytes and reinforced firewall settings.,We appreciate the update and would like to discuss steps to ensure account <acc_num> is secure. Immediate action is needed.
The recent campaign was unsuccessful due to technical problems. Our troubleshooting attempts were not successful.,We apologize for the issues with the recent campaign and would like to investigate further. Could you please provide details on the technical glitches experienced and the troubleshooting steps you have taken? We are happy to assist in resolving the issue.
I would like to explore more about digital tactics for brand expansion and how these can be put into practice for achieving success.,I am glad to assist you with digital tactics for brand expansion. Please provide a convenient time to call you at <tel_num> for a detailed discussion.
"I am contacting you to seek information regarding integration options for Xero with your project management SaaS solution. Could you kindly furnish me with details on the available integration methods and relevant documentation or support resources? It would also be helpful to know if there are any specific prerequisites or constraints related to integrating Xero with your platform. Moreover, do you have any plans for future enhancements or expansions in the Xero integration? Thank you for addressing this request. I eagerly anticipate your response and look forward to a detailed discussion.","We can supply information on Xero integration methods and documentation. Our platform supports API and Zapier integration. For more information, please refer to our website. I will contact you at <tel_num> to go over further specifics and address any questions you have about upcoming enhancements and expansions."
"I am reaching out to inform you about an unforeseen error during the payment processing. This error could be related to outdated software or a configuration problem. I have already restarted the system, reviewed the logs, and contacted the bank, but the problem continues. I would greatly appreciate your investigation and prompt resolution of this issue.",Thank you for your email concerning the payment error. I will look into this matter. Could you please provide your account number and the exact error message you are seeing? I will reach out to you at a convenient time to discuss this further and resolve the issue. Would you be available for a call at your preferred time?
"Customer Support, encountered an unexpected charge on my account, which is affecting our budget for digital marketing activities. This might have occurred due to a billing error or miscommunication related to package upgrades. After verifying subscription details and checking for unauthorized transactions, the issue still persists. Could you please look into this matter and provide a resolution and explanation for the charge? I appreciate your assistance in resolving this issue and would like a detailed breakdown of my current subscription and any recent changes. Thank you.",We will review your account and contact us at <tel_num> to discuss the charge and provide a detailed breakdown of your subscription.
"The campaigns were initiated with outdated BIOS settings, likely owing to insufficient software updates. This could have led to compatibility issues. I have restarted the servers and verified the network configurations.",Further details required
"I am contacting you to seek ClickUp integration guides for Adobe Photoshop CC 2021 and QuickBooks Online. Could you kindly provide detailed, step-by-step instructions on how to integrate these tools with ClickUp? Any resources or assistance you can provide to help me begin this process would be greatly appreciated.","Dear <name>, thank you for reaching out to our support team. We will supply you with the ClickUp integration guides for Adobe Photoshop CC 2021 and QuickBooks Online. I would like to schedule a call with you to discuss the step-by-step instructions on how to integrate these tools with ClickUp. Would you be available for a call at a time that fits your schedule, or would you prefer that we send you the guides via email and you can reach out if you have any questions about the integration process? Please let me know which option you prefer."
"Dear Customer Support, <br>We are reporting an issue that several users have encountered with the recent software updates. The problem seems to be related to billing discrepancies, which may have been caused by integration or data migration errors. Our team has reviewed the transaction histories of the affected users and attempted to resync the system, but unfortunately, the issue was not resolved. <br>We would greatly appreciate it if you could look into this matter and provide a solution at your earliest convenience. Please let us know if we need to contact you at <tel_num> to further discuss the issue.","Thank you for bringing the issue of billing discrepancies related to recent software updates to our attention, <name>. We would like to investigate this matter further. Could you please provide us with detailed information about the affected users and the transaction histories that were reviewed? If necessary, we can contact you at <tel_num> to discuss the issue in more detail. We will work to resolve the issue as soon as possible and provide a solution to correct the billing discrepancies."
May we offer insights to optimize your digital strategies?,"'name' thanks for your inquiry regarding strategies to enhance digital brand growth. Our team would be delighted to provide insights on how to improve your digital strategies to achieve a better online presence and engagement. We can discuss ways to enhance your website, social media, content marketing efforts, and how to better reach your target audience. We can also provide information on your current digital setup and goals, offering tailored guidance. We are available for a convenient call to discuss your needs and answer any questions you may have."
"Customer Support, I am inquiring about digital strategies that can drive brand growth. Could you provide more details on the methods used to increase brand awareness and engagement? I am particularly interested in learning about social media marketing efforts to measure their effectiveness. Additionally, I would appreciate information on content marketing strategies to optimize our website for search engines. Thank you for your time and assistance. I look forward to hearing back soon. Please let me know.","Dear [Name], thank you for your email and for your interest in digital strategies. We use various methods to drive brand growth, including social media marketing and content marketing. To provide you with more specific information, please let us know the specific areas you are interested in, as we are happy to assist and provide more details according to your needs."
"There has been a decline in marketing campaign metrics following recent algorithm updates. Despite reviewing and modifying the targeting settings and message content, there has been no improvement. Assistance is required to address this issue and enhance the campaign's performance.","We are here to assist with the metrics issue related to your campaign. To better understand the situation, could you please provide more details on the algorithm changes and the adjustments made to the targeting settings and messaging? Additionally, we would like to schedule a call to discuss this further. Please let us know a convenient time for you, and we will contact you at <tel_num> to resolve the issue related to campaign <acc_num>."
"Dear Customer Support, I am reaching out to request enhancements to the data analytics tools to improve investment optimization. The current tools are lacking and do not provide the necessary insights for making informed decisions. I would like to see advanced features integrated into the existing software to significantly improve the user experience and provide a competitive advantage. I look forward to hearing from you soon.","Dear [Name], we appreciate your feedback regarding the data analytics tools and your request for enhancements with advanced features. A representative will contact you soon to discuss this further."
"Respected Customer Support, I am writing to ask about the pricing for integrating Blackboard Learn into your SaaS project management solution. Could you kindly give me a detailed outline of the associated costs? Additionally, it would be helpful to know if there are extra services or features included in the integration deal. Moreover, I am interested in learning about any discounts provided for long-term deals or bulk purchases. I look forward to your response. Thank you for your support and time.","Hello <name>, thank you for contacting us regarding the pricing for integrating Blackboard Learn with your SaaS project management platform. We would be glad to offer you a comprehensive cost breakdown. The integration includes a setup fee and an annual subscription fee, which fluctuates according to the number of users and features needed. We also provide extra services such as premium support and training, which can be added at an additional cost. Discounts are available for long-term commitments and bulk purchases, and we can discuss this in more detail. I would like to arrange a call with you to discuss your specific needs and provide a customized quote. Could we schedule a call at a time that is convenient for you?"
"I am interested in learning about digital marketing services to help my business grow. Could you provide details on the services you offer, such as SEO, social media management, and content creation? I would greatly appreciate information on how these services can enhance brand growth and increase online presence. Thank you for your time, and I look forward to hearing from you.","Hello [Name],
Thank you for your interest in our digital marketing services. We offer a range of services including SEO, social media management, and content creation to help businesses like yours grow and enhance your online brand presence. Our services are designed to increase online visibility, drive traffic to your website, and ultimately boost sales. We would be happy to discuss how we can tailor our services to meet your specific business needs. We are available to call at your convenience to discuss further."
"Dear customer support, multiple users have reported performance issues with our SaaS platform on Microsoft Windows 10 Pro. These problems might be due to recent software updates or integration conflicts with third-party applications. Despite trying to troubleshoot by clearing the cache, reinstalling affected applications, and checking network connectivity, the issues still persist. I would greatly appreciate your assistance in resolving this matter, as it is affecting the users' experience.",We acknowledge the performance issues reported for our SaaS platform on Microsoft Windows 10 Pro and appreciate the troubleshooting steps you have already taken. We will investigate this matter further. Could you please provide more details on the recent software updates and third-party applications you are using? Knowing any specific error messages or symptoms experienced by the users would be very helpful. We are happy to discuss this at a convenient time; please let us know a suitable time to reach out.
"I am facing display-related problems with the Acer Predator XB273K monitor while using a project management SaaS platform. Despite attempting to adjust monitor settings and reinstalling the application, the issue still exists. I would greatly appreciate any assistance in resolving this problem.","Dear [Name], we regret to hear that you are experiencing display issues with your monitor while using our project management SaaS. We are willing to assist you in resolving this problem. Please provide us with detailed information about the issue, including any exact error messages or descriptions of what you are seeing. Additionally, it would be helpful if you could tell us which operating system and browser you are using. We prefer to discuss this further over a call at [Tel Num], or you can continue troubleshooting via email. Please let us know a convenient time for a call, or if you prefer to continue via email."
"Customer Support, compiling a critical report on an issue with the medical records system. We have encountered a data security breach, which may be due to outdated encryption protocols. Although we have tried to apply software updates, vulnerabilities persist, and we are seeking urgent assistance to secure sensitive patient data. The breach has put patients' confidential information at risk, and it is essential to resolve the matter promptly. We would appreciate immediate guidance and support.","Received your report regarding the data breach in the medical records system. The issue has been escalated to the security team. Please expect a call from us at <tel_num> to discuss further. In the meantime, please attempt to apply the updates to avoid any potential compromise to the system. Your account number is <acc_num>."
"Our system went through unexpected downtime impacting all users. There might be a server overload issue or a possible software bug. After restarting the server and reviewing the logs, the problem still exists. We are diligently investigating to fix the issue promptly. We kindly request your feedback if you have any questions or concerns.","Dear <name>, thank you for bringing the server downtime issue to our attention. We regret the inconvenience this has caused for your users. We appreciate your efforts in troubleshooting, such as restarting the server and examining the logs. We aim to resolve this issue swiftly and would appreciate it if you could share any error messages or logs you've reviewed. This information will help us understand the situation better and provide a more precise solution."
"Urgent request for integration updates to enhance compatibility and performance within the project management SaaS platform. The current integration is causing issues with data synchronization, leading to delays and inefficiencies. I would greatly appreciate it if you could prioritize this request and provide an estimated timeline for the updates.",Received your urgent request for integration updates to enhance compatibility and performance. We will prioritize this and provide an estimated timeline for the updates shortly.
"I am seeking detailed information on the data security measures implemented for the services and products offered by your hospital. Could you provide a comprehensive overview of the protocols and technologies used to protect sensitive patient data, including details on encryption, access controls, and compliance with relevant regulations?",The report will be sent.
"There has been a failure in the data synchronization between the HubSpot CRM and Asana systems. Having restarted the HubSpot CRM and verified the API connections, the issue still remains unresolved. It could be indicative of API compatibility problems.","Dear <name>, I am investigating the CRM synchronization issue you are encountering between HubSpot CRM and Asana. You have already attempted troubleshooting by restarting HubSpot CRM and checking API connections. Since the issue is still present, it might be due to API compatibility issues. To proceed, I would appreciate if you could provide a detailed account of the error message you are receiving or any pertinent logs. If necessary, I can also arrange a call at a convenient time for you to discuss this issue further and explore potential solutions. Kindly let me know a suitable time to contact you at <tel_num> or if you prefer to continue with further troubleshooting via email."
"I am in touch to bring to your attention an issue with medical data exposure that occurred during a recent system update. This problem might be due to inadequate firewall settings. Despite my efforts to resolve it by restarting the system and updating the firewall rules, the issue still remains. I kindly request you to look into this matter promptly and provide a resolution to prevent any future exposure of sensitive medical data.",We are investigating the matter urgently.
Can you provide detailed information on scalable SaaS capabilities for project management solutions?,"We offer a range of SaaS solutions for scalable project management, including workflow automation and resource allocation tools. We would be happy to provide detailed information and discuss solutions that meet your specific needs. We are available to discuss further at your convenience."
"Dear Customer Support Team, <br/>I am writing to inform you about an issue I encountered with our data analytics platform. It unexpectedly crashed, which might be due to software compatibility problems. Despite restarting the system, checking for updates, and ensuring configurations are correct, the problem remains unresolved. I would be grateful if you could help me resolve this issue promptly. Please inform me if you require any further details. Thank you for your time and support.",I will review your issue and contact you at <tel_num> to provide further assistance and resolve the data analytics platform crash.
"Respected Customer Service Team, I am addressing you to highlight the necessity to revise our digital marketing tactics for the impacted products. Our existing strategies are not achieving the expected outcomes, and it is crucial that we reevaluate our approach to enhance brand growth and interaction. There has been a noticeable drop in sales for the affected products, and swift action is required to address this issue. I recommend initiating a comprehensive analysis of our target audience, competitors, and market trends to uncover potential improvements. Additionally, I suggest engaging with social media platforms, influencer marketing, and content marketing to amplify our brand's visibility and attract a broader audience. It is also vital to concentrate on crafting engaging and personalized content that appeals to our target demographic and prompts them to take action. By updating our digital marketing tactics, we can increase brand recognition, fuel sales, and consequently promote overall business growth. I am keen to delve deeper into this topic and collaborate to put forward the proposed adjustments. I look forward to your feedback and eagerly await your thoughts on this matter.","Respected <name>, thank you for contacting us concerning the need to revise your digital marketing tactics for the impacted products. I appreciate the concerns highlighted about the decrease in sales and the urgency of taking prompt action. I concur that a thorough examination of your target audience, competitors, and market trends is essential to pinpoint areas for enhancement. I would like to arrange a call to discuss the proposed modifications and explore methods for implementation. Could you let me know a convenient time for the call? I will ensure to reach out to you at <tel_num>. Alternatively, please furnish more details about the affected products and the current digital marketing strategies in place so that I can offer more customized advice."
"I am contacting you to inquire about the flexibility of user roles and permissions in your project management software. As a prospective client, I am eager to understand how your platform can be customized to fit the unique requirements of our organization. Could you please inform me about the possibility of creating customized user roles and the ability to assign specific permissions to each role? Additionally, I would like to know the limitations, if any, on the number of custom roles that can be established. Furthermore, I am interested in learning how the tool manages permission inheritance and if it allows for assigning permissions at the project, task, or team level. We seek a tool that offers a high degree of customization to address the complex needs of our organization. I would appreciate it if you could provide any relevant information or direction. Thank you for your time and support. I anticipate your prompt response and look forward to your reply.","Dear <name>, we appreciate your email. Our project management software supports customization for user roles and permissions. Custom user roles can be created, and specific permissions can be assigned to each. We can go over the details and any limitations during a call at a time convenient for you. Please provide a suitable time to contact you at <tel_num>."
"We are encountering occasional login difficulties on the project management software. This might be caused by server overload during peak times. After clearing our cache and monitoring server load, the problem hasn't been resolved yet. We require urgent help to fix this.",A specialist will be assigned to look into this issue. Please provide details about the affected account and users to assist us.
"To Customer Support: I am communicating to inform you of an integration challenge we are experiencing with Microsoft Teams. The integration has failed, and I suspect this might be because of the latest API updates. I have attempted to restart the services and reviewed the configuration files, but the issue still exists. I would be immensely grateful if you could review this situation and provide a resolution at the earliest opportunity. Kindly inform me if you need any additional information from me to address this issue. I am willing to provide any necessary details or assistance. Thank you for your time and assistance. I am eagerly awaiting your response.","Hello <name>, we acknowledge the integration issue you have reported with Microsoft Teams. We will delve into this matter and consider the recent API updates as a possible cause. For more effective assistance, could you please share the error message you are receiving and the configuration files you have reviewed? If required, we can schedule a call at <tel_num> to discuss further. Please let us know a convenient time for you to be available. We appreciate your cooperation and will work swiftly to resolve this issue for your account <acc_num>."
A possible data compromise has been identified in the hospital's systems.,"<name>, please treat the potential data compromise in the hospital's systems with seriousness. Immediate action is needed to investigate and contain the issue. Conduct a thorough analysis to determine the scope and impact of the breach. In the meantime, recommend that users change their passwords and monitor their accounts for any suspicious activity. For more information about the breach, please let us know. We will provide updates as more information becomes available and additional details can be shared via a convenient call."
"Hello Customer Support, I am contacting you to report a serious problem. Our data encryption has failed, leading to the exposure of patient records. The issue could be due to outdated software or human error. We have attempted to restart the servers and review the configurations, but the problem continues. We urgently require your help to address this issue and prevent any additional breaches. Please conduct a thorough investigation and promptly provide a resolution. We appreciate your swift action in this matter and look forward to your response soon.","Hello <name>, we confirm the receipt of your email concerning the data encryption malfunction. We take this incident very seriously and will investigate immediately. To assist us in resolving the issue, could you provide further details about your current software version and the specific error messages you are encountering? We will call you at <tel_num> to discuss further and offer a solution to prevent any future breaches."
I am contacting to ask about how to optimize data analytics tools for investment forecasting and portfolio management. Could you give me some guidance on the best practices and the available solutions? I would really appreciate any recommendations or resources you could provide to help me improve my investment strategies.,"Hello, I can assist you in optimizing data analytics tools for investment forecasting and portfolio management. Our team suggests using machine learning algorithms and connecting with market data feeds for precise predictions. We can also go over available solutions like data visualization software and portfolio management platforms. To fully understand your specific requirements, I would like to schedule a call at <tel_num>. Would you be available for a call at your convenience to explore the best options for your investment strategies and provide tailored recommendations?"
Could you please provide details on the services offered for securing medical data in hospital systems? Your timely assistance would be greatly appreciated.,"We offer various services for securing medical data in hospital systems, including encryption, access control, and monitoring. We would be happy to discuss these services in detail and provide a customized solution. We are available to call at your convenience to discuss your requirements and provide information on our services."
"Hello, I am seeking assistance in optimizing Airtable for digital marketing strategies. Could you offer some guidance on how to set up the platform? Our goal is to streamline our workflow and enhance team productivity. Any tips or practices shared would be greatly appreciated. Thank you for your assistance.",I would be happy to help optimize Airtable for marketing strategies. Please provide details on your current workflow so I can offer specific guidance and practices to improve productivity.
"Customer Support, please address the underperformance of our digital campaigns, which has led to lower-than-expected brand engagement. Although we have made adjustments to our ad spend and fine-tuned our target audiences, we have not seen significant improvement. It is possible that our current targeting strategies are outdated and may be a major contributing factor to the issue. We would greatly appreciate it if you could review our campaigns and provide guidance on how to optimize them for better results. Please let us know if there is any additional information needed.",We will review your digital campaigns and provide guidance on optimization. Please provide your account number and current targeting strategies for our assistance.
"I am contacting you to request information on data analytics tools that can be integrated with QuickBooks Online for the purpose of investment optimization. Could you kindly furnish me with a list of compatible tools and their respective features? Additionally, I would be grateful if you could share pricing details and customer support offerings for these tools. Furthermore, I am interested in any available tutorials or guides that can assist me in getting started with these tools. My intention is to optimize my investments through data-driven decisions, and I am confident that the right integration with QuickBooks Online will support this endeavor. Thank you for your time and assistance.","I am able to provide you with a list of data analytics tools that integrate with QuickBooks Online, along with their features, pricing, and customer support information. I will also include any available tutorials and guides to assist you in getting started. I will conduct the necessary research and respond with the detailed information you have requested."
"Upgrade digital marketing tools and systems to enhance brand growth strategies and improve performance analytics. This will help in increasing brand visibility and reaching a wider audience, leading to better performance growth.",Thank you for your interest in enhancing your brand growth strategies and improving performance analytics. We recommend updating your digital marketing tools and systems and scheduling a consultation to discuss your specific needs and goals. This will enable us to provide a tailored solution that suits your business requirements. We will review your current systems to identify areas for improvement and recommend new tools and strategies to increase brand visibility and reach a wider audience. Please let us know.
"An unexpected data leak has happened. It is suspected that insufficient access controls are the reason. Attempts to restart Redis 6.2 were made, but the problem continues. Additional help is required to address this issue.","I am investigating the data leak you have reported. To provide better assistance, could you please share more information about the leaks and your current access controls? It would be convenient for me to call you at <tel_num> to discuss further."
"There was an incident involving potential vulnerabilities in the hospital's infrastructure that could impact the security of medical data, possibly due to outdated firewall configurations and missed updates. Efforts to secure the system included rebooting devices, updating software, and reviewing security protocols, but issues still persist. Urgent assistance is required to resolve the matter and ensure the security of medical data.",Service Desk of <name> takes the security of medical data seriously. We are ready to assist with potential vulnerabilities in the hospital's infrastructure. Please provide us with the current configuration and any updates that have been applied. We will schedule a call at a convenient time to discuss and provide a solution to secure the system.
Could you recommend appropriate security protocols for storing medical data on Logitech devices?,"Our organization advises the use of encryption and strong passwords for safeguarding medical data on non-manufactured devices like Logitech devices. For detailed security protocols specific to their equipment, please contact Logitech support via the phone number provided."
Integrating project timelines within a SaaS platform,Let's explore integrating project timelines into your SaaS solution. Please share your specific needs for a tailored approach.
Users are facing sporadic login difficulties on the project management platform. This might be linked to heightened server load during peak times. Steps like clearing cache and restarting the application server have been attempted but the issue remains unresolved. We require your assistance in resolving this problem.,"{name}, thank you for reaching out regarding the login system issue on the project management platform. We are sorry to hear that users are encountering these intermittent login problems. We appreciate the troubleshooting steps you've already taken, such as clearing cache and restarting the application server. To assist you better, could you please provide any error messages that users are receiving and the exact times when the issue occurs? This information will help us investigate whether the problem is related to increased server load."
Seeking advice on how to optimize investment tactics using the data analytics products available. Appreciate your prompt assistance with this investment query.,"I would be glad to assist in optimizing investment tactics using data analytics solutions. Could you please share the specific products you are interested in, so I can provide tailored guidance and recommendations?"
I am contacting you to explore digital strategies that can be integrated with Zoho CRM to enhance brand growth and customer engagement.,"Dear <name>, thank you for reaching out to us about digital strategies that integrate with Zoho CRM. We provide a range of solutions to boost brand growth and customer engagement, including marketing automation and analytics tools. To better tailor our assistance to your needs, could you please share more details about your current Zoho CRM setup and your goals? I am available to discuss further at your convenience. Please let me know a suitable time to call you at <tel_num>."
"Seeking to understand the billing features within the JIRA Software, a SaaS tool for project management. Could you provide detailed information on how billing works, including any discounts for annual subscriptions or additional fees for specific features? This information would greatly assist me in better understanding the costs associated with using JIRA Software.",Will provide billing information details shortly
"I am reaching out to report an issue with the exposure of medical data through an unsecured Docker container. The root cause appears to be an inadequate Ansible script configuration. I have tried restarting Docker and checking Microsoft Teams integrations, but the problem still exists. Assistance is required to address this matter and secure the data.",I have noted your email regarding the data security issue with the unsecured Docker container. I will examine the Ansible script configuration and will contact you at <tel_num> to discuss the necessary steps for resolving the issue and ensuring the security of your medical data.
"I am keen to explore digital strategies that can enhance brand growth for users on Android 12, particularly with the use of Mailchimp. Could you offer some advice or suggestions on how to effectively communicate with and engage this user base? I would greatly appreciate any tips on improving my marketing strategies for this audience.","Certainly, I can share with you digital strategies to foster brand growth for Android 12 users, including tips on utilizing Mailchimp. To effectively connect with and engage this audience, focus on personalizing your email campaigns and employing targeted automation workflows. Additionally, use segmentation to customize your content and offers specifically for Android 12 users. For more tailored recommendations, could you please share more about your current marketing activities and your goals for Mailchimp integration? I would be glad to delve deeper into this matter with you. Are you available for a discussion call at a convenient time?"
"Hello Customer Support, I am contacting you regarding a recent problem I encountered with accessing my dashboard. The issue appeared without any prior warning and might be related to server overloading. I have attempted troubleshooting steps such as restarting my browser and clearing the cache, yet the issue remains unresolved. This abrupt disruption has disrupted my ongoing work and has caused substantial inconvenience. I kindly request that you address this matter promptly and offer a solution. It would also be helpful if you could inform me of any additional measures I can undertake to resolve this issue. I am willing to provide any necessary details to assist in your investigation. Please do not hesitate to call me at <tel_num> for further discussion. I await your swift response and am hopeful for a prompt resolution. Thank you for your assistance.",We will look into the login problem for your dashboard access. Kindly share your account details and we will reach out to you at <tel_num> to discuss further steps for resolution.
"Customer Support, kindly assist in resolving service interruptions that have affected our digital strategies, hindering brand growth and the operations of various products and services. These outages have led to significant disruptions in our operations, impacting our ability to effectively engage with customers. I would greatly appreciate it if you could look into this matter urgently and provide a solution as soon as possible. Please let me know if there is any additional information you need to facilitate the resolution of this issue. I look forward to hearing from you soon. Thank you.","<name>, we are looking into the service interruptions affecting your digital strategies. To facilitate the resolution, could you please provide details on the outages, the products and services that were impacted, and any error messages received? We will contact you at <tel_num> to discuss this further."
"Customer Support, we are here to assist with inquiries about our services that can help in achieving effective brand growth through digital strategies. We are keen to learn more about the services you can offer to help our business expand its online presence and increase brand awareness. Could you provide insights on various digital strategies such as social media marketing, email marketing, and search engine optimization? We would greatly appreciate any information on associated costs, case studies, and success stories.","Thank you for reaching out to the customer support team regarding digital strategies for brand growth. We offer a range of services including social media marketing, email marketing, and search engine optimization to assist businesses like yours in expanding your online presence and increasing brand awareness. Our team of experts, with extensive experience in the field of digital marketing, would be happy to provide you with information about our services and their costs. We can also share several case studies and success stories."
Would like to know more about the digital strategies for brand growth services. I am interested in learning how these services can help my business expand its online presence. Could you provide specific tactics used to increase brand awareness and engagement? Looking forward to your response.,We will provide detailed information about our digital brand growth services strategies via email or during a phone call.
"Dear Customer Support, We are encountering issues with our data analytics dashboard which has crashed unexpectedly. We suspect it may be related to a recent PostgreSQL update. Despite attempts to restart the servers and check configurations, the problem continues to occur. This tool is essential to our operations and we need it restored as soon as possible. Please help us resolve this issue by investigating and providing any necessary guidance. If further information is needed from us, please let us know as we are eager to assist in any way we can to resolve the problem. Thank you for your assistance and support. Sincerely, [Your Name]","Dear [Your Name], We are sorry to hear about the crash of your data analytics dashboard and understand the critical importance it plays in your business operations. I will help you resolve this issue as quickly as possible. To better understand the cause, could you provide more details about the PostgreSQL update and the specific error messages you are seeing? Additionally, please share your [acc_num] so we can review the specifics of your account. If a call is needed, I can schedule one at [tel_num] to discuss the issue and guide you through troubleshooting steps. Please let me know a convenient time for a call. We appreciate your cooperation and look forward to your response. Thank you for your patience."
"Dear Customer Support, I am contacting you to report an issue with our digital campaigns. They unexpectedly crashed, and we think it might be because of recent incompatible software updates. We have attempted to restart the servers and reviewed the logs, but the problem still occurs. The campaigns were functioning properly until the updates were applied, leading us to believe they might be the cause. Kindly investigate this matter and provide a resolution as soon as possible. Please inform us if you require further details from us to address this issue. Thank you for your time and help. Sincerely, [Your Name]",I will examine the campaign issue and reach out to you at <tel_num> for any additional information needed to resolve the problem promptly.
Inquiring about support for enhancements in the integration capabilities of the SaaS project management platform. Current limitations are affecting the team's ability to manage projects effectively. A response with an update on the potential timeline for enhanced integration support would be greatly appreciated. This would significantly improve the overall experience with the platform. Thank you for your time and consideration.,"<name>, thank you for your email regarding the integration support for the SaaS project management platform. We appreciate your feedback and are happy to discuss potential enhancements. We will review your request and provide an update on the feasibility and timeline for implementation. If you have further needs, please contact <tel_num> to discuss further."
"Is it possible to get details on data analytics services that could optimize our investment strategies and help us make informed decisions to maximize returns? We are very interested in leveraging your expertise to benefit our business. Thank you for your assistance, and we look forward to hearing from you soon.","Hello, thank you for your email regarding data analytics services. I would be happy to provide you with more information about our expertise and how we can assist in optimizing your investments and maximizing returns for your business. Our services include data analysis and reporting to help inform decision-making. To discuss further, could you please provide us with details about your specific investment goals? We would be happy to schedule a call at your convenience to explore how our services can benefit you. Please let us know a suitable time."
"There are data inconsistencies in the investment analytics reports. This might be due to recent software updates or configuration problems. I have tried restarting the affected applications and rechecking the data inputs, but the issue still persists. I would greatly appreciate it if you could look into this matter and provide a solution at your earliest convenience.",Please investigate the data discrepancies in the investment analytics reports. Kindly provide details of the errors and contact us at <tel_num> to discuss potential solutions.
"Hello Customer Support, I am writing to ask about the suggested digital approaches for enhancing brand growth through the use of AWS and WordPress. I would like to know how these platforms can be effectively utilized to amplify my brand's online footprint and attract a broader audience. Could you share some insights and best practices on leveraging AWS and WordPress for brand growth? Furthermore, do you have any specific recommendations for tools or services that could aid in this process? I am eager to receive your advice. Thanks for your support and time.","Hello [name], thank you for contacting our customer support regarding digital strategies for brand growth using AWS and WordPress. We are here to assist you in exploring how these technologies can enhance your online presence. To better tailor our guidance to your needs, could you please provide additional details about your current AWS and WordPress setup and the specific areas of brand growth you are targeting? Based on this information, we can provide you with detailed best practices and recommended tools or services. Examples of popular options include Amazon API Gateway, Amazon Rekognition, and WordPress plugins such as Yoast SEO. If it would be more convenient, we can also arrange a call at a time that suits you or continue our discussion via email. We are looking forward to your response and further supporting your brand growth objectives."
"An unauthorized access incident has happened in our hospital systems, which might be linked to a phishing attack. Despite updating passwords and conducting security audits, the issue continues. Assistance is required to address this.","We need your help to resolve the unauthorized access incident in the hospital systems. To better understand the issue, we require details about the security audits conducted and the specific issues that persist. Could you please provide us with the details of the incident, the timeframe, and any error messages you encountered? We would be available to discuss this further at your convenience. Please let us know a suitable time for a call."
"A financial company is facing irregularities in data reporting through Microsoft Dynamics 365 and PostgreSQL 13. The issue might be due to integration errors between the systems. Steps taken to resolve it included restarting applications and checking for update patches, but the problem continues. Assistance is needed to resolve this issue.","To address the irregular data reporting issue with Microsoft Dynamics 365 and PostgreSQL 13, I would like to review the integration settings and discuss any error logs. Let's schedule a call at <tel_num> to gather more information and determine the next steps to resolve the issue. This is for account <acc_num>."
There are unanticipated charges on the monthly invoice because of an incorrect account setup.,I will examine your account configuration and monthly invoice to look into these unexpected charges and will get back to you to discuss the needed corrections and adjustments to your account.
"Hello Customer Service Team, I hope this message finds you well. I am reaching out to inform you that our digital campaign performance has fallen below our expectations. We suspect that the problem may be attributed to incorrect targeting and ad placement. Despite making adjustments to the audience and creative content, we have not seen any improvement. Could you please investigate this issue and offer a resolution at your earliest convenience? If you require any further information from me, please do not hesitate to ask. Thank you for your prompt attention to this matter. I anticipate your swift response. Best regards.","We have noted your concerns regarding the digital campaign performance and would like to delve deeper into the issue. Could you please share your <acc_num> so we can proceed with the investigation? Additionally, I will contact you at <tel_num> to assist you with this matter. Thank you."
"Hello Support Team, We are contacting you due to a malfunction with our digital campaigns that has suddenly halted. We are unclear about the reasons behind it and believe it might be related to integration difficulties. We have attempted to restart our services and review the configurations, but the issue remains unresolved. We kindly ask for your help in addressing this promptly. Please inform us if you require any further information from us. We are eagerly awaiting your response. Many thanks for your attention and support.","Hello <name>, Thank you for reaching out to us regarding the interruption of your digital campaigns. We regret to hear that they have stopped functioning due to suspected integration issues. We are keen to look into this further. Could you please share more details about the error messages you are encountering and the specific steps you took when trying to restart your services and check the configurations? Additionally, I will reach out to you at <tel_num> to discuss this matter further if that is agreeable to you."
Request to update the integration of data analytics tools across Airtable to enhance investment optimization.,"Dear [Name], thank you for your request to update the integration of data analytics tools across Airtable, which aims to improve investment optimization. We will review your request to provide a solution that enhances investment optimization. Please provide details on the specific analytics tools you are currently using, as this may require a call with [Phone Number] for further discussion. Thank you for choosing our service, and we look forward to staying in touch soon."
"Dear Customer Support, we are encountering occasional performance problems with project load times, which might be related to high user activity during peak hours. We have already tried optimizing database queries and increasing server resources, and this has led to a noticeable improvement. However, users still experience delays during peak hours, causing frustration. We would greatly appreciate your assistance in identifying the root cause and implementing a solution to enhance our performance and user experience.","Hello [Name], we are pleased to assist you with your performance issues. Could you please provide us with the current server configuration and details of your database optimization efforts? We can schedule a call at a convenient time for you to discuss and help identify the root cause and implement a solution. Please contact us at [tel_num]."
"An unexpected service outage has occurred in the SaaS project management tool, likely due to compatibility issues with PHP 8.0 and Cassandra 4.0 updates. We have tried restarting the services and checked the system logs, but the issue still persists. Assistance is needed to resolve this issue and prevent future occurrences.",Please review the outage issue with the SaaS project management tool and provide log files and details on the updates. Contact us at <tel_num> to discuss and receive assistance in resolving the issue.
"Dear Customer Support, I am reaching out to request an enhancement in the integration of our data analytics tools with Salesforce CRM. Currently, the integration is limited and does not provide the level of detail required for optimized investment tracking and reporting. We would like to see advanced features such as automated data syncing, customizable dashboards, and real-time reporting, which would enable our team to make more informed decisions and improve overall performance. We believe this enhancement would be a valuable addition to the platform, and we look forward to your response.",Thank you for your feedback regarding the enhancement of the Salesforce CRM data analytics tools integration. We will review your request and get back to you soon.
"Hello Customer Support, we are inquiring about your digital strategy services related to brand growth. Could you provide more details on the services you offer, such as social media management, content creation, and SEO optimization? We are particularly interested in learning how these services can help our brand expand its online presence and increase engagement with our target audience. We look forward to hearing back from you at your earliest convenience and would greatly appreciate any information you can provide regarding the benefits of your services for our brand.","We would be happy to provide information about our digital strategy services, including social media management, content creation, and SEO optimization. We can discuss how these services can help your brand grow, and we are available for a call at your convenience to discuss further."
"There is a potential data breach detected in the healthcare provider's system, which may be due to an unauthorized access vulnerability.","Name is writing an acknowledgment email regarding the potential data breach detected in the healthcare provider's system. We take these incidents seriously and are committed to providing assistance to mitigate any potential damage. To better understand the situation and provide effective support, could you please provide more details about the breach, including the date it was detected, the steps that have been taken so far. Additionally, it would be helpful to know what type of data may have been compromised. If possible, please schedule a meeting to discuss this further."
"Hello Customer Support, I am reaching out to inquire about the pricing for integrating Zoho Books into our project management SaaS. Could you please provide a detailed breakdown of the costs involved? I would like to know about any additional fees associated with setup, maintenance, and support. Additionally, I am interested in knowing if there are any discounts available for long-term commitments or bulk subscriptions. I am also keen on learning more about the features and benefits of the integration and how it can enhance our overall project management experience. Could you provide any case studies or testimonials from existing customers as well? Thank you for your assistance.","Dear [Name], thank you for your email regarding the pricing for the Zoho Books integration. We will provide a detailed breakdown of the costs involved, including any additional fees for setup, maintenance, and support. Please allow us to contact you at [Phone Number] to discuss any questions you may have and to go over the features and benefits of the integration. Thank you."
I would like to seek advice on digital tactics that can enhance our brand's growth. Our goal is to expand our online footprint and attract a broader audience.,I am ready to discuss digital strategies that can boost your brand's growth. Please let me know a suitable time for a call to delve into these possibilities.
"Dear Customer Support Team, I am reaching out to request the integration of user-friendly features in our project management SaaS. The current interface is quite overwhelming, particularly for new users. I believe incorporating drag-and-drop functionality, customizable dashboards, and real-time collaboration tools would significantly enhance the overall user experience. Additionally, optimizing the platform for mobile devices would allow users to access and manage projects more easily.","<name> greatly appreciates the feedback regarding the project management SaaS and thanks the user for taking the time to share their suggestions. The team is constantly working to improve the platform and will certainly consider the request for user-friendly features such as drag-and-drop functionality and customizable dashboards. An update on upcoming features and improvements will be provided in the next newsletter. For any further questions or concerns, please do not hesitate to contact us at <tel_num> or reply by email."
"Hello customer support, I am reaching out to inquire about integrating the Smartsheet SaaS project management platform. Could you provide me with the details and necessary steps required for the integration? I would greatly appreciate your assistance and look forward to hearing back from you soon. Thank you for your time and support.","Hello [name], thank you for reaching out to our support team regarding the integration of the Smartsheet SaaS project management platform. We would be happy to assist with the integration process and would like to gather information about your current setup and requirements. Could you please provide us with the specific details of the features you would like to integrate from Smartsheet? This will help us provide the necessary steps and requirements to complete the integration. We would like to discuss this further and schedule a call at your convenience to go over the details."
"Hello Customer Support, I am currently facing issues with data synchronization on Salesforce CRM. It might be due to a problem with the Kubernetes setup. I have already attempted to restart the WLAN router and verified the Excel 2021 data sources, but the problem still exists. I would be grateful if you could investigate and offer a solution promptly. Please inform me if you require additional information from me. Thank you for your time and help. I await your response.","Hello <name>, we appreciate you contacting us regarding the data sync challenge with Salesforce CRM. We will explore the Kubernetes configuration to address this. Could you also share any specific error messages you are encountering? We might need to contact you at <tel_num> for a more detailed discussion."
"Investment optimization with the data analytics tool has been hampered by intermittent outages, possibly due to recent software updates or server overload. Steps taken, such as restarting the application and clearing cache, have not resolved the issue. The outages are impacting the ability to make informed investment decisions. We would appreciate it if you could look into this matter and provide a solution at your earliest convenience.","We have received your email concerning outages with the data analytics tool. We apologize for the inconvenience this is causing. Please provide the exact error message and the time of the last outage. We will also need your account information, including your account number, to investigate the matter. Please let us know a convenient time to discuss this issue and provide a solution."
"Customer Support, <br><br>I am submitting a report on a critical bug that is hindering project syncing on our SaaS platform. The issue might be related to recent backend updates. Despite my efforts to troubleshoot, including rebooting services, clearing caches, and validating API connections, the problem still persists.<br><br>This bug is significantly impacting our operations, and I urgently need your assistance to resolve the matter. I would greatly appreciate it if you could look into the issue as soon as possible and provide a solution.","Dear [Customer], thank you for reporting the critical bug that is preventing project syncing on our SaaS platform. We apologize for the impact on your operations. To assist you further, could you please provide the exact error message and the steps you have taken that led to the issue? We will investigate the matter urgently and work on providing a solution or a workaround as soon as possible. If you need to discuss further, please contact us at [tel_num]. Please let us know a suitable time for a call."
Noticed a decline in web traffic and engagement metrics. This could be due to an algorithm change or a technical glitch. Steps taken include clearing the cache and updating the content.,Requesting detailed information.
Our website experienced a crash during the launch today. It's possible the server was overloaded. We have already restarted the server and scanned for any malware.,"Dear <name>, we regret to inform you that your website crashed during today's digital campaign launch. We appreciate your prompt response in restarting the server and conducting a malware scan. To help us investigate the issue further, could you provide us with more information regarding the error messages you encountered and the current server load? Additionally, please share the anticipated number of concurrent users during the launch. To discuss potential solutions and preventive measures for future events, we suggest scheduling a call. Would it be convenient for you to speak with us at <tel_num> for this discussion, and to explore any necessary actions to enhance server capacity?"
"Greeting Customer Support Team, I am submitting this communication to highlight a sudden encryption malfunction on my medical data. This anomaly could be linked to the use of an outdated Docker version. Despite my efforts to restart the servers and analyze the logs, the problem remains unresolved. I kindly request you to examine this situation and swiftly offer a resolution. Please inform me if there is any supplementary information you require. Thanks for your support.","Hello [Name], thank you for bringing the encryption issue to our attention. We will delve into the matter of your medical data encryption, especially considering the outdated Docker version. Could you kindly share the current Docker version and the precise error message found in the logs to assist us in our analysis? We will be in touch shortly to outline the subsequent steps."
"Inquiring about Customer Support for digital strategies that can aid in brand growth services. Would appreciate it if you could provide more details on the services offered to help businesses grow. Particularly interested in the approach to social media marketing, content creation, and search engine optimization. It would be great to receive information, including case studies and testimonials from previous clients. Thank you for your assistance, and I look forward to hearing back soon.","Dear [Name], thank you for your interest in our brand growth services. We offer customized digital strategies, including social media marketing, content creation, and search engine optimization, to help businesses grow. We would be happy to provide more details and share case studies from previous clients. We are available for a call at your convenience to further discuss how we can assist your business. Please let us know a suitable time to call at [tel_num]."
"An unauthorized access attempt was detected on healthcare systems. Security patches were updated and logs were monitored to resolve the access issues. We need your assistance to prevent future occurrences. Could you please provide details on the unauthorized access attempt, including the date and time it occurred and relevant log entries? For your account number, please refer to <acc_num>. It would be convenient for us to call you at <tel_num> to discuss the next steps for resolving the incident and implementing measures to prevent future occurrences.","<name>, we take this security incident very seriously and are here to assist you. To better understand the issue, could you please provide details on the unauthorized access attempt, including the date and time it occurred and any relevant log entries? Your account number is <acc_num>. It would be convenient for us to call you at <tel_num> to discuss the next steps for resolving the incident and implementing measures to prevent future occurrences."
"Dear Customer Support, our healthcare provider recently faced a potential data breach that may have compromised secure access to patient medical records. This could be due to outdated security protocols and unauthorized access attempts. We have already implemented immediate password updates and firewall adjustments, but access issues still persist. The breach may have exposed sensitive patient information, raising concerns about the security of our system. We kindly request your assistance in investigating and resolving this matter as soon as possible.",Please investigate the data breach issue immediately and contact us at <tel_num> to discuss the next steps. We will provide assistance in securing the system.
"Dear Customer Support, I am writing to request enhancements in our data analytics capabilities to optimize investment strategies for our affected products. The current system is not providing real-time insights or predictive analytics, which hinders our ability to make informed decisions. I would like to request the following enhancements: real-time data visualization, predictive modeling, and automated reporting. These features would greatly improve our investment strategies and overall business performance. I look forward to your response.","Dear [Name], we appreciate your request for enhancements to our data analytics capabilities. We will review your request and provide you with a timeline for implementation. Please allow us to contact you at [Phone Number] to discuss the details further."
"Medical records not available because of a system failure, attempted to reboot the systems",I regret the difficulty you're experiencing accessing your medical records. Could you share any error messages you're encountering? I intend to look into this and will reach out to you at a convenient time to address it. Would you be available for a call to discuss further at a time that suits you?
"Dear Customer Support, I am interested in learning about data analytics tools that can optimize investment portfolios for individual investors. I am eager to maximize my returns and reduce my risks and have heard that data analytics could be beneficial. However, I would like some guidance on the most effective tools. Could you provide me with detailed information on this matter? I am particularly interested in tools that can monitor my portfolio's performance in real-time, notify me of specific conditions, and offer access to historical data and trends. Additionally, I am interested in tools that can provide personalized recommendations based on my investment goals and risk tolerance. I have conducted some research on my own, but I would appreciate your expert opinion on the subject. Could you recommend some data analytics tools that can help optimize my investment portfolio? Thank you for your consideration. I look forward to your response. Best regards, [Your Name]","Dear [Your Name], we appreciate your inquiry about data analytics tools for optimizing investment portfolios as an individual investor. Our team understands your desire to enhance your returns and mitigate risks. We are here to assist you with information on tools that can track your portfolio performance in real-time, alert you to specific conditions, and offer access to historical data and trends. Some tools also provide personalized recommendations based on your investment goals and risk tolerance. We would be glad to delve into this further and recommend appropriate tools. Could you please share more details about your current investment portfolio and specific goals? Alternatively, we can schedule a call at [tel_num] for a more detailed discussion at your convenience. We are eager to help you find the right data analytics tools to meet your needs."
"Greetings, Customer Support. I am contacting you to seek advice on the ideal configuration of Elasticsearch 7.13 for data analytics in investment forecasting. I am particularly interested in the best practices for a setup that can manage extensive financial data and deliver precise predictive outcomes. Could you share your insights on the recommended node configuration, shard distribution, and indexing methods for this application? Moreover, are there any specific plugins or modules you would recommend for investment forecasting? I would be grateful for any recommendations or resources you could offer to help optimize my Elasticsearch setup for data analytics. Thank you for your time and assistance. I anticipate your prompt response and eagerly await your feedback.","Hello, [Name]. We thank you for your inquiry regarding the Elasticsearch configuration for investment forecasting. For the best performance, we advise having a minimum of three nodes in a production cluster, with the number of shards tailored to your data volume and query patterns. For indexing strategies, a time-based approach is advisable. We recommend exploring the X-Pack plugin for features such as alerting and monitoring. Should you wish to provide more specifics about your current setup and data needs, we can schedule a call at [Phone Number] to discuss in greater detail."
Could you please provide detailed information regarding the billing options for Digitalkamera ESET NOD32 Antivirus 14? Thank you!,Please provide detailed billing options for Digitalkamera ESET NOD32 Antivirus 14 and allow us to discuss at your convenient time.
"Seeking detailed guidance on integrating the Microsoft Teams SaaS project management solution. Would appreciate step-by-step instructions, documentation, and any help with the process. Could you provide additional resources and support to ensure a successful integration?","<name> is happy to assist with integrating the Microsoft Teams SaaS project management solution. A comprehensive guide outlines the step-by-step process for integration, which you can find on the website. Please provide a direct link to the documentation. Additionally, we offer support resources such as tutorials and FAQs that may be helpful during the integration process. If you have specific questions or need further assistance, please let us know, and we can offer phone support to help you speak with someone directly."
"Customer Support, we are reaching out to inquire about the security practices and protocols in place within the SAP ERP Central Component 6.0 to ensure the confidentiality, integrity, and availability of sensitive medical information. We would greatly appreciate guidance on data encryption, access controls, and audit trails. Additionally, we would like to know if specific compliance requirements and regulatory standards are met, such as HIPAA and ICD-10. We look forward to hearing back with the necessary information.","Thank you for your inquiry regarding securing medical data within SAP ERP Central Component 6.0. Our team follows best practices for data encryption, access controls, and audit trails to ensure the confidentiality, integrity, and availability of sensitive information. We comply with regulatory standards such as HIPAA and ICD-10. For specific guidance on our protocols and practices, we would like to schedule a call at a convenient time to discuss further. Please let us know a suitable time to reach you."
"Request for integrating project management SaaS tools like Zoho CRM, Outlook 2021, and Notion to enhance user productivity. The integration is aimed at allowing teams to access and manage projects seamlessly across various platforms, thereby saving time and increasing efficiency.","<name>, we appreciate your request for integrating project management SaaS tools such as Zoho CRM, Outlook 2021, and Notion to enhance user productivity. Our team will review the requirements to provide a solution that integrates these platforms seamlessly. We would like to schedule a call to discuss the project details and answer any questions. Please let us know a suitable time that is convenient for you, and we will arrange accordingly. We will also provide a detailed proposal outlining the scope of the integration."
"Users are encountering connectivity problems with the project management SaaS application, which is affecting their productivity due to compatibility issues.","We are addressing the connectivity challenges with the project management SaaS. Please investigate the compatibility issues and provide us with details and any error messages you are seeing. You can call <tel_num> to discuss further. In the meantime, please send an update with the next steps to resolve the issue. Your account number is <acc_num>."
"Customer Support, reporting a critical issue concerning unauthorized access to patient medical records in the hospital system. Despite recent software updates and a review of user access logs, the issue remains unresolved. These unauthorized access attempts may be due to outdated security protocols and insufficient firewall rules. I am concerned about the potential for a data breach involving sensitive patient information and would appreciate your assistance in resolving this matter. Could you please provide guidance?","Dear <name>, we take the confidentiality of patient medical data very seriously and are grateful for bringing this matter to our attention. We will assign this issue to a senior security specialist for a thorough review and to provide recommendations for strengthening security measures. To better assist you, could you please provide details on your current security protocols, including firewall rules and software updates? Additionally, could you confirm if any suspicious activities or alerts related to unauthorized access have been noticed?"
"I am contacting you to report recurring software crashes and errors that started recently. The problem may be due to incompatible updates or a conflict with other software products. I've already attempted to restart and reinstall the software, but the issue remains unresolved. I urgently need your assistance to find a lasting solution. Could you please help me diagnose or provide a fix for these crashes and errors so they do not occur again in the future?","Hello <name>, we have received your email concerning the software crash issue. To provide the best assistance, we need more information about the software and updates involved. Please include any specific error messages you are encountering and the steps you have already taken. If necessary, I can arrange a call at <tel_num> for a detailed discussion. Could you confirm a suitable time for you? I will work to provide a solution or guide you through the troubleshooting process to permanently resolve the issue for your <acc_num> account."
Seeking to learn how to optimize investments using DataRobot's analytics features. Would greatly appreciate any information and resources that could assist in getting started.,We can provide you with information on DataRobot's analytics capabilities. Please feel free to contact <tel_num> for a detailed discussion.
"I am contacting customer support to seek advice on optimizing investment analytics using MATLAB for better decision-making. Could you provide information on how to leverage MATLAB's capabilities to enhance investment decisions? I would greatly appreciate any guidance on available tools, resources, and best practices. Thank you for your time and assistance. I look forward to hearing from you soon.","Thank you for reaching out to the customer support team regarding the optimization of investment analytics using MATLAB. We can provide guidance on how to leverage MATLAB's capabilities to improve investment decisions. MATLAB offers a wide range of tools and resources for investment analytics, including data analysis and visualization, portfolio optimization, and risk management. We recommend exploring MATLAB's documentation and tutorials on these topics. Additionally, we can offer best practices for implementing an investment analytics workflow using MATLAB."
"I'm interested in learning about the SaaS features that support project management and scalability. Specifically, I would like to know if the platform can accommodate large projects and teams. Could you provide details on the tools and features that enable efficient collaboration and task management? I greatly appreciate your assistance and look forward to hearing back soon.",I would be happy to provide information on the SaaS features related to project management and scalability. Please allow me to call at your convenience to discuss the details of the tools and features that support efficient collaboration and task management.
"Customer Support, exploring ways to enhance integration capabilities among various applications in our project management SaaS to achieve our goal of improving the user experience and enabling seamless interactions across different tools. This would allow users to access multiple applications from a single platform, thus streamlining workflows and increasing productivity. We believe this enhancement would be a significant step forward in providing an intuitive and efficient experience for our users.","<name>, thank you for your feedback on enhancing integration capabilities in our project management SaaS to improve user experience. We will review your request and invite you to contact us at <tel_num> to discuss the details and possible implementation."
"An unexpected billing error has occurred, which may be related to an outdated payment method.","We regret the inconvenience caused by the unexpected billing error. The issue might be due to an outdated payment method. Please update your payment details by logging into your account and following the on-screen instructions to add a new payment method. If you have already updated your payment method, please contact our support team for further assistance. We are here to help resolve the issue and ensure your account is up-to-date. If you have any questions or concerns, please let us know."
"Suspected data breach, currently examining access logs",Examining issues with hospital security systems due to a suspected data breach. Please provide access log information to better assist with the matter.
The Data Analytics Dashboard is stationary. It might be because of excessive load on the Cassandra database. I restarted the server and reviewed the latest GitHub updates.,I will examine the performance issue of the Data Analytics Dashboard. Please share the error log for a deeper analysis and to help in troubleshooting.
Noted unauthorized access attempts occurred,"<name>, please address this security incident with prompt attention. Kindly furnish details about the unauthorized access attempts, including the date and time, and the affected systems. This will assist us in investigating the matter and taking the necessary actions. If available, I would like to discuss this further by calling at <tel_num>. Could you please inform me of a convenient time to call regarding <acc_num>?"
"I am encountering difficulties with the digital tools due to a sudden loss of connectivity. It seems the issue could be related to outdated software. Despite restarting and trying to update the software, the problem continues to occur.","Dear <name>, thank you for contacting us regarding the problems you are facing with our digital tools. We regret the inconvenience this has caused and are here to support you. We understand that you have already attempted to restart and update your software, but the issue still persists. We would like to further investigate the root cause of the connectivity loss. Could you please provide us with more details about the error messages you are seeing and the steps you have taken so far? If needed, we can arrange a call at a convenient time for you to discuss this further. Please let us know a suitable time to reach you at <tel_num> and we will be happy to help resolve the issue related to your <acc_num>."
"Dear Customer Support, <br><br>I am contacting you to report that the campaign analytics dashboard has not been loading correctly. I think this could be because of a misconfiguration in the GitHub integration or a conflict with my Avast security software. <br><br>Having already restarted my system and run a malware scan with Malwarebytes, the problem still persists. I would really appreciate any help you can offer to resolve this. <br><br>Could you please let me know if there are any further steps I can take or if you need any additional details from me? <br><br>Thank you for your time and support. <br><br>Sincerely, <br>[Your Name]",I apologize for the problem you are experiencing with the campaign analytics dashboard. Could you please share your account number and a screenshot of the error message? I will look into the GitHub integration and Avast security software configuration to assist you further.
"I am keen to learn about the features of a project management SaaS solution. Could you please provide information on scalability options, customization possibilities, integration tools, and pricing plans? Additionally, I would like to know about the security measures in place to protect user data. Your detailed response will help me make an informed decision. Thank you for your assistance, and I look forward to your prompt reply.","I would be happy to provide information on the features, pricing plans, and other details of our project management SaaS. Please allow us to call you for a more convenient discussion, and we can send you the detailed information you requested."
"Dear Customer Support, <br/>I am reporting an issue with the investments optimization tool. It failed to load data, which could be due to insufficient system resources or software incompatibility. <br/>After attempting to restart my system and checking for updates, the issue still persists. <br/>I would appreciate your investigation and a prompt solution. <br/>Thank you for your time and assistance. <br/>Sincerely, <br/>[Your Name]",We have received your email about the issues with the investments optimization tool loading. We will look into this and contact you at <tel_num> if further assistance is needed.
"Dear Support Team, I am experiencing a login problem that started this morning. Login failed without any clear reason, and I suspect it might be related to server maintenance. I have already tried restarting my browser and clearing the cache, but the issue remains unresolved. Please review the situation and provide a solution at your earliest convenience. If there are any further steps I need to take, please inform me. Thank you for your help. Sincerely, [Your Name]","Dear Customer, we appreciate you bringing this login issue to our attention. We regret the inconvenience caused and are currently investigating the matter. Our team will look into the cause and work on a resolution as quickly as possible. In the meantime, please check our website for any maintenance notifications. If the issue continues, we might need additional information from you to assist with troubleshooting. We value your patience and will provide an update shortly. Thank you for your understanding."
Is it possible to get details on integrating Smart-Gartenbewässerung with Slack and Elasticsearch? Thank you!,"<name>, provide details on integrating Smart-Gartenbewässerung with Slack and Elasticsearch. To better assist you, please provide more information about your current setup and what you are trying to achieve. I am happy to discuss and explore possible solutions, and would be available for a call at your convenience."
"We faced a data breach in the hospital's system, which led to the compromise of secure medical data. This may have occurred due to a software vulnerability in the current security setup. We have taken immediate action by updating the antivirus software, conducting a security audit, and reinforcing our firewall settings.","Thank you for your email regarding the data security issue at the hospital. We appreciate the swift actions taken, including updating the antivirus software, conducting a security audit, and reinforcing firewall settings. To ensure that all necessary steps have been taken, we would like to discuss this matter further. Could you please provide details on the breach and the actions that have been taken so far? We are available to schedule a call at your earliest convenience to go over these details. Please call <tel_num> at your convenience to discuss the next steps."
Faced synchronization difficulties between Airtable and Cassandra 4.0,I will look into the Airtable synchronization problem with Cassandra 4.0. Please share additional details regarding the error for better support.
"I am keen to join your service and would like to understand the available payment methods. Could you kindly share a list of accepted payment types? Additionally, I would be grateful if you could inform me about any current discounts or promotions. I appreciate your time and look forward to your response. I await your reply eagerly.","Dear <name>, we are grateful for your interest in our service and are pleased to share information about our payment options. We accept major credit cards like Visa, Mastercard, and American Express, as well as online payment services such as PayPal. We also provide discounts for extended commitments and special offers for new subscribers. For more details on current promotions and discounts, I would be happy to call you at your convenience to discuss the specifics. Would you be available for a call at <tel_num> or would you prefer another time?"
"I am facing issues with the data analytics tool as it unexpectedly crashes. There is a possibility that the problem could stem from a compatibility issue with Zoho Books integration. I have already attempted to restart my MacBook and reviewed the settings in the Eclipse IDE, but the problem still persists. I would greatly appreciate your assistance in resolving this issue.","I am ready to assist you with the challenges you are experiencing with the data analytics tool. In order to address the potential Zoho Books integration issue, could you kindly provide more details regarding the error message you encounter when the tool crashes? I will arrange a time that is convenient for you to resolve the issue."
I require assistance with integrating Smartsheet Elasticsearch 7.13 into the SaaS platform. Could you provide detailed documentation?,"I am pleased to assist with the integration of Smartsheet Elasticsearch into the SaaS platform. Documentation is available, but I would like to confirm the details before providing it. Could you please confirm your account number and specific integration requirements? Once confirmed, I will provide the necessary documentation and schedule a call to discuss further."
"Greetings Customer Support, I am reaching out to inquire about digital strategies that can impact brand growth online. Could you provide information on methods to use for increasing brand awareness and customer engagement online? I would greatly appreciate any details you can share regarding social media marketing, content creation, and search engine optimization techniques. Additionally, I am interested in learning about the tools and platforms you utilize to measure the success of these digital strategies. Thank you for your time and assistance. I look forward to hearing back from you.","Dear [Name], thank you for reaching out to our customer support team. We appreciate your interest in digital strategies for brand growth online. Our team employs a combination of social media marketing, content creation, and search engine optimization techniques to increase brand awareness and customer engagement. We also leverage various tools and platforms to measure the success of these digital strategies, including analytics software and performance tracking metrics. For detailed information, we would be happy to schedule a call with you."
Could you offer insights on optimizing investments through KNIME data analytics? I am keen on learning how to use data analytics for making well-informed investment choices. I would greatly appreciate any guidance and resources you can provide. Thank you for your assistance.,"Hello, KNIME data analytics can indeed help in optimizing investments and making informed decisions. I would be happy to call you at <tel_num> to provide guidance and resources on this topic. We can schedule a call at your convenience to go into more detail."
"Recently, users have reported experiencing slow response times when accessing project dashboard features during peak hours of increased user traffic. Efforts to identify and address potential bottlenecks in server performance and optimize database queries have been made, but the issues persist. We are still working on resolving the issue.",Received an email regarding the reported issues with delayed response times on the project dashboard. Offering assistance to provide detailed information on server performance during peak hours to help resolve the issue.
"Dear Customer Support,

I am contacting you to report an unforeseen system outage that has had significant impacts on our operations. We currently suspect that the outage could be due to an overload or a technical malfunction, but the exact cause is still under investigation.

Steps taken so far include restarting services, reviewing logs, and monitoring system performance. Despite these efforts, the issue remains unresolved, and we need your assistance to identify and rectify the problem.

Here are the details of the incident:

**Incident Overview:** Our system unexpectedly went down, leading to reduced productivity.

**Possible Cause:** We believe the outage might have been due to overload or a technical glitch, but a thorough investigation is required to confirm this.

**Actions Taken:** Our technical team has restarted services, reviewed logs for errors, and monitored system performance to spot any potential issues. Unfortunately, the problem persists.

We would be grateful if you could organize a call to further discuss this matter. Additionally, could you confirm your account number and the precise time the outage occurred? This information will be invaluable in pinpointing the issue and finding a solution.

Thank you for your swift attention to this matter.

Best regards,
[Your Name]","Dear [Your Name],

Thank you for reporting the unexpected system outage. I apologize for the inconvenience this has caused. Could we arrange a call to delve deeper into the issue? Please let me know a convenient time for you. Meanwhile, could you provide your account number and the exact time the outage began? This information will aid in our investigation and prompt resolution. I appreciate your understanding and cooperation.

We look forward to discussing this further and resolving the issue at your earliest convenience.

Best regards,
[Support Team Member]"
Is it possible to furnish details on integrating the JIRA project management software? Thank you!,I would be glad to assist with the JIRA integration. Could you please provide information on your current setup and what you are trying to achieve? I will be able to provide a detailed response and offer assistance.
Project schedules are failing to sync between teams. There might be integration problems with OneNote and Windows. I have already restarted Repeater and reviewed Ansible configurations.,"I have noted your concern about the project synchronization issue. In order to delve deeper into the integration challenges with OneNote and Windows, could you share any specific error messages you are encountering? Additionally, please provide the versions of the software you are utilizing. I will contact you at <tel_num> to proceed with the next steps."
"I noticed some unanticipated fees in my monthly bill, which might be because of a mistake in the product bundle setup.","I am investigating the unexpected charges on your bill. For a clearer understanding of the issue, could you provide more information about the suspected incorrect product bundle configuration? I will review your account <acc_num> and contact you at <tel_num> if further discussion is needed to resolve the matter."
Data was lost following a Docker update. It is suspected that the Docker version is incompatible. Efforts to resolve included restarting Docker and reviewing ClickUp settings.,Please provide additional details regarding the issue for support.
"Customer Support, submitting request for enhancements to data analytics tools currently utilized by a financial firm for investment optimization strategies. Current tools are lacking in providing the necessary level of insight needed to make informed decisions. We would appreciate additional features such as predictive modeling and real-time data analysis, which would greatly improve our ability to optimize investment strategies and increase returns. We are considering this request and appreciate your attention to it.","Dear [name], thank you for reaching out to us to enhance the data analytics tools. We appreciate your feedback and are interested in learning how we can better meet your needs. Could you please provide more information on the specific features you are looking for, the types of predictive models you would like to see, and the frequency of real-time data analysis required? We would like to schedule a call to discuss this further; please let us know a suitable time that is convenient for you."
"Unapproved access has been detected in the hospital's systems, which may pose a risk to the medical data.","Dear [Name], we take the report of the unapproved access to the hospital's systems very seriously. The potential risk to the medical data is a top priority. Please provide more details about the incident, including the date and time it was detected, as well as any relevant system logs. We would like to schedule a call to discuss the next steps. I am available at your convenience and would appreciate it if you could let me know a suitable time to contact you at [Tel Num]."
Could you provide detailed information on integrating Smartsheet's scalable SaaS project management solution? I need to know the specific requirements and the benefits of the integration.,"To integrate Smartsheet's scalable SaaS project management solution, you will need an active account and our services. The benefits of integration include streamlined workflows, automated reporting, and enhanced collaboration. Our system supports API-based integration with Smartsheet, enabling seamless data exchange. For specific requirements, I would be happy to schedule a call at your convenience to discuss and provide a tailored solution for your needs. Please let me know a suitable time for the call."
Is it possible to supply us with information on digital marketing strategies that can aid in brand growth? This would be incredibly helpful for bettering our online presence and reaching a broader audience. We really appreciate your prompt assistance in this matter and look forward to hearing back from you soon.,We will review your request and provide a detailed response regarding digital marketing strategies that can aid in brand growth and improving online presence.
"Details: Investment figures are not updating accurately. Possible reasons: API connection problems or software that is out of date. Actions taken: Restarted equipment, verified network links, and ensured API credentials are valid.",I will examine the problem and reach out to you shortly at <tel_num> to explore the next steps.
"We have detected unauthorized access attempts to medical data. This is a serious security issue and we take it very seriously. Could you please provide us with the date and time these attempts occurred along with any relevant details? We will immediately launch an investigation into this matter and take the necessary steps to prevent any future attempts. For your convenience, I am available to discuss this matter over the phone at <tel_num>. Alternatively, please let me know a suitable time to call you regarding this issue related to account <acc_num>.","We take security of medical data very seriously and are concerned about the unauthorized access attempts detected. Please provide us with the date and time these attempts occurred, along with any relevant details. We will immediately launch an investigation into this matter and take the necessary steps to prevent any future attempts. For your convenience, I am available to discuss this matter over the phone at <tel_num>. Alternatively, please let me know a suitable time to call you regarding this issue related to account <acc_num>."
The data analytics dashboard did not load and showed error messages. There might be conflicts due to recent software updates. I have restarted the servers and verified the network connections.,"Thank you for your email regarding the data analytics dashboard issue. For a deeper investigation, could you please share the precise error message you encountered? Additionally, could you provide the details of the software update version and the date it was implemented, so I can check for any potential conflicts?"
Project information vanished unexpectedly because of a compatibility glitch with the Google Nest Wifi Router.,We will look into the integration problem and work to restore your project data as soon as possible.
I am keen to learn about digital strategies that can enhance brand growth for software products. Could you provide specific details on the approaches and techniques used? I would appreciate any shared strategies that have helped software companies achieve their goals.,"I would be happy to provide information on digital strategies that enhance brand growth for software products. The approaches include search engine optimization, pay-per-click advertising, and social media marketing. These strategies have helped numerous software companies achieve their goals by increasing their online presence and driving traffic to their websites. I would like to schedule a call to discuss your specific needs and provide tailored information. Please let me know your availability for a convenient call."
"I am seeking to understand how DataRobot can assist in optimizing investment strategies, particularly in terms of analyzing large datasets, identifying trends, and providing predictive models to inform investment decisions. I am also interested in learning about how DataRobot can aid in portfolio optimization, risk management, and performance measurement. I would greatly appreciate a detailed discussion on these topics.",I would be happy to discuss DataRobot's capabilities with you. Please allow me to call you at <tel_num> to provide detailed information on how it can optimize investment strategies and assist with portfolio optimization.
"Hello Customer Support, I am contacting you to report a significant problem with our medical records system. We recently found that there was unauthorized access to sensitive patient data. Our preliminary investigation indicates that this might be due to an outdated software vulnerability. Although we have updated our firewall, the issue still persists. We are worried about the potential risks of this breach and would appreciate your help in resolving this quickly. Could you please investigate and suggest the necessary steps to secure our system? We appreciate your swift response and look forward to your assistance.","We value the security of your medical records system and thank you for bringing this to our attention. To better assist you, could you provide more details about the system and the detected vulnerability? We are willing to schedule a call at your convenience to discuss further. Please let us know a suitable time to contact you at <tel_num>. Meanwhile, we recommend closely monitoring the system for any further unauthorized access, and we will work together to address this issue promptly."
Could you provide more details on the digital strategy services that could help enhance our brand growth? I am exploring ways to improve our online presence.,"We can offer customized digital strategy services to enhance your brand growth and online presence, including social media management and content creation. I would prefer to call and discuss this further for your convenience."
"Issue: Sudden data loss occurred. Might be due to a coding mistake. Actions taken: Restarted servers, conducted a code review.",I received your message concerning the sudden halt in the digital campaign due to data loss. Could you provide more details on the coding error and the results of your code review so far? We need to discuss this further.
"I am looking to learn about the integrations available for Ableton Live 11 Suite, especially in the context of project management and SaaS solutions that can enhance workflow and productivity. Could you provide details on how these integrations work and the features they offer? I am particularly interested in understanding how SaaS can improve workflow within Ableton Live. Any information or resources you can provide would be greatly appreciated. I look forward to hearing back and exploring the possibilities of integrating SaaS with Ableton Live 11 Suite.","Ableton Live 11 Suite offers multiple integrations to enhance workflow and productivity. SaaS solutions provide features such as automated task management, collaboration tools, and customizable workflows. These integrations enable seamless interaction between Ableton Live and project management platforms, streamlining tasks and improving overall efficiency. I would be happy to provide you with information and resources that highlight the benefits of these integrations for workflow. Please let me know if you would like to schedule a call to discuss this further."
"Facing discrepancies in recent billing due to multiple service integrations. Despite reviewing payment history and attempting to reconcile recent charges, the issues continue. Assistance is needed to resolve these discrepancies and ensure accurate billing going forward.",We will review account <acc_num> to investigate the billing discrepancies. Please contact us at <tel_num> for a further discussion.
"Our marketing agency has observed a notable decrease in brand engagement metrics. This decline might be attributed to recent algorithm modifications on social media platforms. Efforts to enhance engagement, such as increasing ad expenditure and optimizing content, have not yielded satisfactory results. We are reaching out to seek expert guidance on how to improve our online presence and increase engagement. Could you provide us with some recommendations and strategies to help us overcome this challenge?",I would be happy to assist. Please provide details on your current marketing strategies and engagement metrics. A review of this information will help me provide effective recommendations to improve your online presence and increase engagement.
"Dear Customer Support, I am encountering issues with my digital ad campaigns and need assistance. Despite reviewing and adjusting the campaign settings and budgets, the results are still unsatisfactory and the campaigns are underperforming, leading to a decrease in brand visibility. This may be due to recent algorithm changes or adjustments in audience targeting. I would greatly appreciate it if you could look into this matter and provide guidance to improve the performance of my campaigns. Please let me know if you need any additional information to assist me with this issue. Thank you.","Hello, to provide guidance to improve the performance of your digital ad campaigns, could you please provide the campaign IDs associated with the issue? Additionally, it would be helpful to know the specific changes made to the campaign settings and budgets. If needed, we can schedule a call at a time that suits you. Please let me know a convenient time to reach you at the number provided. Once I have this information, I will review it and get back to you with recommendations to enhance your campaigns."
"Noted a sudden rise in server response time during peak usage hours, likely due to a recent code update. Efforts to optimize server settings and revert the update were not successful in resolving the issue. The team is actively investigating the cause and working towards a solution to ensure better user experience.",Understood the issue and are working on a solution to reduce server response time and improve user experience for account <acc_num>.
"Hello Customer Support, I am writing to request information regarding the payment options for RAID-Controller and Hub services. Could you please list the payment methods you accept such as credit cards, PayPal, or bank transfers? Are there any discounts available for extended contracts or large orders? I am also keen to know about the pricing plans and payment terms for these services. If any special offers or promotions are currently being offered, could you share that information as well? I look forward to your response and appreciate your help in understanding the payment options for these services. Best regards, [Your Name]","Greetings [name], we accept different payment methods like credit cards, PayPal, and bank transfers for our RAID-Controller and Hub services. Discounts are available for long-term contracts and bulk purchases, and we currently have a promotion for new clients. For detailed pricing plans and payment terms, I would be glad to discuss this further with you. Would you be available for a call at <tel_num> to discuss your specific requirements and provide more information on our services and available promotions?"
"To Customer Support, I am contacting you to detail an issue with integrating several tools into our system. The integration has stopped functioning properly, and we suspect this may be due to recent adjustments to the API. Despite our efforts to correct this by restarting our services and reviewing our logs, the problem still exists. We would be grateful for your help in addressing this as quickly as possible. Could you please request any further information or actions from us that are needed to solve this issue? Thank you for your understanding and cooperation. Sincerely, [Your Name]","Dear [Your Name], we appreciate you contacting us about the difficulties with the integration tools. We apologize for the inconvenience caused by the recent API updates. To better assist you, could you provide more specifics regarding the error messages you are encountering and the actions you have already taken? If necessary, we can arrange a call at a convenient time, such as [tel_num], to go over the issue in greater detail. Please indicate a time that works for you, and we will work to resolve the issue promptly for your [acc_num]."
"Customer Support,

I am writing to report an issue with our investment optimization algorithm. Recent market fluctuations have led to underperformance, which may be due to outdated data inputs and model assumptions. Steps have been taken to refresh the data sources and recalibrate the model, but the issues persist.

The underperformance has resulted in suboptimal investment decisions and has caused concern regarding the potential impact on our portfolio. I would greatly appreciate it if you could look into this matter urgently and provide a solution or recommendation.","Hello, thank you for reaching out to us regarding the issue with the investment optimization algorithm. We apologize for the underperformance and its impact on your portfolio. We would like to investigate the matter and resolve the issue as soon as possible. Could you please provide us with the specific data sources and model assumptions used, as well as the steps you have taken to refresh and recalibrate the model? This will help us better understand the issue and provide a suitable solution. If needed, we can schedule a call at <tel_num> to discuss the matter further."
Could you share insights on digital strategies that drive brand growth? We are keen to learn about your approach to online marketing and how you measure its success. This will help us better understand your needs and provide effective support. Thank you for your time and consideration.,"Thank you for reaching out to our service desk, <name>. We appreciate your interest in digital strategies. Our approach to online marketing includes a combination of social media engagement and targeted advertising. To measure success, we track key performance indicators such as website traffic and conversion rates. We would like to discuss this further and suggest scheduling a call at your convenience. Please let us know a suitable time, or provide any specific information that would help us better address your needs. You can contact us at <tel_num>."
"Hello Customer Support, I am writing to inquire about the security measures Vagrant provides for the safeguarding of medical information. Since medical data is extremely sensitive and must be protected against unauthorized access, I would like to know the steps Vagrant takes to maintain the privacy, consistency, and accessibility of medical data. Specifically, I am interested in learning about the encryption techniques used, the access control mechanisms in place, and any compliance certifications that Vagrant holds. I would greatly appreciate a detailed explanation of these security measures. I look forward to your response and hope to hear from you soon.","Dear [name], we are grateful for your inquiry regarding Vagrant's security features for medical data. We have comprehensive measures to ensure the privacy, consistency, and accessibility of such data. We apply encryption and enforce strict access controls. For more detailed information, I would like to arrange a call at your convenience to discuss our compliance certifications and security protocols. Please let me know a suitable time to contact you at [tel_num]."
It is important to implement robust security measures for medical data across various software and hardware systems within the hospital setting to ensure the confidentiality and integrity of patient information.,"Dear [Name],

Thank you for your concern about the security of medical data in our hospital environment. To comply with enhanced security protocols, we need to assess the current systems and put appropriate measures in place. Could you please provide us with specific information about the software and hardware systems you are referring to? Additionally, it would be helpful to know the type of enhanced security protocols you are looking to implement. We would be happy to discuss and explore possible solutions. It would be convenient for us to call you at your earliest convenience.

Best regards,
[Your Name]"
"Dear Customer Support, I am writing to request information on the security protocols recommended for the storage and transmission of medical data. Given the sensitive nature of medical data, it is crucial to have stringent protections in place to avoid unauthorized access and data breaches. Could you please inform me about the current security measures that ensure the confidentiality, integrity, and availability of medical data? Specifically, are there any recommended protocols or guidelines for both storing and transmitting medical information? Furthermore, are there any regulatory requirements or compliance standards that must be adhered to? If you require more information from me, please let me know. I appreciate your assistance and look forward to your response. Thank you for your time and consideration.","We prioritize the security of medical data and have established comprehensive protocols to maintain its confidentiality, integrity, and availability. Our security practices incorporate encryption, access controls, and secure data centers. We recommend adhering to industry standards like HIPAA and HITECH for the storage and transmission of medical data, which necessitate the implementation of specific security protocols, including encryption, secure authentication, and access controls. Compliance with regulatory requirements such as GDPR and CCPA is also a priority for us. Our team is available to offer guidance on implementing these protocols and ensuring compliance with regulatory requirements. We can provide more information and support to help you meet the necessary standards. Please feel free to reach out if you have any further questions or concerns, and we will be glad to assist you. We are dedicated to safeguarding medical data and ensuring its secure storage and transmission."
The company encountered performance difficulties with Keras ClickUp during data analytics processing. These issues might be related to system overload or resource allocation errors. Restarting the affected applications did not resolve the problem.,Acknowledged the email about performance concerns with Keras ClickUp. Please provide detailed error messages and system configuration details for further investigation. Ready to assist in resolving the issue.
A billing discrepancy has been identified in the payment process for patient accounts. It may have occurred due to system integration issues. We have reviewed the transaction logs and contacted the payment processor for further clarity. An investigation is needed to resolve the issue.,"To resolve the billing discrepancy, an investigation is required. Please provide the necessary contact information to assist with this process."
"Hello Customer Support Team, <br>We are contacting you to seek advice on digital strategies to boost our brand growth through HubSpot CRM. We wish to make use of HubSpot's tools to improve our customer relationship management and increase our online visibility. <br>We are particularly interested in inbound marketing tactics, including content production, social media management, and email marketing, and how these can be effectively merged with HubSpot CRM. <br>We would appreciate recommendations on the most effective ways to implement these strategies and any supplementary tools or features we can use to enhance our brand's growth. <br>Could you also offer guidance on how to monitor and assess the success of these strategies, as well as any challenges we should anticipate? <br>Thank you for your support and we hope to hear from you soon. <br>Cordially, <br>[Your Name]","Hello [Your Name], thank you for contacting our support team about growth strategies with HubSpot. We can offer suggestions on inbound marketing techniques and the best methods for implementation. To better understand your requirements, could you provide details about your current HubSpot setup and goals? I will also schedule a call with you at [tel_num] to discuss the specifics, are you available at your convenience?"
"Dear customer support, I am contacting you to explore digital strategies that boost brand growth for e-commerce platforms such as Shopify and Magento. I am keen to understand how these platforms can assist businesses in enhancing their online reach and boosting sales. Could you elaborate on specific strategies like social media marketing, email marketing, and search engine optimization? Additionally, I would be grateful for any advice on leveraging data analytics and customer relationship management tools to make informed marketing decisions and enhance customer engagement. Furthermore, I am interested in learning about the impact of mobile optimization and user experience on brand growth. Could you share some insights or resources on these topics? I am eager to receive your guidance on driving brand growth for e-commerce platforms. Thank you for your support.","Dear [name], thank you for contacting our Service Desk regarding ecommerce support. We are pleased to offer you information on digital strategies that promote brand growth for ecommerce platforms like Shopify and Magento. Our team can provide insights on social media marketing, email marketing, and search engine optimization, as well as data analytics and customer relationship management tools. We can also share best practices for mobile optimization and user experience. To better assist you, could you please specify the ecommerce platform you are using and your goals for expanding your online presence? If you prefer, we can arrange a call at [tel_num] for a more detailed discussion. We look forward to assisting you in driving brand growth for your ecommerce platform."
Access to medical information has been denied. This may be due to outdated security software. I have restarted the systems and verified the user credentials.,"Dear <name>, we regret the issue with accessing your medical information. We will look into the cause. Please confirm your current security software version and <acc_num> for further support. If necessary, I will contact you at <tel_num> to address the issue quickly."
"Facing connectivity challenges impacting data transfer in medical systems via Google Nest Wifi Router. The issue might have arisen due to recent network configuration changes or interference from multiple connected devices. Steps taken include rebooting the router and checking firewall settings, but the problems still persist.","Noted your email about the connectivity issue with the Google Nest Wifi Router. To assist you better, could you please provide details on the recent network configuration changes? Alternatively, for your convenience, we can call to troubleshoot the issue. Please let us know a suitable time for the call at <tel_num>."
Could you please provide the necessary system specifications for the best performance of the project management tool?,"For the detailed system requirements, please visit our website. Alternatively, feel free to reach out to me for any additional support concerning the performance of the project management tool."
"Customer Support, I am reaching out to inquire about integrating data analytics with Salesforce CRM for investment optimization. Could you provide information on the topic? I would like to know how data analytics can help me make informed decisions and optimize my investments. I am interested in learning about the tools and features that Salesforce offers for data analytics, such as analyzing customer data and tracking sales performance to identify trends. I would appreciate your guidance in getting started with the integration process.",I would be happy to discuss integrating data analytics with Salesforce CRM. Please allow me to call at your convenience to discuss the tools and features that can help optimize your investments. I would be available to call at your preferred time to discuss this further.
"A financial organization encountered issues with their data analytics software, leading to delays. Attempts to reinstall and validate configurations were not successful.",We have received an email about a data analytics software malfunction at your financial organization. I am sorry to hear that reinstalling and validating configurations did not work. I would like to investigate further. Could you please provide any error messages you are seeing? We can contact you at <tel_num> to discuss the next steps for resolving the issue.
"The investment dashboard isn't loading. After restarting the Django server and verifying the Redis 6.2 setup, the issue remains unresolved. I believe a corrupted PostgreSQL database connection could be the root cause.","I have noted your concern regarding the investment dashboard. To better understand if the issue stems from a corrupted PostgreSQL database connection, could you share any error messages you are encountering? Additionally, I will arrange a call at a time convenient for you to continue troubleshooting this issue."
The medical scanner started malfunctioning unexpectedly. It might be because of an old scanner driver. Attempted to resolve by restarting the scanner and updating the drivers.,"Hello <name>, we are aware of the issue you are encountering with your medical scanner and the actions you have already implemented. For further diagnosis, could you please provide the specific error message you are seeing and the model of your scanner? If needed, we can set up a call at a convenient time to delve deeper into the issue and explore possible solutions, or arrange for a technician to assist you with <acc_num> if necessary."
"Hello Customer Support, I am contacting you to request more details on the encryption methods used for storing and transmitting medical data across all our hospital's IT systems and devices. Ensuring the confidentiality and integrity of sensitive patient data is crucial for us. Could you please inform me about the current security measures in place and the specific encryption protocols being used? Furthermore, I am also interested to know if there are plans to enhance or update the existing encryption techniques to keep them effective against new cyber threats. Please share more information on this topic. I look forward to your response.","Hello <name>, we appreciate your interest in the security of medical data storage and transmission on our hospital's IT systems and devices. We understand how vital the confidentiality and integrity of sensitive patient information are. At present, we adhere to industry-standard encryption protocols to secure medical data both during transmission and at rest. Our systems incorporate a mix of symmetric and asymmetric encryption methods, such as SSL/TLS and AES, to ensure the secure handling of patient data. We also maintain a continuous review and update process to keep our encryption methods effective against emerging cyber threats. If you require more detailed information about our encryption protocols and security measures, please let us know. Would you prefer to discuss this further via phone or would you like a detailed report sent to you via email? You can reach me at <tel_num> if you prefer to discuss over the phone."
Which analytics tools are compatible with KNIME for optimizing investments? Assistance is needed on this matter.,"KNIME supports integration with several analytics tools for investment optimization, such as R and Python. Please give more details about your needs, and I will assist you with the available options."
"Dear Customer Support, we require detailed information on securing medical data using MongoDB 4.4 in a hospital environment. It is essential to ensure the confidentiality and integrity of patient data. Please provide us with information on data encryption, access control, and auditing. Additionally, we need to ensure compliance with regulatory requirements, such as HIPAA.","Hello, we would like to provide you with information on securing medical data using MongoDB 4.4 in a hospital setting. MongoDB offers several security features, including data encryption, access control, and auditing, which can help ensure the confidentiality and integrity of patient data. To comply with regulatory requirements such as HIPAA, please refer to our detailed guide on security features and compliance. We would also like to discuss this further by calling you at <tel_num>. Alternatively, you can email us for more detailed information regarding <acc_num> specific needs."
Please update the sales collateral with the latest information,"I have noted your request to update the sales collateral with the latest features. In order to proceed, could you kindly provide the new information that needs to be included? Once I receive it, I will update the materials and inform you upon completion. Should you have any questions, feel free to reach out and I will be glad to assist you."
"Dear Customer Support, We are currently encountering a significant issue with our digital campaigns that has led to their unexpected stalling. We believe this could be due to a configuration mismatch and have already attempted to resolve it by restarting our systems and reviewing our logs, but unfortunately, the problem has not been addressed. Additionally, we have reached out to our vendors for assistance, but we are still experiencing difficulties. We would greatly appreciate your support in investigating this matter and providing a solution at your earliest convenience. Please let us know if you need any further details. Thank you for your understanding and assistance. Sincerely, [Your Name]","Hello <name>, I am investigating the issue with your digital campaigns. To better assist you, could you please provide more details regarding the configuration mismatch you suspect? Additionally, it would be helpful if you could review the logs you have examined so far. Should further discussion be necessary, I can arrange a call at <tel_num> at your convenience to delve deeper into the situation. I will work diligently to resolve this as quickly as possible to ensure your campaigns resume successfully. Thank you for your patience and cooperation."
"We use different data analytics tools to optimize investment portfolios for individual clients. These tools include portfolio management software and risk analysis platforms. They assist us in evaluating client risk tolerance and investment objectives, and in crafting tailored portfolios. For detailed information on our specific tools and to explore how we can assist you, let's schedule a call at your convenience. Please provide a convenient time to contact you at <tel_num>.","We employ various data analytics tools to optimize investment portfolios for individual clients. Some of these tools include portfolio management software and risk analysis platforms. They aid us in assessing client risk tolerance and investment objectives, and in developing personalized portfolios. For more details on our specific tools and to discuss how we can assist you, we can arrange a call at your convenience. Please provide a suitable time to contact you at <tel_num>."
"Hello Customer Support, recently the investment analysis tool in Excel 2021 has been unresponsive when processing large datasets. This may be due to memory overload or software compatibility issues. I have already tried restarting my PC, clearing the cache, and updating the software, but the issue still persists. I would greatly appreciate any assistance you can provide to resolve this matter, as it is impacting my work. Please let us know if there are any additional steps you need me to take and what information you require from me.","Thank you, [name], for reaching out to our support team regarding the issue with the investment analysis tool in Excel 2021. We appreciate the troubleshooting steps you have already taken, such as restarting your PC, clearing the cache, and updating the software. To assist you better, could you please provide us with details about the large datasets you are working with, including their approximate size and any specific features or add-ins you are using? This information will help us better understand the issue and provide a more tailored solution. Please let us know if you need any further assistance."
Health-related information was compromised because of a flaw.,"We are responding to your message concerning a data breach that occurred as a result of a flaw, leading to the disclosure of health-related data. We regret any worry this may have caused you. In order to provide you with better assistance, we need further information on the flaw you mentioned. Could you give us more specifics about the flaw? Additionally, we need to discuss this further with you; are you available for a conversation at a time that suits you?"
I require assistance in enhancing data analytics tools for investment forecasting and portfolio management. Could you offer advice on the most suitable tools and methodologies?,"I would be glad to assist in optimizing data analytics tools for investment forecasting and portfolio management. To offer tailored recommendations on the best tools and methodologies, could you kindly share details about your current setup and specific needs. I will review the information provided and offer recommendations, or we can schedule a call at <tel_num> for a more detailed discussion."
"Customer Support, a security breach has exposed medical data due to outdated security protocols and unpatched software in hospital systems. Efforts to address the issue included updating security settings and running virus scans. We need your assistance in resolving this issue and providing guidance on how to enhance security measures to prevent future breaches.","We acknowledge the security breach in hospital systems and are ready to assist. For further guidance, please provide details on the breach and the steps taken so far. We are happy to guide you in enhancing security measures and resolving the issue. Let's schedule a call at your convenience to discuss this matter."
"Customer Support, seeking details on digital strategy services that can aid in brand growth. Would appreciate information on the services offered, including specific packages and pricing. Looking forward to your details as they will help in understanding how your services can assist in business growth. Thank you for your time and assistance. I look forward to hearing back soon.",I will send digital strategy services information and pricing details shortly.
"Access to medical data was suddenly restricted after a recent software update. I attempted to restart the servers and review the firewall settings, but the problem persists.",Could you please share the specific error message you are encountering along with your account information so that we can address the medical data access issue following the recent software update?
Could you provide details on digital strategies for brand growth? I would greatly appreciate any assistance in learning how to help my business grow.,I will provide details on digital strategies for brand growth to assist your business in expanding.
"Hello customer support, I am writing to seek information on digital strategies that can enhance brand growth through the use of Pro Tools and Docker integration. I am eager to understand how these tools can be leveraged to boost my business. Could you please share more details on this matter? It would be greatly appreciated if you could also suggest any available resources or guides. Thank you for your attention and assistance. I am looking forward to your response and hope to benefit from your advice.","Hello <name>, we are grateful for your interest in utilizing Pro Tools and Docker integration for brand growth. We are ready to provide you with guidance on digital strategies and can offer relevant resources. Kindly allow us to contact you at <tel_num> to discuss your needs in more detail and find the most suitable solution for you."
Is it possible to provide more information on the billing options for your project management SaaS?,"'name', thank you for your interest in our project management SaaS. We would be happy to provide you with details on the billing options. We offer both monthly and annual subscription plans, with a discount for the annual plan. The cost is based on the number of users and the features required. We also provide a free trial period so you can test our services. Please provide us with information on your project requirements, the number of users, and the features needed, so we can provide you with an accurate quote. Alternatively, feel free to call us for a more convenient discussion."
The Cassandra 4.0 database has encountered a crash leading to data loss because of inadequate storage and poor setup.,"Dear <name>, We are sorry to learn that your Cassandra 4.0 database has crashed, which has caused data loss. To help you better, we require additional details regarding your current configuration and storage arrangement. Could you provide us with specifics about your disk space and configuration settings? Once we have this information, we can offer guidance on preventing future crashes and assist in recovering from the current data loss."
Boost data encryption for Smart-Thermometer and hospital systems to safeguard patient medical information and shield it from unauthorized access.,We will reassess and introduce advanced data encryption for Smart-Thermometer and hospital systems to protect patient medical information and prevent unauthorized access.
"Respected Customer Care, I am contacting you to report an error with the investment forecasting service. The forecasts have been imprecise, which I believe could be due to obsolete models or data problems. After attempting to reboot the servers and examining the data sources, the issue still remains unresolved. I kindly ask you to investigate this problem and offer a prompt solution. These inaccurate predictions are affecting my ability to make educated investment choices. Although the data sources seem current, I am unsure if the models are incorporating the most recent data. Could you please inform me about the current status of this issue and when it is anticipated to be fixed? If you require any further details from me to address this matter, please let me know. I am looking forward to your response. Thank you for your support in resolving this. I am confident that with your assistance, we can restore the investment forecasting feature to its accurate state.","Esteemed <name>, I thank you for notifying us about the inaccurate investment forecasts. We will look into this matter and verify if our models are utilizing the most recent data. Could you please specify the exact dates and details of the forecasts that were incorrect? I may need to reach out to you for more information; would you be available for a call at your convenience, or can I schedule a call at <tel_num> if that works for you? I will update you on the status of this issue and the estimated timeline for resolution as soon as possible."
"Dear Support, I am reaching out to inquire about integrating the Subversion SaaS project management solution. Could you provide detailed information on the integration process, its benefits, necessary requirements, and any potential limitations? I would greatly appreciate any guidance on how to start the integration process. Additionally, could you specify the tools or plugins required for the integration? I am looking forward to hearing back and learning how Subversion can enhance our project management capabilities. Thank you for your assistance. I am excited about the potential impact on our team's productivity.","Hello, thank you for reaching out to our customer support team. We are happy to provide information on integrating the Subversion SaaS project management solution. The integration offers benefits such as version control and collaborative development. To get started, please provide us with details about your current setup and requirements. We will discuss the necessary tools and plugins. If needed, we can schedule a call at <tel_num> to discuss the integration process and answer any questions you may have. We look forward to assisting you in exploring the integration options. <acc_num>"
"Hello Customer Support, We are contacting you to address an issue we are experiencing with our data retrieval. The process has become significantly slower and we are unable to identify the reason. We have already attempted to restart the servers and reviewed the logs, but the problem still continues. We suspect that the cause might be outdated software patches. We would be very grateful if you could look into this and provide a solution at your earliest convenience. Please inform us if additional details are needed from our side. Thank you for your understanding and assistance. Best regards, [Your Name]","Hello <name>, Thank you for your email regarding the data retrieval issue. We have noticed a slowdown in the process and are uncertain of the root cause. It has been addressed that you have already taken steps such as restarting the servers and reviewing the logs. To further investigate, could you please provide information on your current software versions and the timing of the last updates? This information will assist us in determining if outdated patches are the cause of the issue. If necessary, we may also need to schedule a call to discuss this further; please let us know a convenient time for you. Your patience is greatly appreciated as we work to resolve this matter as swiftly as possible. Best regards, <tel_num>"
"Customer Support, please draw attention to the critical importance of implementing enhanced security protocols for the protection of medical data in our hospital's infrastructure. Security of medical data is of utmost importance, as a breach could have severe consequences. I would like to request that you take immediate action to implement robust security measures to protect sensitive medical information. This includes encrypting patient data, implementing firewalls, and conducting regular security audits. Additionally, providing staff with security training is essential.","Dear [name], thank you for your email regarding the importance of enhanced security protocols for the protection of medical data. We take the security of medical data very seriously and are committed to protecting sensitive information. We will review our current security measures and implement any additional protocols that are necessary, including data encryption and regular security audits. We will provide an update on our actions soon and appreciate your feedback. Please let us know a convenient time for a call to discuss this further."
"The data analytics platform experienced a crash, which might be related to server overload.","I have noted your concern about the crash of the data analytics platform, which could be due to server overload. I will look into this matter and get back to you shortly."
"Detected a data breach involving medical records stored in Docker. Despite implementing secure settings, issues continue to persist.",Received your email about the data breach concerning medical records stored in Docker. Assistance is needed as there are ongoing issues with securing the settings. It would be possible to call at your earliest convenience to discuss this matter further.
"There has been unauthorized access to sensitive medical data because of weak passwords and an outdated version of Express.js. Despite restarting the server and updating Ubuntu, the problem continues.","I have noted your incident report concerning the unauthorized access to sensitive medical data, which is a result of weak passwords and an outdated version of Express.js. Even though you have restarted the server and updated Ubuntu, the issue still remains unresolved. In order to delve deeper into this, could you kindly provide additional details about the current setup and any error messages you are encountering? Additionally, I would appreciate it if we could schedule a call to further discuss this matter at your convenience. Please inform me of a suitable time, and I will contact you at <tel_num>."
I am contacting you to seek assistance in adding Google Translate functionality to my WordPress site for multilingual support. My goal is to make my website accessible to a wider audience by offering content in several languages. Could you please give me detailed instructions or suggest plugins that can help me integrate this feature? I would greatly appreciate any support or materials you can provide to make my website more inclusive.,"Certainly, I can help you set up multilingual support for your WordPress site. I suggest using plugins like WPML or Polylang, which integrate well with Google Translate, allowing you to translate your site content into multiple languages and providing an easy way for visitors to switch between languages. For a detailed guide, I can share one with you or offer a callback at a convenient time to walk you through the process. If a phone call is preferred, please provide a suitable time and your phone number <tel_num> so I can reach you. Additionally, I can provide resources and guidance to ensure your website is inclusive and accessible to more users."
"A billing discrepancy has been noted on the latest invoice, possibly due to a miscalculation. After reviewing previous invoices, the issue seems to persist and requires your assistance to resolve.","Dear customer, we are here to help with the billing discrepancy on your latest invoice. To assist you further, could you please provide your account number, a copy of the invoice, or any other relevant information? We will review the matter and contact you to discuss the next steps in resolving the issue. We are available to discuss this further over a call if that is more convenient for you."
"I have noticed an unexpected mismatch in the investment projections. This might be caused by an obsolete data analysis model. Despite performing manual calculations and verifying data sources, the discrepancy remains unresolved. I would greatly appreciate your help in addressing this concern.","I am investigating the investment projections mismatch issue you've brought to my attention. To provide better assistance, could you please share more details about the mismatch and the data sources involved? I will arrange a suitable time to discuss this further with you and work towards a resolution."
A data breach has impacted medical data security.,"Dear [name], acknowledge receipt of your email regarding the data breach affecting medical data security. Recognize the severity of the issue and stand ready to assist further. Please provide details on the breach, the nature of the incident, and the steps taken so far. I need [acc_num] to address this matter. If necessary, let's schedule a call at a convenient time to discuss further. Please inform me of a suitable time to contact you at [tel_num]."
"Facing data synchronization challenges with the Crucial MX500 1TB SSD in Evernote. These issues might stem from recent system updates or software conflicts. We have attempted to restart the devices and reinstall Evernote, but the problem remains unresolved. We need your help to resolve this issue and ensure smooth data synchronization.","Replied to the email regarding the SSD data synchronization problem with the Crucial MX500 1TB SSD and Evernote. I'm sorry to hear about the data synchronization issues, especially after trying to restart the devices and reinstalling Evernote. To better assist you, could you please provide details on the recent system updates and software changes you have made? Additionally, it would be helpful to know any exact error messages you are encountering. Let's schedule a call to discuss further."
"Request for enhancement of digital strategy tools for better integration. This will improve the efficiency of brand growth across the affected products, enabling better data analysis and decision-making. We believe an upgrade is necessary to stay competitive in the market. We appreciate your time and consideration on this matter.","<name>, thank you for reaching out with your request to enhance the digital strategy tools for improved integration. We appreciate your input and understand the importance of staying competitive in the market. Our team will review your request to assess the feasibility of an upgrade. We believe it would be beneficial to gather more specific information about the tools and products that would benefit from the enhancement. Could you please provide us with more details on your current digital strategy and the specific areas that could benefit from this enhancement?"
"I am contacting you to report an issue with our data encryption service. The encryption process failed unexpectedly. Despite restarting the servers and reviewing the settings, the problem continues. I suspect a software glitch or a configuration error might be causing this. Could you please look into this issue and provide a solution at your earliest convenience? Please inform me if you require additional details.","I have received your message about the data encryption issue and am investigating. To aid in the diagnosis, could you please provide the exact error message you are encountering and the current software version? If needed, a call might be scheduled for further discussion on your availability. Please let me know a suitable time."
"I hope this message finds you well. I am writing to seek information on data analytics tools that can enhance the optimization of investment portfolios for financial organizations. Could you furnish me with details about the available tools and their capabilities? Additionally, I would value your insights on how to select the most suitable tool for our organization's requirements. I appreciate your assistance and look forward to your response. Kind regards.","Dear valued customer, thank you for your interest in our data analytics tools designed to optimize investment portfolios. We offer a diverse range of tools equipped with features like predictive modeling, risk assessment, and performance monitoring. To assist you in choosing the optimal tool for your organization, could you please share more information about your current portfolio management procedures and specific needs? I am more than willing to discuss this in greater detail and would be available for a call at a mutually convenient time to explore our offerings further. Please let me know a suitable time that works for you, and I will reach out at <tel_num> to proceed with the discussion."
"Customer Support, seeking advice to optimize digital strategies for a Seagate Expansion Desktop 6TB and Google Nest Wifi Router. Would appreciate insights and recommendations to better utilize these devices and enhance the digital experience. Specifically, interested in learning how to optimize storage and network performance. Thank you for your assistance, and I look forward to hearing from you soon.",Would be happy to help optimize your digital strategies. Please provide details on your current setup so I can offer the best guidance and recommendations to enhance your digital experience.
"Hello Customer Support, I am writing to request detailed information about billing cycles, payment options, and the various plans available with ClickUp subscriptions. I would greatly appreciate it if you could provide a breakdown of the different plans and their corresponding prices, as well as any discounts or promotions that might be available. Additionally, could you inform me about any additional fees associated with certain features or services? I look forward to your prompt response and appreciate your assistance. Thank you, [Your Name]","Hello [Your Name], thank you for your email. We would be happy to provide the requested information about ClickUp subscriptions. Please allow us to call at <tel_num> to discuss the available plans, prices, and any potential discounts or promotions. We will also be able to clarify any additional fees associated with specific features or services. Thank you for your time and we look forward to assisting you. Best regards, [Support Team Name]"
"To customer support, I am contacting you to inform about an occurrence of encryption failure that has made personal health records visible. The problem might have been triggered by the deployment of legacy software. Despite my efforts to rectify the situation through server restarts and configuration checks, the issue still exists. I kindly request you to address this as soon as possible and offer a resolution to avoid similar issues in the future. Please contact me if more details are needed. Thank you for your help.","Hello <name>, we appreciate you bringing to our attention the data encryption malfunction issue. We are aware of the critical nature of this problem, particularly concerning health records. For a more comprehensive understanding, could you please share the specifics of the outdated software in use and the precise error messages encountered? Also, it would be beneficial to know the encryption software version and its last update date. We will swiftly pass this information to our technical team and endeavor to provide a timely solution to protect your data. Should you prefer, we can schedule a call at <tel_num>. Please advise your availability."
"Respected Support Team, I am reaching out to inform you about a sudden login issue I have been experiencing. It might be due to an overload on the server. Despite my efforts to restart the server and verify the configuration, the problem continues. It would be greatly appreciated if you could look into this promptly and offer a resolution. Please inform me if you need any further details from me to resolve this issue. I look forward to your response and assistance. Thanks for your attention and help.","Respected <name>, we regret the inconvenience you have encountered with the login problem. We acknowledge your attempts to diagnose the problem by restarting the server and verifying the configuration. We will examine if server overload is a potential cause. To assist us in resolving the issue, please provide us with your <acc_num> and the precise error message you receive during login attempts. This information will aid us in understanding the problem and offering a precise solution. If necessary, we may need to contact you by phone at <tel_num> for further discussion. We appreciate your patience and cooperation and will work to resolve this as quickly as possible. We will contact you soon to update you on our investigation."
Could you share insights on digital strategies to promote Smart-Roboter-Rasenmäher? I am keen on learning a plan to reach our target audience and create engaging content around the product. Your assistance at this time would be greatly appreciated. Looking forward to your response soon.,We can provide information on digital strategies for Smart-Roboter-Rasenmäher. Please allow us to call you for a convenient time to discuss the details.
"Seeking advice on securing medical data in an Oracle Database 19c environment for a hospital setting. Could provide guidance on best practices and configurations to ensure the confidentiality, integrity, and availability of sensitive patient information?",Offering guidance on securing medical data in Oracle Database 19c. Please let us know a suitable time to call and discuss best practices and configurations.
"Customer Support, we are seeking to update our digital marketing strategies using advanced tools to enhance brand growth and improve marketing effectiveness across various platforms. While our current strategies are meeting our goals, we recognize the need to adapt to the changing market landscape. We would appreciate the opportunity to schedule a meeting with the team to discuss potential solutions and the implementation of new tools to improve our online presence. This will help us better engage with our target audience, increase brand awareness, and drive results.","We appreciate your email regarding the revision of digital marketing strategies to enhance brand growth and marketing effectiveness. We understand that while our current strategies are meeting our goals, there is a need to adapt to the changing market landscape. We would be happy to schedule a meeting with the team to discuss potential solutions and the implementation of new tools to enhance our online presence. Please provide us with the specific information about your current digital marketing strategies and the areas where you would like to see improvements."
"Facing synchronization problems between Smartsheet and JIRA. It seems the issue might be due to differences in API versions. The team has attempted to reconnect the accounts and refresh authentication tokens, but the problem continues. I would greatly appreciate your assistance in resolving this matter as it is impacting our workflow. Could you please provide guidance on how to troubleshoot and resolve the issue? Additionally, I am willing to supply any further information or context necessary to resolve the problem.","Acknowledged the email regarding synchronization issues between Smartsheet and JIRA. It is noted that the team has tried reconnecting the accounts and refreshing the authentication tokens, but the issue still persists. To better assist you, I would like to request information on the API versions currently in use and any error messages received. Could you please provide specific error messages and details on the steps taken so far to troubleshoot the issue? This information will help me provide accurate guidance to resolve the problem."
"Hello customer support, I am contacting you to seek assistance with improving the integration of data analytics between SAP ERP and MATLAB for more precise investment forecasting. Our firm utilizes SAP ERP for our enterprise resource planning and MATLAB for data analysis. Despite this, we are encountering difficulties in seamlessly merging these systems to ensure accurate forecasting. Could you please inform me about any tools or services available for enhancing this integration? Additionally, I would appreciate any detailed information on this topic. I am looking forward to your response.","Hello <name>, we thank you for your inquiry regarding the optimization of data analytics integration with SAP ERP and MATLAB. We are here to assist you with overcoming this challenge. Could you please furnish us with more information about your current setup and the specific difficulties you are experiencing? I am willing to discuss potential solutions further with you. Could you arrange a call at a time that is convenient for you to address these issues, perhaps for account number <acc_num>?"
The dashboard is not updating correctly because the database schema is outdated.,Thank you for your email about the investment analytics dashboard problem. I will forward this to our technical team to update the database schema. We will be in touch soon to address the issue.
We have encountered a data leakage event affecting the medical records within our hospital systems. The breach might have happened due to insufficient security measures. We have initiated preliminary evaluations and enhanced surveillance of the affected systems to prevent further harm.,"<name> will be drafting an acknowledgment email about the data leakage in the medical records system of <organization>. We take the protection of sensitive information very seriously and recognize the gravity of the situation. Our initial response is to assure our commitment to supporting this matter. We would like to request information on the breach, including its nature, timeline, and the events leading up to it, as well as the measures taken so far to contain and mitigate the damage. This will help us better understand the situation and provide effective assistance."
"Request for assistance in integrating data analytics tools with existing systems to enhance investment decision-making and improve reporting efficiency. Integration will enable us to make informed decisions and streamline reporting processes. I would greatly appreciate it if you could provide information on the available tools and the process for integrating systems. Additionally, I would like to know the estimated timeframe and cost of the integration. Please let me know the specific requirements and the steps needed to initiate the integration.","Received your request for data analytics support. We will proceed with the integration but need details on your existing systems. Could you please provide information on your current setup and requirements? We are able to provide details on the available tools, and we can discuss the estimated timeframe and cost of the integration. Once we have this information, we will be able to discuss the next steps. I would be available for a call at your convenience to discuss this further."
"Hello customer support, I am reaching out to seek assistance in improving the integration of data analytics with SAP ERP and MATLAB to enhance investment forecasting precision. Our organization currently utilizes SAP ERP for managing enterprise resources and MATLAB for data analysis. Nonetheless, we are encountering difficulties in seamlessly merging these systems to ensure precise investment predictions. Could you furnish us with details on any tools or services that can aid in this integration? I am eager to receive more information regarding this. I look forward to your response.","Hello <name>, we thank you for your inquiry concerning the enhancement of data analytics integration with SAP ERP and MATLAB. We are equipped to assist with this challenge. Could you please elaborate on your current setup and the specific issues you are experiencing? I would be delighted to discuss this further with you. Would you be available for a call at your convenience to explore potential solutions for your <acc_num>?"
The project management platform has encountered a crash. There might be an incompatibility issue with the integrations of WeChat and Microsoft Teams. Steps already taken include restarting the server and reviewing Azure logs.,"Dear <name>,

Thank you for reaching out regarding the crash on your project management platform. We're sorry to learn that you're facing this issue and we appreciate the steps you've already taken, such as restarting the server and reviewing Azure logs.

Given the potential incompatibility with the WeChat and Microsoft Teams integrations, I would like to conduct a deeper investigation. Could you kindly furnish more details about the integrations, including their versions and any recent configuration changes?

For your convenience, I would like to arrange a call to discuss the issue further. When would be a convenient time for you? Please let me know and I can reach you at <tel_num> or any other preferred number. 

Best regards,
Service Desk Agent"
"I am facing difficulties in accessing medical data because of a network outage. I have already tried restarting the router, running a virus scan, and verifying the firewall settings, but the issue still persists. I believe it could be due to a router configuration mistake or a malware attack. Could you please provide assistance to resolve this problem?","I would be glad to help you with your network issue. Please provide your account number and a suitable time for me to call you back at your phone number. Additionally, if you could have the router model and any error messages you are encountering, it will be helpful when I contact you. Together, we will work to identify the cause and find a solution to get you back online as quickly as possible."
Looking for detailed instructions on integrating the Adobe Sign project management SaaS solution. Could you outline the steps and requirements needed for a successful integration?,I can provide the necessary documentation for integrating Adobe Sign. Please allow me to send it via email. I would prefer a callback to discuss the steps and requirements in more detail.
"The recent digital campaign did not achieve the expected engagement. The issue might be due to ineffective targeting or content misalignment. Although we have adjusted the audience segments and improved the ad copy, we have not yet seen the desired improvement. We are seeking guidance on better aligning our content and targeting strategies to boost engagement. Could you provide us with some recommendations and insights to move forward?","I would be happy to help. Please provide more details about the campaign, and we can discuss the recommendations at your convenience."
"Respected Customer Support, I am contacting you today to highlight a concern regarding the investment predictions service. The predictions seem to be unreliable, causing complications in my investment choices. Upon examining the models and verifying the data inputs, it appears that the issue might be due to inadequate data quality assurance. I kindly request you to review this and offer a resolution to enhance prediction accuracy. Consideration of stronger data quality controls or offering more comprehensive details on the utilized data sources could be beneficial. I am willing to supply any extra information necessary for your investigation. Thank you for addressing this issue, and I eagerly await your response. I am optimistic that with your help, we can improve prediction accuracy and facilitate better decision-making. Please inform me if any further information is required from me. Kind regards.",We will look into the investment predictions issue and consider implementing more stringent data quality checks. Thank you for bringing this to our attention. I will contact you at <tel_num> to discuss this further.
I am reaching out to request the integration of PostgreSQL database support to improve our project management scalability and optimize performance. This will help enhance our project efficiency.,We thank you for requesting the integration of PostgreSQL database support to improve project management scalability and performance optimization. We will review and consider this request to enhance our project efficiency. Our team will evaluate the feasibility and potential benefits of this integration and revert to you with a decision and timeline.
"I am writing to request an update to our billing details for the digital strategy tools and services we use. Our company has recently updated our payment method, and we need to ensure that the payment processing is seamless. Could you please assist us in updating our billing information at your earliest convenience? We greatly appreciate your prompt attention to this matter and look forward to hearing back from you soon.","I am happy to assist you in updating your billing details for the digital strategy tools and services. To complete this request, we need to verify some information. Could you please provide your company's account number associated with these services? Additionally, we will need your new billing address and payment method details. Your reply with the required information would be most convenient, but if you prefer, we can discuss further at a time that is convenient for you. Please let us know an option that works best for you to ensure that your billing details are updated promptly and to avoid any delays."
"Hello, inquiring about the data analytics services provided by your team. Could you share the types of services that would assist in making informed investment decisions? I would greatly appreciate any detailed information you can provide on the types of data analyzed and the expected outcomes. Thank you for your assistance, and I look forward to hearing from you soon.","Thank you for reaching out to our customer support team regarding data analytics services for investment optimization. We offer a range of services that utilize advanced data analysis to provide insights to help inform investment decisions. Our services include portfolio analysis, market trend analysis, and risk assessment. We analyze various types of data, including financial statements, market data, and economic indicators. These services help in identifying opportunities and making well-informed decisions."
Is it possible to share comprehensive insights into digital strategies that drive brand growth? Thank you!,"I can offer general information on digital strategies, but for more specific details, we would need to know your requirements. Could you please provide some context so we can discuss further via a convenient call?"
"Could you provide details on digital marketing services for tech products? This would greatly help me understand how these services can benefit my business. I am particularly interested in learning about the strategies that can be used to promote tech products and help increase brand awareness and drive sales. Thank you for your time, and I look forward to hearing back soon.","Hello,<br><br>We appreciate your interest in our digital marketing services for tech products and are happy to provide the necessary information. Our services are designed to assist tech businesses in increasing brand awareness and driving sales through effective online strategies. We use a combination of search engine optimization, pay-per-click advertising, social media marketing, and content marketing to reach our target audience and promote products.<br><br>To better understand how these services can benefit your business,"
Seeking to gather information for optimizing the SendGrid AWS platform to enhance the effectiveness of our marketing campaigns. Would appreciate insights and guidance on integrating services to improve email delivery rates.,Contact information
"Dear Customer Support,

I hope this message finds you well. I am writing to inform you about a problem I am encountering with my access to the medical database. This issue arose after I was denied access, and after attempting some basic troubleshooting, I believe it might be due to an outdated SQL server. Despite my efforts to resolve this by restarting the server and verifying all connections, the problem still persists.

I would greatly appreciate any guidance or assistance you can offer. Could you provide advice on the next steps or any additional troubleshooting measures that I should try? I am eagerly awaiting your response and am looking forward to your support.

Thank you for your time.

Best regards,
[Your Name]","Dear [Your Name],

Thank you for reaching out to us regarding the issue you are experiencing with accessing the medical data. We are sorry to hear that this has caused you inconvenience and we are here to help resolve it.

Based on the details provided, it seems that an outdated SQL server might be the cause. To further diagnose the issue, could you kindly share the current version of your SQL server and any error messages you are seeing when trying to access the database? Also, have you made any recent updates or changes to your system?

Alternatively, we can schedule a call for a more detailed discussion and to provide you with specific guidance. Please call us at [tel_num] at your convenient time.

We are eager to assist you and look forward to your response.

Thank you,
Customer Support"
"Hello Customer Support, I hope this message finds you well. I am writing to seek detailed information about your company's data analytics services aimed at enhancing the optimization of investment portfolios. I am keen to understand how your services can aid in making prudent investment decisions and in boosting potential returns. Could you provide more details about the analytics services you offer, including portfolio optimization, risk management, and performance measurement? I would additionally appreciate any examples or case studies illustrating how these services have been beneficial to other clients. Furthermore, could you inform me of the specific data and information you need to initiate our service cooperation? I am eagerly looking forward to your response and to learning more about how your company can optimize my investment portfolio. Thanks for your support and time.","Hello [Recipient's Name], thank you for your interest in our data analytics services. Our offerings include portfolio optimization, risk management, and performance measurement to assist in making well-informed investment choices. To begin, we need details about your current investment portfolio, such as the types of holdings and historical returns. I'd be delighted to discuss our services further and to share case studies of our successful clients. Would it be possible for us to schedule a call at a time that is convenient for you to discuss your specific requirements and how we can help optimize your investment portfolio?"
Is there a possibility to gain insights into integrating Alteryx's existing data analytics tools for optimizing investment strategies?,"Certainly, I would be glad to assist with integrating Alteryx's existing data analytics tools for investment optimization. To better understand your requirements, could you please provide details about your current setup and tools? This will enable me to offer more tailored guidance and support. For your convenience, let's schedule a call to discuss further. Please let me know a suitable time to reach you at <tel_num>."
The data analytics software experiences crashes during peak hours. Rebooting and clearing the cache seem to resolve the issue.,We apologize for the issue with the data analytics software. Please provide the error message you receive during the crash so we can investigate and provide a solution. We will schedule a call at <tel_num> to resolve the issue for your account <acc_num>.
Currently facing considerable service disruption impacting various connected applications. The issue might have arisen due to a recent software update that disrupted integrations. Restarting the affected systems and clearing caches did not resolve the problem. Urgent assistance is needed to address this issue promptly.,Please review the service outage report and contact us at <tel_num> to discuss potential troubleshooting and resolution steps. Reference account number <acc_num>.
"The digital strategies are underperforming, which is affecting brand growth due to integration issues.","Dear <name>, we acknowledge your concern regarding the underperformance of the digital strategies. To better understand the specific integration issues you are experiencing, could you please provide more details on the problems you are encountering? This will help us provide a tailored solution to address the impact on brand growth. If convenient, please let us know a suitable time to schedule a call to discuss further, and we can reach you at <tel_num>. Thank you."
"Customer Support, <br><br>I am writing to report a serious issue concerning a data breach that has compromised access to sensitive medical information. Preliminary investigations indicate that the incident may have been caused by outdated security protocols. <br><br>We have taken immediate action to update the system software and verify network configurations to ensure the integrity of the data. However, we require your assistance to fully investigate the matter and implement additional measures to prevent future incidents. <br><br>Could you please acknowledge the report of the data breach incident and appreciate the immediate actions taken to update the system software and verify network configurations? We need more information about the breach. Could you provide details on the incident, including the date and time it occurred and any error messages received? This will help us provide guidance on the next steps and recommend necessary security updates and patches to prevent future incidents.","Customer Support, <br><br>We acknowledge the report of the data breach incident and appreciate the immediate actions taken to update the system software and verify network configurations. We are here to assist you and require information about the breach. Could you please provide details on the incident, including the date and time it occurred and any error messages received? This information will help us guide the next steps and recommend the necessary security updates and patches to prevent future incidents."
"Greetings Customer Support, I am contacting you to highlight an ongoing problem with our digital campaigns which are not launching as planned. The campaigns are remaining inactive, and we are uncertain about the root cause. We have attempted to reset the servers and verified the code, yet the issue remains unresolved. We believe the problem could be related to incorrectly set Firebase configurations. We would be immensely grateful if you could examine this situation and provide a solution at your earliest convenience. Kindly inform us if any additional information is needed from us to address this issue. We look forward to your prompt response. Thank you for your time and help.",We have noted your email and will look into the issues with your digital campaigns. We will review the Firebase settings and explore other potential causes. Please provide us with more details about the campaigns and any error messages you are encountering. We will respond with a solution as soon as possible.
"Customer Support, seeking information on securing medical data in the Salesforce CRM integrated with Django 3.2. Could you provide details on best practices and protocols to ensure the confidentiality, integrity, and availability of sensitive medical information? I would appreciate guidance on implementing robust security measures, such as encryption, access controls, and auditing. Additionally, what specific considerations should be taken into account when integrating Django 3.2 with Salesforce CRM to ensure a seamless and secure data exchange? Your prompt response is greatly appreciated.","Dear [Name], we appreciate reaching out to our customer support team regarding the securing of medical data in your Salesforce CRM integrated with Django 3.2. To ensure the confidentiality, integrity, and availability of sensitive medical information, we recommend implementing encryption, access controls, and auditing. For the integration of Django 3.2 with Salesforce CRM, consider using secure APIs and authentication protocols. We will provide detailed guidance on best practices and are available for a call at [Phone Number] if you prefer a more in-depth discussion. Thank you."
Patient records are unavailable owing to hardware malfunction,"We regret the difficulties with your NAS equipment. Kindly share the device model and any error details to help us diagnose and rectify the situation, ensuring you regain access to your patient records."
"An unauthorized access attempt has been detected on the hospital system, posing a risk to patient data security. External access has been disabled and security protocols have been updated. Assistance is required to secure data integrity and ensure the safety of patient information.","Acknowledged the notification about the unauthorized access attempt on the hospital system. We need your assistance to secure data integrity and ensure the safety of patient information. Please provide details on the attempted access, including the date and time. We will schedule a call at a convenient time for you to discuss the next steps and ensure the system is fully secured."
"A data breach has been detected during the transmission of medical data via devices. It might have resulted from outdated security protocols. Despite attempting to update the software and review network configurations, the issue persists. An abnormal spike in network activity was noted during the initial investigation, suggesting that sensitive patient information may have been compromised. Concerned about the potential consequences, we are seeking immediate assistance to resolve the issue and prevent future occurrences. Could you please provide guidance on this matter?","Received an email regarding the data breach involving the transmission of medical data. To assist you, I need details on your current security setup and the updates you have attempted. Could you please provide information on the software and network configurations you have reviewed? I would like to schedule a call to discuss the issue and provide guidance on the next steps. I am available at your convenience. Please let me know a suitable time to contact you at <tel_num> to discuss and recommend appropriate actions."
"I am looking for detailed information on the integration capabilities of a SaaS solution with Google Meet and Schoology. Specifically, I am interested in understanding how this solution enhances virtual meetings and online learning experiences. I would like to know if the solution allows for seamless scheduling and joining of Google Meet meetings, as well as the ability to assign and track assignments within Schoology. Any additional information provided would be greatly appreciated.","I am glad to provide information on the integration capabilities of our SaaS solution with Google Meet and Schoology. Our solution seamlessly integrates Google Meet, enabling easy scheduling and joining of meetings directly from the platform. It also allows for the assignment and tracking of assignments within Schoology. The support includes a range of features such as single sign-on, calendar integration, and meeting analytics. The integration with Google Meet also includes features like automated meeting reminders and one-click meeting join functions."
"Dear Customer Support, 

I hope this message finds you well. I am writing to seek information on data analytics tools that can aid in the optimization of my investment portfolio to achieve the highest possible returns. With the abundance of data available today, it can be challenging to make well-informed investment decisions without the right tools. I am specifically interested in tools that can analyze market trends, forecast stock prices, and offer insights on diversification and risk management strategies. 

I would greatly appreciate any recommendations or guidance on how to begin using data analytics for investment portfolio optimization. Some key features I am looking for include real-time data analysis capabilities, the application of machine learning algorithms, and user-friendly interfaces. Additionally, I am keen to learn about any success stories or case studies involving companies that have successfully optimized their investment portfolios using data analytics. 

I believe that with the right tools and expertise, I can make more informed investment decisions and achieve better returns. Thank you for your time and assistance. I look forward to your response and to discussing this further. Best regards, [Your Name]",We will review your request and reach out to you at <tel_num> to discuss the appropriate data analytics tools for optimizing your investment portfolio.
"Hello customer support, I am writing to ask about the recommended security protocols for Google Cloud Platform in healthcare. Could you share the necessary measures to ensure the security and compliance of sensitive healthcare data on the platform? I would greatly appreciate any guidance or resources you could offer. Thank you for your time and assistance. I am looking forward to your response.","Certainly, I can assist you with information on Google Cloud security protocols for healthcare. Please allow me to contact you at <tel_num> to discuss further and provide relevant resources and guidance to ensure compliance and security of sensitive data."
"Hello Customer Support, I am reaching out to inquire about the SaaS features related to project management and scalability. Could you provide more information on the tools and services you offer to support project growth and expansion? I would appreciate detailed information regarding resource allocation, task management, and team collaboration. Additionally, could you let me know about the customization options, integration with existing systems, and the security measures in place? Thank you for your time and assistance. I look forward to hearing back soon.","Dear [Name], thank you for reaching out to our customer support team regarding your inquiry about SaaS features for project management and scalability. We offer a range of tools and services that support project growth and expansion, including resource allocation, task management, and team collaboration. Our platform provides customization options to fit specific needs and integrates with existing systems. We have robust security measures in place to protect your data. We would be happy to discuss and answer any specific questions you may have."
"The SaaS platform experienced an unexpected crash, which may be related to database overload. After restarting the servers and reviewing the logs, and engaging IT support, the problem continues to persist and requires your attention for resolution.",I will look into the SaaS platform crash. Please supply the log files and additional information regarding the database overload. I will follow up with you at <tel_num> to go over the next steps.
"The data analytics tools are not functioning properly, which is hindering the optimization of investments. There have been instances of unexpected data loss and system crashes, which might be related to outdated software or hardware incompatibility issues.",I will look into the problems with your data analytics tools and get in touch with you at <tel_num> to go over the details and plan a solution.
"Hello Customer Support, I am contacting you to report a problem with investment forecasts which are failing due to data discrepancies. It seems the issue could be related to inconsistent data formatting. Despite my efforts to check the data sources, the problem continues and no solution has been found. Could you please take a look at this and offer a resolution as soon as you can? I would also be happy to provide any further information that might be needed to resolve this issue. Thank you for your attention and I look forward to your response.","Greetings [Name], We have received your email regarding the issue with failing investment forecasts due to data discrepancies. It is clear that you have already tried checking the data sources but the issue remains unresolved. We will investigate this further and aim to provide a solution promptly. To help with the investigation, could you please share more information about the specific forecasts that are failing and the data sources being utilized? Additionally, the exact error message you are encountering would be very useful. If necessary, I can arrange a call with you at [Phone Number] to discuss the issue in greater detail and gather any additional required information to resolve it quickly. Please let me know a suitable time for the call if needed."
"Could you provide details on the customization options available for the SaaS project management features? I am interested in learning how the platform can be tailored to meet our specific needs. Please provide information on the available features, limitations, and any constraints.","Dear [Name], thank you for your interest in our SaaS project management platform. We offer a range of features including task management, reporting, and collaboration tools, which are highly customizable to meet specific business needs. I would be happy to discuss the available features, limitations, and any constraints in more detail. Please provide information on your specific requirements so we can schedule a call at [Tel Number] to discuss and provide a personalized demo using [Account Number] for more details."
"Customer Support, reporting issue with investment optimization software. The software is not generating accurate forecasts, possibly due to recent data integration issues. I have attempted to restart the software and recalibrate the data feeds, but the issue remains. I would greatly appreciate it if you could look into this matter and provide a solution as soon as possible. Please let me know if you need any additional information. Thank you for your assistance with this matter.",<name> has written an acknowledgment email regarding the issue with the investment optimization software. They apologize for the inconvenience and are willing to assist in resolving the matter. Could you please provide details on the recent data integration issues and the steps you have taken so far? We would appreciate it if you could provide <acc_num> to contact us at <tel_num>. We will review the case and provide a solution or alternative steps to resolve the issue as soon as possible.
"Could you provide information on securing medical data in hospital environments using Redis 6.2? I would like to know the best practices for storing and retrieving sensitive medical information. What are the key considerations to ensure the confidentiality, integrity, and availability of medical data in Redis?","<name>,

we appreciate your inquiry regarding the security of medical data using Redis 6.2 in hospital environments. To ensure the confidentiality, integrity, and availability of medical data, it is essential to implement best practices for storing and retrieving sensitive information. Key considerations include encryption at rest and in transit, secure authentication and authorization, and regular security audits. We recommend using Redis Enterprise's built-in security features, such as SSL/TLS encryption and role-based access control. Additionally,"
"Greetings Customer Support, I am reaching out to inform you of a sudden data encryption error. The system was functioning properly until yesterday, but we are now encountering difficulties with data encryption. We believe this might be caused by an outdated Node.js version. We have already attempted to restart the servers and update MySQL, yet the problem remains unresolved. We would be grateful for your assistance in addressing this issue promptly. Please provide us with any guidance or support you can offer to help us restore the system to normal operation.","Hello <name>, I am investigating the data encryption error you have reported. To better assist you, could you please share the current Node.js version and any error messages you are observing? I will be glad to lead you through the next steps to address the issue. If necessary, I can arrange a call at <tel_num> to further discuss this matter."
"There have been instances where the graphics suite crashes when using PyTorch integration, likely due to incompatibility between library versions. I have attempted to resolve the issue by restarting the software, updating drivers, and verifying the dependencies.","I am investigating the problem causing the graphics suite to crash with PyTorch due to library version incompatibilities. Could you provide the exact versions of the libraries you are using and the detailed error message? I will look into this further and, if necessary, we can schedule a call at <tel_num> to discuss additional steps."
"We have encountered a data security breach that impacted medical records. This may have resulted from the use of outdated software and misconfigured security settings. To address the issue, we have updated PostgreSQL, implemented firewall rules, and changed user access credentials.","We acknowledge the data security incident and appreciate the steps taken to mitigate the issue. Please allow us to review the incident and provide guidance to ensure the security of your medical records. Should you need any assistance or support, do not hesitate to let us know."
"Our marketing initiatives have hit a snag, which is hindering our brand's growth. Despite tweaking our advertising budget and refining our target audience, we're still not seeing the expected results. Could you help us pinpoint the problem and suggest a solution to get these campaigns back on track?","I understand your concern regarding the halted marketing strategies. To better assist you, could you provide more details about the current campaigns, including the platforms used and the specific goals you're trying to achieve? Once I have this information, I can review it and propose a solution to get your campaigns back on track. It would be convenient to discuss this further at your earliest convenience."
"Respected Customer Service Team, I am contacting you to address an urgent issue with our social media interactions. In the last week, there has been a sharp and unanticipated decrease in our social media participation. Despite our efforts to uphold a regular and high-quality content plan, our reactions such as likes, shares, and comments have reduced. We are uncertain of the reason but consider recent algorithm adjustments or weaknesses in our content strategy as possible causes. To address this, we have adjusted our posting times and updated our content. Unfortunately, no improvement has been observed. We would be very grateful for any advice or help you can provide to uncover the root of the problem and establish a strategy to enhance our social media engagement. I appreciate your time and cooperation. We look forward to your response.","Dear <name>, thank you for sharing your concerns about the drop in social media engagement. I am ready to assist you in identifying the cause. Could you please give me more details about your social media platforms and the recent modifications to your content approach? Would you be available for a call at your convenience? Please inform me of a suitable time."
I require assistance with digital tactics to enhance brand growth through Adobe Premiere Pro 2021 and Elasticsearch 7.13. Could you offer some advice or point me to useful resources?,"I can give you general advice on utilizing Adobe Premiere Pro and Elasticsearch for brand growth. Nevertheless, for tailored strategies, I will need more details about your ongoing projects and objectives. Would it be feasible for us to schedule a call at a time convenient for you? Please inform me of a suitable time, and I will reach out to you at <tel_num>."
"Dear Customer Support, I am hoping to obtain detailed information about the secure storage and stringent access controls for medical data in our hospital's IT systems and associated devices. Given the sensitive nature of medical data, it is imperative that the highest level of security is maintained to prevent unauthorized access. Could you provide specifics about the measures in place to ensure the confidentiality, integrity, and availability of this data? Specifically, are encryption methods utilized to safeguard the data? Are there access restrictions in place to ensure only authorized personnel can access it? Additionally, I would appreciate information on the backup and recovery procedures that are implemented in case of a disaster or system failure. Furthermore, could you detail the staff training programs for handling medical data and the protocols for reporting and responding to security incidents? It is crucial to have robust security measures in place to protect this confidential information and avoid any breaches. I look forward to receiving the information you have. Thank you for your assistance.","I will review our medical data security measures and respond with detailed information on encryption, access controls, backup procedures, and staff training. I will contact you at a later time to discuss this further."
"Suddenly, data visualization errors have appeared in the platform due to software incompatibility.","Hello <name>,

I hope this message finds you well. I am writing to address the issues you are encountering with our Investment Data Analytics Platform, specifically the recent data visualization errors attributed to software incompatibility. I sincerely apologize for any inconvenience these problems may have caused and am here to help resolve them.

Could you please provide more details about the error messages you are seeing and the software involved in causing the incompatibility? This information will assist me in understanding the situation better and in finding a solution. Additionally, could you inform me of the operating system and browser version you are using, as this will be beneficial for troubleshooting?

If necessary, I can arrange a call with you at <tel_num> to discuss this further and guide you through any potential fixes. Please let me know a convenient time for you, and I will ensure to contact you at that time.

Best regards,
<name>
Service Desk Agent
<acc_num>"
I would like to learn more about the task management and team collaboration features your platform provides. Could you share details on how your system supports communication and organization among team members? I would greatly appreciate any information you can offer.,"Dear <name>, thank you for your interest in our task management features. Our platform includes tools like real-time updates, task assignments, and collaboration spaces to enhance communication and organization among team members. I am ready to provide more details and address any specific questions you have. Could we schedule a call at a time convenient for you to discuss these aspects in more depth? Please let me know a suitable time by contacting me at <tel_num>."
"The financial firm's investment optimization tool has been accurately processing data analytics. However, a potential issue might have arisen due to a recent software update or configuration problem. Steps taken include restarting affected applications and verifying network connectivity via the VPN-router, but the problem still persists. We would greatly appreciate your assistance in resolving this issue as soon as possible to minimize any potential losses.","'name' sincerely apologize for the issue you are experiencing with the financial tool's accuracy in processing data analytics. We understand the urgency of the matter and appreciate the troubleshooting steps you have already taken. To assist you further, we would like to investigate the issue in detail. Could you please provide us with information on the recent software update and configuration changes made? Additionally, it would be helpful to know the exact error message you are receiving. We will schedule a call at your convenience to discuss the issue and work towards a solution."
"I am writing to seek details on the billing options for enhancing investment analytics services. Could you kindly furnish me with information on the different plans and pricing structures? Additionally, could you elaborate on the pros and cons of each option? This will assist me in making an informed choice. Thank you for your support.","Certainly, I can supply you with details on our billing options for improving investment analytics services. We provide several plans and pricing models. I will give you a call at your convenience to go over the specifics and benefits of each plan. Please let me know a time that suits you."
"service disruption observed. initiated service restart, reviewed logs.","Dear <name>, we appreciate your report of the service interruption in the SaaS platform today. We have already taken initial steps by restarting the services and reviewing the logs. If the issue continues, please share the logs and error messages for further analysis, which will aid in resolving the problem promptly."
"A data breach has occurred, and outdated protocols might be the cause.","{\""name}, we understand the urgency of the situation and apologize for any inconvenience caused by the data breach in the Medical Records Security System. We take security very seriously and are committed to assisting in resolving this matter. To better understand the issue and determine the cause, could you please provide information about the breach, including the date and time it occurred, and any error messages you may have received. Additionally, we would like to know if outdated protocols are suspected to be the cause. If necessary, we will schedule a meeting to address this."
Our healthcare provider has encountered unauthorised access attempts involving medical data. This could be due to weak password protocols. Updating passwords and enhancing firewall settings might help resolve the issue. We require assistance to secure the medical data.,We are investigating unauthorised access attempts regarding medical data. Could you please provide details on the attempts and current security measures in place? A call to discuss the issue and potential solutions would be helpful.
Is it possible to receive insights on optimizing data analytics investment strategies?,I can offer guidance on optimizing data analytics investment strategies. Please provide details about your current approach and goals.
"Customer Support, <br> We are currently facing a critical issue with the investment analytics tools. The system has crashed unexpectedly, leading to downtime. The cause is suspected to be compatibility issues with Ruby on Rails 6.1. Despite restarting affected devices and updating the software, the problem continues to persist. Our team has attempted to troubleshoot, but we require assistance to resolve the matter. The disruption is impacting our operations significantly, and we need a prompt solution to minimize any potential losses. We would appreciate if you could look into this issue.",Please review the issue with the investment analytics system and contact us at <tel_num> to discuss and provide a solution or workaround. We are available for a call to facilitate the resolution process.
Boost Ubiquiti UniFi Dream Machine to refine digital marketing tactics and elevate network performance and security.,"Optimize the Ubiquiti UniFi Dream Machine for enhanced digital marketing and improved network performance and security. We recommend reviewing the current network configuration and security settings. Please share specific details about any issues you are encountering. We are eager to assist in improving your network performance and security to support your marketing efforts. If available, we can discuss this further by calling <tel_num>."
There are compatibility issues with the project management tool software products.,I understand you are experiencing compatibility issues with the project management tool software products. Please provide details about the issues with the products so I can assist you in troubleshooting and finding a solution to your problem.
"Hello customer support, I am writing to request information on the recommended security protocols for Windows in a hospital environment. Given the sensitive nature of the information handled in hospitals, it is crucial to implement strong security measures to safeguard against cyber threats. Could you provide details on the specific security protocols that are advised for Windows in this context? Additionally, could you suggest any particular software or hardware solutions? It would also be helpful to learn about the best practices for installing and maintaining these security measures. I look forward to your response and will call you at <tel_num> to discuss these points further.","We advise enabling a firewall and antivirus software, and ensuring regular updates and patches for Windows in a hospital setting. We will call you at <tel_num> to discuss specific software and hardware solutions and the best practices for their implementation and maintenance."
"We appreciate your request to update the digital marketing strategy to boost sales for the affected products. Adapting our approach is crucial to meet customer needs and maintain competitiveness. For a tailored solution, please provide more details on the products and your sales goals. We can discuss this further via a call at your convenience. We look forward to your response.","Dear <name>,

Thank you for reaching out regarding the update to our digital marketing strategy to enhance sales for the affected products. It is important for us to align our efforts with your objectives and the needs of your customers. To proceed, we need additional information about the products and your specific sales targets. This will help us develop a customized strategy.

Could you please share more details? We can also set up a call to go over this and address any questions you might have. Are you available for a call at a time that suits you, or should we propose some time slots?

We are excited to collaborate with you on achieving your goals.

Best regards,
Service Desk Agent"
I am looking to inquire about the data analytics solutions you offer for optimizing investments. Could you provide detailed information on these solutions? I would greatly appreciate any guidance you can offer to help me make informed decisions. Thank you in advance for your assistance.,"We can provide you with detailed information on our data analytics solutions for optimizing investments. We offer a variety of tools that can help you make informed decisions. To better understand your needs, could you please provide us with details about your current investments and goals? We are happy to discuss this with you and are available to call at your convenience to explore solutions that can assist you."
"All user logins are failing. This could be due to a recent update or server overload. After trying to restart the server and examining the logs, the problem still hasn't been resolved.","Dear <name>, I am responding to your email regarding the recent login failure affecting all users. Despite your efforts to restart the server and check the logs, the issue remains unresolved. I would like to further investigate and possibly schedule a call to discuss the recent update and server load. Could you please provide a convenient time for me to call you at <tel_num> to gather more information and explore solutions for your <acc_num> account? Please let me know a suitable time for the call so we can address the issue promptly."
"I am contacting you to bring to your attention an issue I have with my billing for data analytics services. It appears that I have been overcharged on my latest bill, a situation I believe could be related to a synchronization problem between Puppet and Firebase systems. After carefully reviewing my statements and engaging with the support team, I have yet to find a resolution. I would greatly appreciate your prompt attention to this matter and your assistance in rectifying my billing. Kindly provide me with any additional information you may need from me to address this issue. Thank you for your support and cooperation in this matter.","I am looking into the double-charging issue you described for your data analytics services billing. Given your suspicion of a synchronization issue between systems, and your past attempts to resolve it, could you please share your account number and the dates when the overcharges occurred? With this information, I can review your case and work towards correcting your billing as quickly as possible. If further clarification is needed, I might need to follow up with a call; please let me know a convenient time for you."
Could you supply details on digital strategies for brand growth? I would greatly appreciate any guidance to assist my business.,I will provide an outline of digital strategies for brand growth to assist your business.
Can you provide details on the integration process?,"<name>, thank you for reaching out to the service desk. To integrate Monday with IBM Cloud, we recommend using the API and a third-party connector. For detailed information, we would like to schedule a call at your convenience. Please let us know a suitable time that works for you, and we will be happy to assist with the integration process <acc_num>."
Could you suggest data analytics tools available on macOS Monterey for optimizing my investments? I am looking for software that will assist in making well-informed decisions. Please list the tools that are appropriate for this purpose.,"Hello <name>, we have a variety of data analytics tools available on macOS Monterey for investment optimization. These include spreadsheets, statistical software, and specialized investment applications. To better address your needs, could you please share more details about your investment objectives and requirements? I am keen to discuss this further with you; would you be available for a call at a time that suits you, please let me know a convenient time to reach you at <tel_num> regarding your <acc_num>."
I'm writing to seek details on the payment conditions for digital strategy services. Could you kindly furnish me with more information? It would be greatly appreciated if you could also indicate which payment methods are accepted and whether any discounts are available for extended contracts.,"Dear customer, thank you for your inquiry regarding the payment terms for our digital strategy services. We accept a range of payment methods, such as credit cards and bank transfers. For long-term contracts, we provide discounts based on the duration of the contract. To offer you more detailed information, I would like to have a discussion with you. Would you be available for a call at your convenience to review the payment terms and the most suitable options for your needs?"
"Customer Support,

I am writing a report on a potential data breach in the hospital system. The security of medical data has been compromised, possibly due to outdated antivirus software and unauthorized access. Immediate action has been taken to update the security software, review access logs, and identify potential vulnerabilities. Additionally, we have surveyed staff data-handling practices to ensure everyone is aware of the importance of data security.

We are concerned about the potential consequences of the breach.","{name}, we appreciate you bringing this matter to our attention and taking immediate action to update the security software and review access logs. In order to investigate the potential data breach in the hospital system, we need more information, including the date and time the breach was discovered and details on the compromised data. Could you please provide us with a list of the steps that have been taken so far? We can schedule a call at your convenience to discuss the breach and recommend additional measures to prevent similar incidents in the future."
Could you provide more details on the billing options for the project management SaaS?,"'name', thank you for your interest in our project management SaaS. We would be happy to provide you with details on our billing options. We offer both monthly and annual subscription plans, with an annual plan that includes a discount. The cost is based on the number of users and the features required. We also offer a free trial period to test our services. Please provide us with information on your project requirements, the number of users, and the features needed to give you an accurate quote. Alternatively, it would be convenient to call and discuss further."
"A financial organization is facing unanticipated discrepancies in investment analysis caused by data synchronization problems. Despite attempts at data reconciliation and reinstallation, inconsistencies persist.",Please review the investment analysis variations and data synchronization issues. Kindly provide details on the inconsistencies you are experiencing so we can assist you.
The portfolio is not updating. I tried restarting and reviewing the settings.,Please reach out to us at <tel_num> for help with your portfolio issue today.
There are occasional connectivity issues with the MSI MEG Z490 Godlike Motherboard.,"I have received an email about connectivity issues with the MSI motherboard. Please share more details about the issue, and I will be happy to schedule a call at a convenient time to troubleshoot the problem."
Underwent a data breach. Initial assessment indicates unauthorized access likely from phishing. Passwords have been reset and systems scanned.,Immediate information is needed
"There's a synchronization problem with task updates, which might be because of an API timeout.","I've noted your concern about a synchronization issue with task updates, which could be related to an API timeout. To better support you, could you share more details about the error message and the steps you've already tried? This information will help me address your issue more effectively. If necessary, we can schedule a call to discuss further; please provide a convenient time to reach you at <tel_num>."
Issue: Digital campaigns have come to a standstill. Possible cause: software compatibility issue. Actions taken: Restarted systems and verified network connections.,I am investigating the compatibility issue that has affected your digital campaigns. Could you provide additional information about the involved software and systems to help with further troubleshooting? I will arrange a call at a time that suits you to provide further assistance.
Several users are facing synchronization challenges while using iOS Outlook 2021 to access project management functions. This might be due to API limitations or network delays impacting data fetching.,Examining the synchronization issues
Users encounter unexpected crashes of the ClickUp application during peak hours due to server overload and unresolved integrations. Steps taken to address these issues include clearing the cache and updating the app.,"Dear [Name], we apologize for the inconvenience caused by the ClickUp application crashing during peak hours. We understand that you have already attempted to resolve the issue by clearing the cache and updating the app. To assist you better, we would like to investigate the server overload and unresolved integrations. Could you please provide us with the information on the integrations you are using and the exact error message you receive when the app crashes? If needed, we can schedule a call at [tel_num] to discuss the issue in detail and provide a suitable solution for your account."
"Customer Support, inquiring about security measures for storing medical data using Mailchimp, especially concerning the integration with hospital systems. Would appreciate detailed information on patient information protection protocols that ensure compliance with healthcare regulations. Looking for guidance on best practices to safeguard sensitive medical data and facilitate a seamless integration with existing hospital infrastructure. Information is crucial as our organization strives to maintain the highest standards of data security.","Dear [Name], thank you for reaching out to us regarding security measures for medical data using Mailchimp. We take data security very seriously and ensure compliance with healthcare regulations. We would like to schedule a call at [Phone Number] to discuss the protocols and best practices for safeguarding sensitive medical data and integrating it with hospital systems. Please let us know a convenient time for you."
I am inquiring about the available documentation for integrating Smartsheet with PostgreSQL for investment analytics. Could you please share any relevant resources or guides to assist me in initiating this integration? I would greatly appreciate your support in this matter. Thank you for your time and assistance.,"Dear <name>, I am pleased to assist you with integrating Smartsheet into PostgreSQL for investment analytics. We have a detailed guide that provides the steps to connect Smartsheet to PostgreSQL. I can provide you with a link to our online documentation, which includes a step-by-step tutorial and API references. Additionally, I can offer some general guidance on getting started with the integration. If you would like to discuss further or have specific questions, I can arrange a call at your convenience. Please let me know if you are available for a call at <tel_num> or if you prefer to communicate via email. I will forward the necessary resources and guides to help you begin the integration."
"Customer Support, please draw attention to the critical need for implementing enhanced security measures to protect medical data in our hospital's infrastructure. With the rise in cyberattacks targeting healthcare institutions, it is essential to take proactive steps to safeguard sensitive patient information. This includes encrypting data, setting up firewalls, and conducting regular security audits. Staff training in cybersecurity practices and ensuring that software systems are up-to-date are also crucial.",We will review your request and provide guidance on implementing enhanced security protocols for medical data protection. Please allow us to contact you at your convenient time to discuss this further.
Which security measures do you suggest?,"It is advised to activate two-factor authentication, employ robust passwords, and configure role-based access controls to ensure the safety of health information in ClickUp."
"Hello Customer Support, I am writing to seek advice on securing medical data on my macOS device. As a healthcare practitioner, I am aware of the critical importance of maintaining the privacy of patient information. Could you please share with me the most effective security measures to safeguard the confidentiality, integrity, and availability of such data? Additionally, do you have any recommended security protocols or software that I should use? I would be grateful if you could also recommend any relevant resources. I would appreciate a call from you at a convenient time for further discussion. Best regards, [Your Name]",We will share with you the recommended best practices and security protocols for securing medical data on macOS devices. Please allow us to contact you at your convenience for a detailed discussion.
"Our financial firm is facing incorrect billing charges for analytics services. The issue might be due to a data entry error. We have attempted to reconcile the statements and contacted support, but the problem still persists. We would appreciate it if you could look into the matter and provide a resolution as soon as possible.","We have received your email regarding the billing issue for analytics services. We need to review your account details to investigate further. Please confirm your account number <acc_num> to proceed. If necessary, please contact <tel_num> to discuss the issue and provide a resolution as soon as possible."
"You are currently facing difficulties with low engagement on your social media campaigns. This issue is primarily due to inadequate targeting and outdated content. Despite making efforts to adjust your ad spend and refine your content strategy, the problem remains unresolved. We would be grateful for any support to address this and enhance your social media engagement.","We appreciate your email regarding the social media engagement challenges you are experiencing. These challenges are related to inadequate targeting and outdated content in your campaigns. Although you have attempted to adjust your ad spend and update your content strategy, the issue continues to persist. To better assist you, could you provide more information about your current targeting approach and the type of content you are sharing? Additionally, it would be beneficial to know your expected engagement rates and the metrics you are using to measure engagement. We would like to arrange a call to discuss this further. Please let me know a suitable time for you, and I will ensure to contact you at the provided telephone number."
What are the optimal procedures for integrating new team members into your project management platform? A successful onboarding process guarantees a seamless transition and high productivity.,"For a smooth onboarding of new team members, offer a detailed guide and training on our project management platform, appoint a mentor, and establish clear objectives and expectations. This ensures a seamless transition and productivity. Please inform me if you require additional details or a discussion."
"Hello Customer Support, I am contacting you to gather information on the integrations available between Xero and data analytics tools. Currently, I utilize Xero for my business's financial management and wish to improve my data analysis. Could you please share a list of the available integrations along with their features? Additionally, I would greatly appreciate details on the setup process, pricing, and any necessary system requirements. Your insights will help me make an informed decision about the most suitable integration for my business. I look forward to your response. Kind regards, [Your Name]","Hello [Your Name], thank you for your interest in Xero integrations with data analytics tools. We offer several integrations each with distinct features and pricing structures. To provide you with a more specific description, could you please specify the data analysis functionalities you require? I am ready to have a detailed discussion about the setup process, pricing, and system requirements at a convenient time for you."
"Marketing agency facing system downtime impacting digital strategy tools. Despite attempts to restart the software and clear cache, the issue continues. Recent updates might be the cause.","<name> sorry to hear that the marketing agency is experiencing system downtime affecting digital strategy tools. It seems you've already tried restarting the software and clearing cache, but the issue persists. It's possible that recent updates could be causing the problem. We would like to investigate and resolve the issue as soon as possible. Please provide details of the recent updates and any exact error messages you're seeing. Additionally, please provide your account information, including <acc_num>, to help us address the matter."
"We have received notification about a data leak originating from a security flaw, leading to the unauthorised disclosure of medical information. We sincerely regret any distress this may have caused. For better assistance, we require additional information pertaining to the specific security flaw mentioned. Moreover, we will need to schedule a call at a time convenient for you to delve deeper into this matter. Could you kindly confirm your availability for a discussion?","Acknowledging your communication regarding a data leak issue caused by a security vulnerability that has unfortunately resulted in the exposure of medical data. We are truly sorry for any distress this may have caused. To proceed, we need further details about the security vulnerability. Additionally, we would like to arrange a call at a time that suits you to discuss this matter in more detail. Could you please confirm your availability for such a call?"
"We are encountering connection problems with QuickBooks Online. After restarting the router and verifying the network settings, the issue still exists. We have gone through the API documentation.","I would be happy to assist with the QuickBooks Online connection issue. Please provide the details of the error message you are receiving, and I will investigate further to find a solution. We can also schedule a call at your convenience for more thorough troubleshooting."
"have noticed a sharp decline in website traffic, which is affecting the brand's online presence. this could be due to recent updates made to Drupal Commerce. steps taken such as clearing the site cache and testing different browser settings have not been successful. we would appreciate your assistance in resolving this issue.",ready to assist with the issue of sudden website traffic decline. kindly provide details on any recent updates made to Drupal Commerce and if any error messages are being observed. would be available to schedule a call at a convenient time to discuss and troubleshoot the issue related to your website. account number: <acc_num>.
"Hello Customer Support, I am writing to seek information on the integration capabilities for project management between Outlook 2021 and Discord. I currently use Outlook 2021 for my email and scheduling, and Discord for communication with my team. I am interested in knowing if there are any integration solutions that could allow me to manage my projects efficiently across these platforms. I am particularly interested in features such as calendar synchronization, task delegation, and notification linking. Could you kindly furnish me with details about the available integration options, including any third-party applications or add-ons that are compatible? Furthermore, I would also appreciate it if you could direct me to any resources or tutorials that could assist me in setting up this integration. I look forward to your response and assistance. I am eager to hear from you soon.","Hello <name>, we appreciate your query regarding the integration of Outlook 2021 and Discord for project management. We can offer integration through third-party applications and add-ons that include functionality such as calendar synchronization and task delegation. For a more personalized response, could you please confirm your specific needs. We are also available to schedule a call at <tel_num> to discuss in more detail and provide you with guidance on setup tutorials and other relevant resources."
"I am contacting you to address an issue with my investment data that is not aligning correctly with my analytics dashboard. I suspect this could be related to software compatibility. I have already taken preliminary steps such as restarting my Mac and ensuring Malwarebytes is up-to-date, but the problem remains unresolved. I would be grateful if you could investigate this and offer a solution at the earliest convenience. Kindly inform me if there are any specific details you require from my side to resolve this. Thank you for your support and I look forward to your response.","Dear <name>, we appreciate you bringing the investment data discrepancy to our attention. We apologize for the inconvenience and are here to assist you. To better understand the issue, could you please share a screenshot of the incorrect portfolio values and let us know the version of your operating system and browser? Additionally, if it is feasible, could we arrange a call at <tel_num> to delve deeper into this matter and explore potential solutions, such as software compatibility issues? Please suggest a time that works for you."
"Hello Customer Support, I am contacting you to address an issue I am experiencing with my project tasks failing to sync with Adobe Creative Cloud. The problem arose when I attempted to access my tasks through the Creative Cloud dashboard, yet the updates were not reflected. I believe this could be a result of a synchronization bug or a glitch in the API. To attempt troubleshooting, I have restarted the application, verified my API keys, and examined the debug logs. Unfortunately, these actions have not corrected the issue. I would be immensely grateful if you could examine this problem and provide a solution at your earliest convenience. Please notify me if you require further information to resolve this matter. I appreciate your time and assistance and eagerly await your response. Best regards.","Hello <name>, thank you for reporting the synchronization issue with your project tasks and Adobe Creative Cloud. I will look into this matter. Could you please share your <acc_num> and any error messages you encountered? If necessary, I will reach out to you at <tel_num> to address the issue promptly."
"An unauthorized access attempt has been detected on the hospital's system, which could potentially compromise patient data security due to a phishing attack.",Please provide details for the incident investigation immediately.
Could you kindly inform me about the payment options for the subscription plans? Any additional information would be appreciated.,"We provide multiple payment methods including credit card, PayPal, and bank transfer. For detailed information, please check our website or I can contact you at your convenience for further discussion."
"The marketing agency's digital strategy tools are unable to integrate recent updates, leading to disruptions in the campaign workflow. Attempts to reset and reinstall the tools have not resolved the issue.","Please investigate the integration issue with the digital strategy tools. Provide details on any errors you are experiencing, and we will assist you."
"Dear Customer Support, I am contacting you to emphasize the urgent requirement for improved encryption to safeguard sensitive medical information and hospital IT infrastructure. The current security arrangements are inadequate to protect against escalating cyber threats, which could endanger patient privacy and pose risks to individual safety. I urge your team to act swiftly to update encryption standards and guarantee the protection of all critical data. This should involve the adoption of end-to-end encryption for all data exchanges, as well as the encryption of all stored hospital data. I would be grateful if you could share a schedule for the implementation of these enhancements and outline the measures your team will take to safeguard our medical data and IT systems.","Dear <name>, we deeply value the security of medical data and hospital IT systems and are cognizant of your concerns. We are currently assessing our encryption methods to ensure they adhere to the most recent security criteria. For a comprehensive plan and timeline for implementation, I propose we schedule a discussion. Please let me know a convenient time for a call at <tel_num> to discuss the necessary actions and provide a timeline for these enhancements."
Medical information exposed because of obsolete software,"<name> will promptly address the security breach in hospital systems, where medical data was compromised due to outdated software. A thorough investigation will be conducted, and software will be updated to ensure security of patient data. Affected parties will be notified as required by law and will be provided with the necessary support and information."
"Respected Customer Support,

A data breach has affected patient records in our system, likely due to an outdated software vulnerability. We have swiftly restarted our systems, updated patches, and reviewed our firewall settings. However, we seek your guidance to thoroughly investigate this issue and implement enhanced security measures to prevent similar occurrences. Could you provide a comprehensive plan of action and any required support to address this situation? We are concerned about the potential implications of this breach and are committed to protecting our patients' information. We await your prompt response and are eager to hear from you soon.

Thank you for your attention to this matter.","Respected <name>, we recognize the data breach in your patient records and value the swift actions you have already taken. To provide further assistance, we require additional details about the breach. Could you please share specifics regarding the compromised data and the software involved? We will develop a detailed plan of action and provide necessary support to ensure the security of your patient records. We will contact you at <tel_num> to discuss this further and guide you through the next steps."
"A significant problem has emerged regarding connectivity that is impacting our marketing strategies. This might be due to recent software updates or hardware compatibility issues. Efforts to resolve the issue, such as rebooting devices and checking network settings, have not resolved the problem.","Acknowledging the current issue with marketing connectivity, I am sorry to hear that the problem persists despite the attempts made to resolve it by rebooting devices and checking network settings. We would like to investigate this matter further. Could you please provide details on the recent software updates and hardware specifications used? It would be helpful to discuss this issue with you at your convenience."
Could you provide more details on the digital strategies that enhance brand growth and the relevant services offered? I am interested in learning about your approach.,"Our team provides customized digital strategies for brand growth, which include social media marketing and SEO services. Please find the details via email."
"Customers are experiencing delays in project load times during peak usage hours, which might be due to increased server demand. Despite clearing caches and optimizing existing database queries, the issue continues, causing significant disruptions to the workflow. We request urgent assistance to resolve this matter and provide a suitable solution to prevent future occurrences.","Received your email regarding project load delays. To assist you, I need information on the current server configuration and usage patterns. For your convenience, please call at <tel_num> to discuss further. Let me know a suitable time to proceed with resolving the issue."
"Customer support, expressing a request for integrating project management tools to enhance seamless collaboration and improve the user experience for the affected products. The integration would significantly boost team productivity and workflow efficiency. We would greatly appreciate it if you could look into this matter and provide a solution at your earliest convenience. Thank you for your time and consideration. We look forward to hearing from you soon.","<name>, thank you for reaching out to the customer support team regarding the integration of project management tools into the products. We appreciate your feedback and understanding of the benefits that such integration would bring to your team's productivity and workflow. We would like to explore possible solutions for you. To better assist you, could you please provide more details on the specific project management tools you are interested in integrating with our products? You can contact us at <tel_num> to discuss the necessary details. We appreciate your patience and look forward to providing a solution for you."
I would like to explore the possibility of integrating Kaspersky security features with the Joystick project management tool to better protect our project data and maintain a secure working environment. Could you provide information on whether this integration is feasible and what steps are required to implement it? I am looking forward to your response and assistance.,"Dear <name>, thank you for your inquiry about integrating Kaspersky security features with the Joystick project management tool. We are keen to help enhance the security of your project data. The integration is possible via our API and we have experience in similar integrations. To proceed, we need more details about your current setup and specific integration needs, including the Joystick project management tool version and the desired Kaspersky security features. Please provide us with this information so we can offer a customized solution and guide you through the implementation process."
"Hello Customer Support, I am seeking information regarding the security measures implemented for the storage and transmission of medical data. As a client, I am keen to ensure that my private health information is safeguarded against unauthorized access. Could you please share the security protocols in place, such as encryption methods, access controls, and other protective measures? Additionally, I am interested in knowing how you adhere to regulatory standards like HIPAA. I would appreciate it if you could offer more details on these points. Thank you for your attention to this matter. I await your response. Best regards, [Your Name]","Hello [Your Name], we prioritize the security of medical data, employing encryption and access controls to protect the information. We also ensure compliance with regulations such as HIPAA. For further details, please feel free to contact us by phone at [tel_num]. We are happy to discuss this further."
The HR system encountered a freeze while syncing employee data. It might be due to compatibility problems. I restarted the server and reviewed Firebase logs.,"Regarding the HR system crash during the employee data sync, which might be due to compatibility issues, I will examine the Firebase logs and contact you for further assistance if necessary."
"Could you provide details on the billing options, payment plans, and project management for SaaS? Thank you for your assistance with this matter.","We offer various billing options and payment plans for SaaS, including monthly and annual subscriptions. You can choose to pay with a credit card or bank transfer. For detailed information, I would be happy to discuss this with you. I am available to call at your convenience; please let me know a suitable time to contact me at <tel_num> to discuss the details. My account number is <acc_num>."
"Greetings Customer Support, I am writing to inform you about a widespread malfunction affecting our digital tools. Upon recent observation, several software applications have ceased to function properly. We believe software incompatibility could be the underlying issue. Despite our attempts to resolve the problem by restarting devices and software updates, the malfunction continues. We would greatly appreciate your prompt investigation and resolution. Please inform us if any further information from our side is required. Thank you for your assistance in addressing this matter.","Dear [name], thank you for reporting the malfunction of your digital tools. We will look into the software incompatibility issues you suspect. For better assistance, could you provide details on the specific software applications and devices involved? A call at [tel_num] can be arranged at your convenience for further discussion. We appreciate your cooperation and aim to resolve this issue promptly for your [acc_num]."
Users are facing occasional login difficulties on the project platform.,"Noted the email about the occasional login issues on the project platform. To assist further, could you please provide the error messages that the users are encountering? We will investigate the issue and work towards a resolution as soon as possible."
"Facing issues while writing reports on my Microsoft Surface Pro 8. The device struggles to run QuickBooks and Excel 2021 smoothly. I've already attempted a restart and reinstallation of the software, but the problem continues. I suspect there might be software conflicts or insufficient system resources. I would greatly appreciate your prompt assistance in resolving this issue. Could you please guide me on the next steps to troubleshoot and resolve the problem? I am available to provide any additional information needed.","Received your email about the issues with the Microsoft Surface Pro 8 running QuickBooks and Excel 2021. To proceed with troubleshooting, could you please provide me with the device's specifications and any recent software updates? This information will help me assist you more effectively and resolve the issue as soon as possible."
"Hello Customer Support, I am writing to get information on the integrations that are available for JIRA in your project management SaaS solution. I am keen to learn about the different tools and platforms that can be integrated with JIRA to boost its capabilities. Particularly, I would like to know if there are integrations for time tracking, reporting, and workflow automation. It would be helpful if you could provide me with a list of available integrations along with their descriptions. Furthermore, I am also interested to know if there are any future plans to add new integrations. Thank you for your time and assistance. I look forward to your response.","Hello <name>, our SaaS solution supports various integrations for JIRA, including time tracking, reporting, and workflow automation tools. We will provide you with a list of available integrations and their descriptions. If you prefer, we can schedule a call at your convenience to discuss the details and future integrations by calling <tel_num>. Looking forward to your feedback."
"Hello Customer Support, I have been facing challenges with the underperformance of my campaigns even after boosting my ad spend. The performance might be hindered by ineffective targeting or poor quality content. Despite making adjustments to keywords and updating ad creatives, the problem still exists. I would greatly appreciate your expert advice on how to enhance campaign performance. Could you offer some guidance on better targeting strategies and content optimization? Given the significant investment, I am eager to achieve better returns. Please assist me in resolving this issue and boosting the effectiveness of my campaigns. Thank you.","Dear <name>, thank you for contacting us regarding the performance issues in your campaigns. I am here to assist you. For a clearer understanding, could you share more details about your current targeting approaches and ad content? I will review this information and provide you with recommendations on improving targeting and content. If necessary, I can set up a call at <tel_num> to discuss further. Please let me know a suitable time to talk. I will work to help you resolve these issues and enhance the effectiveness of your campaigns for your <acc_num>."
It's important to enhance our digital strategies by utilizing targeted marketing tools to drive growth across our products and services as soon as possible.,"We understand that you want to enhance your digital strategies using targeted marketing tools to drive growth across your products and services immediately. To better assist you, could you please provide specific details on which products or services need enhancement? We would like to schedule a call at a convenient time to discuss and identify the best course of action. Please let us know a suitable time for the call at <tel_num>."
"Dear Customer Support, we are writing to request an update on the integration of the investment analytics software across our various products. The current integration is outdated and is causing inefficiencies in data processing and reporting. We would like to request that the integration be updated to improve overall performance and system efficiency, which would facilitate better data analysis and decision-making. We would appreciate it if you could provide a timeline for the update. Additionally, please let us know if there are any further steps we need to take.","Hello [name], thank you for reaching out to us regarding the update to the investment analytics software integration. We apologize for the inefficiencies you are experiencing and are happy to assist you. We will review your request and provide you with a timeline for the update as soon as possible. To facilitate the process, could you please provide us with a detailed description of the current issues you are facing? If necessary, we may need to schedule a call to discuss this further. We are available at your convenience, please let us know."
Marketing campaigns are currently performing satisfactorily.,Please review the campaigns and contact us at <tel_num> to discuss the poor performance issue and explore potential solutions. Your account number is <acc_num>.
Request for details on securing medical data in a Cassandra 4.0 environment within a hospital setting. Please provide the necessary information.,"We need to provide information on securing medical data in a Cassandra 4.0 environment within a hospital setting. Cassandra 4.0 includes several security features such as encryption and authentication. To give specific details and guidance on configuration, we would need to know your current setup and requirements. Please contact us at <tel_num> for a detailed discussion."
There is an unexpected slowdown in the system that is impacting several applications and causing disruptions in the processing of medical data. This might be due to conflicts with Kaspersky software. We have already updated the affected applications and checked for compatibility issues.,We will investigate the potential conflicts with Kaspersky and schedule a maintenance window to resolve the issue and ensure smooth medical data processing.
It is necessary to update antivirus and VPN settings to guarantee that the hospital's IT networks are safeguarded against potential cyber threats.,We plan to review and update the antivirus and VPN settings to bolster the security of the hospital's IT systems. I would like to arrange a call at <tel_num> to go over the implementation specifics and timeline. Could you please suggest a suitable time for me to contact you about this?
Requesting support to enhance data analytics capabilities for optimizing investment in Elasticsearch Node.js integration. This would significantly improve our ability to make data-driven decisions and stay competitive in the market. I would greatly appreciate your guidance and support in this matter. Thank you for your time and assistance.,We will review your request for Elasticsearch Node.js integration and provide guidance on how to enhance your data analytics capabilities. Please allow us to contact you for a discussion.
"The marketing campaign did not achieve the expected engagement levels. Ineffective targeting and ad fatigue might be the causes. After analyzing the audience segmentation and adjusting budgets, the results are still below par.",I would like to discuss the details of the marketing campaign further. Please provide information on the target audience and the ad strategies used. We can then schedule a call to conveniently review and explore possible solutions and adjustments to improve engagement levels.
"The project management SaaS application is facing slow performance and occasional timeouts during peak usage hours. Despite attempts to optimize database queries and scale server resources, the issues continue. We require help in identifying the root cause and finding a solution to improve performance.","Let's investigate the performance issues of the SaaS application. To assist more effectively, please provide details on the current configuration and any recent changes. We can discuss this further and determine the next steps to resolve the performance problems."
"I am contacting you to seek information regarding the billing options for PostgreSQL and Adobe services. Could you kindly furnish me with details about the available pricing plans? It would also be helpful to know the cost structure for each plan and any potential discounts. Furthermore, could you elaborate on the payment terms and any extra charges that might apply? My goal is to make an educated choice, and having a clear understanding of the expenses is crucial. Thank you for your time and support.","Dear <name>, we appreciate your interest in the billing options for PostgreSQL and Adobe services. Our services come with a variety of pricing plans, each with its own costs and possible discounts. To better tailor the information to your needs, could we arrange a call to discuss the pricing plans and payment terms in more detail? When would be a convenient time for you? Please provide a suitable timeframe and I will contact you at <tel_num> to proceed with the discussion. We are eager to assist you in making an informed decision."
"I am submitting a report concerning inaccuracies in the invoices produced by your system. It appears that the errors might stem from a software integration flaw. Despite my attempts to troubleshoot by examining payment settings and restarting the system, the issue remains unresolved. I kindly request that you investigate this and offer a resolution promptly. Please inform me if you require additional information to address this problem.","Dear <name>, we have received your message regarding the issue with the incorrect invoices generated by our system. I apologize for the inconvenience this has caused. I am ready to assist you in resolving this. For a clearer understanding of the issue, could you provide specific details such as the dates and numbers of the erroneous invoices, and any error messages you have encountered? Should you prefer, I can also contact you at <tel_num> for a more detailed discussion, at a time convenient for you. Alternatively, please provide your availability, and I will arrange a call at your preferred time. I will look into the software integration issue and work towards finding a solution as quickly as possible."
We are facing occasional connection problems during user sessions.,"To address the SaaS application connection issue, please share any error messages and the frequency of the problem. You can contact us at <tel_num> for further assistance."
"Our SaaS platform has encountered a failure that led to the loss of project data. This could be a consequence of the Magento 2.4 integration. We have already attempted to restart the servers and reviewed the SQL Server logs, yet the problem continues. Kindly help us in addressing this issue.","I am examining the issue of the SaaS platform failure and the related data loss, which may be linked to the Magento 2.4 integration. Could you provide more information on the error messages and the SQL Server logs so that I can conduct a thorough investigation? I will arrange a call with you at the earliest to discuss the next steps."
"I am encountering difficulties with my Wi-Fi network and suspect a data breach. Despite restarting my router, the problem continues. I am worried about my personal information and need your help to address this urgently. Could you please outline the appropriate actions to take to secure my network and data?","I am here to assist you with your Wi-Fi issue and data breach concern. To better support you, could you provide more information about the problem, such as any error messages or unusual network activity? I will guide you through the necessary steps to secure your network and protect your personal data. If required, I can arrange a call to discuss this further."
"I am contacting you to express my need for an upgrade to the project management tool. The current user interface is overly complex and ineffective, which negatively impacts the customer experience. I suggest a redesign that would simplify the workflow and enhance user experience. This would significantly improve our customer satisfaction. I am looking forward to your response and to discussing this matter further.","Thank you for your message suggesting an update to the project management tool. I agree that the current interface is cumbersome and inefficient, and I believe a redesign could greatly enhance our customer satisfaction. To proceed with your proposal, I would like to discuss it more in detail with you and gather specific information on the proposed redesign and its anticipated benefits. Could we schedule a call at a time convenient for you to delve into this idea more thoroughly? Please let me know an appropriate time, and I will arrange the call accordingly. I look forward to speaking with you to explore the potential update to the project management tool."
"Hello Customer Support, I am contacting you to seek information on data analytics tools that can be integrated with Asana for the purpose of investment optimization. Asana is an excellent platform for workflow management and progress tracking, and I believe it could be even more beneficial with the right integrations for data analytics. Could you give me a list of compatible data analytics tools that can be integrated with Asana, especially those designed for investment optimization? Additionally, I would appreciate it if you could provide a brief description of each tool to help me understand how these integrations can assist in making informed and optimized investment decisions. Thank you for your time and help. I am looking forward to your response. Best regards, [Your Name]","Hello [Your Name], we provide multiple data analytics tools that integrate with Asana for investment optimization. I would be glad to offer you a list of compatible tools along with their descriptions. Please give me a call at [tel_num] so we can discuss further and identify the most suitable options for your specific requirements."
Could you tell me the ideal system specifications needed for smooth operation?,"Hello, for the best operation, the necessary system specifications are a 2.5 GHz processor, 8 GB of RAM, and 256 GB of storage. For more precise and detailed requirements, could you share information about your device and operating system? I am ready to offer more personalized guidance or we can arrange a call at a suitable time to discuss further if required."
"Customer Support,

I am writing to report an issue that is impacting the team's productivity and morale. Employees have expressed feeling excluded from team communications, which may have led to unclear information distribution. 

In an effort to address this issue, I reviewed the message logs to identify any potential gaps in communication. I also ensured that the affected employees were included in the relevant team channels. However, the problem continues to persist, and I require assistance in resolving it.

We believe that the issue","Dear [Name],

I am writing to acknowledge the communication issue affecting your team. I understand that despite reviewing the message logs and ensuring that affected employees are included in relevant team channels, the problem still persists. In order to assist you, I would like to schedule a call to discuss current communication protocols and identify potential areas for improvement. Could you please let me know a convenient time for a call at [tel_num] to discuss this matter further? Additionally, it would be helpful if you could provide any additional information that might assist in resolving the issue.

Best regards,
[Your Name]"
"Customer Support, I am reporting an issue with the project dashboard. Users are experiencing slow loading times, which might be due to increased data volume or insufficient server resources. Despite efforts to optimize the code and refresh the server, the issue still persists. I would appreciate it if you could look into this matter and provide a solution as soon as possible. Slow loading times are impacting productivity and user experience. Please let me know if you need additional information.","We will investigate the issue with the slow loading times on the project dashboard. Please, let's discuss at a convenient time to gather more information and resolve the issue as soon as possible."
"The data analytics tools are unable to start because of compatibility problems after updating Docker. I restarted Docker and verified the dependencies, but the issue remains.",Could you please share the version of the Docker update and the data analytics tools so we can investigate and help further?
"Hello Customer Support, I am reaching out to request an upgrade of my workstation hardware to facilitate faster data analysis and more precise investment insights. My current equipment is outdated and is slowing down my workflow. I would appreciate an upgrade that includes a faster processor, additional memory, and a high-performance graphics card. This will enable me to efficiently manage large data sets and make well-informed investment choices. I believe this upgrade is crucial for staying competitive in the market. I look forward to your response. Thank you for your support.","Hello [Name], we have received your request for a workstation upgrade to enhance data analysis. To proceed, please confirm your account details by providing your [acc_num] and current hardware specifications. We will review your request and provide a tailored upgrade solution. If needed, we may contact you at [tel_num] for further discussion. We will send a proposed upgrade plan and timeline shortly. Thank you for your patience."
"Hello Customer Support, I am contacting you to address an issue with my investment optimization process. The data analysis has stopped, and I suspect it might be because of insufficient computing resources. I have already restarted MATLAB and verified my hardware, yet the problem continues. I would be very grateful if you could offer any help or advice to fix this. Please inform me if there are any further actions I need to take or if you require further details from me. I am ready to provide you with additional information or discuss this further. Thank you for your assistance, and I eagerly await your response. I am looking forward to hearing back from you soon.","Hello <name>, thank you for contacting us regarding the problem with your investment optimization process. We regret the inconvenience this has caused and are here to assist you. To better understand the issue, could you please provide more details about your current setup, including the version of MATLAB you are using and the specifications of your hardware. Also, have you checked for any software updates or tried running the data analytics process on another machine? If a call would be helpful, we can schedule one at your convenience to discuss this further and provide tailored guidance. Please let us know a convenient time to call you at <tel_num>, and we will be in touch soon to assist you with this issue related to your <acc_num>."
"Noted unauthorized access incidents on medical data within the hospital's system. This may have occurred due to phishing attacks or outdated security protocols. So far, enhanced firewall settings have been implemented, and staff awareness training has been conducted to prevent future incidents. We kindly request your assistance in investigating the matter and providing recommendations for improved security measures.","Acknowledging the unauthorized access attempts on the hospital's medical data. Recognizing the severity of the situation and the importance of securing sensitive information, we will investigate the matter. Could you please provide details on the incident, including the date and time of the occurrence, any error messages, and logs that may be relevant? Additionally, we would like to schedule a call to discuss and provide recommendations for improved security measures. I will be available at your convenience for the call."
Facing sync difficulties with Evernote project management SaaS,"Hello, sorry to hear you're experiencing sync difficulties with Evernote project management SaaS. Could you please share any error messages or details about the specific sync issues you're encountering? This will help me better understand the problem and provide an accurate solution. If needed, please call <tel_num> to discuss and resolve the issue as soon as possible regarding <acc_num>."
"Hello Customer Support, I am reaching out to seek detailed information on the security measures that are in place to protect medical data within hospital IT systems. Given the sensitive nature of medical information, it is crucial to implement stringent security protocols to avoid unauthorized access and data breaches. Could you provide insights into the existing security safeguards, such as data encryption, access controls, and network security, and suggest additional steps to strengthen these measures? I am also interested in understanding the regulatory requirements and standards, such as HIPAA, that hospital IT systems must comply with for medical data security. I am eager to learn more about the comprehensive security strategies that are essential for maintaining patient confidentiality and preventing data breaches. I look forward to your comprehensive response and any further details you might need from me. Thank you for your assistance in this matter.","We will supply you with information on the security measures for medical data, including data encryption and access controls, and will also explain the relevant regulations, such as HIPAA, to ensure patient privacy and prevent data breaches. We will provide a detailed response shortly."
"The data analysis dashboard is not loading. It could be due to incompatible software updates. I have already restarted the system and reviewed the firewall settings, but the problem continues. Could you please help me resolve this?",I will look into the issues with your data analysis dashboard and get back to you soon to discuss potential conflicts with software updates and additional troubleshooting steps.
"Users are facing slow performance when accessing project dashboards due to the increased data load from ongoing projects. We have tried server scaling and database indexing, which showed some improvement. We need your assistance to resolve this issue.","Received your email about the slow performance issue with project dashboards. To better assist you, I would like to discuss the issue over the phone. I am available at your convenience. Let's provide more details to determine the next steps to resolve the issue. Please let me know a suitable time for the call."
"Following the recent software update, I have been facing login difficulties. This issue might be due to a configuration inconsistency. Despite trying to restart the server and examining the logs, the problem still exists. I would be very grateful for your help in resolving this. Could you please guide me on additional steps to investigate or suggest a lasting fix?","I am here to assist you with the login challenges you are experiencing. To gather more information, could you kindly share the specific error message you are getting? It would also be helpful for you to provide your account number and an available time for me to contact you and discuss further troubleshooting steps or a more permanent solution."
"Respected Customer Support, I am contacting you to address a problem with the Jenkins build that has failed owing to a Git integration error. It is possible that this error is caused by an incompatibility between the Git version and the Jenkins plugin. I have already attempted restarting Jenkins, updating Git to version 2.32, and reviewing the logs, but the issue still exists. I would be grateful for any support in addressing this issue. Please inform me if you need more details or logs to help investigate the problem. Thank you for your time and assistance.",I will examine the issue and may require additional logs for diagnosis. Could you please share the Jenkins build logs and Git configuration details for further assistance?
"I'm encountering difficulties with the data analytics tool, which frequently crashes. The issue could be related to an incompatible integration with Zoho Books. Despite restarting my MacBook and reviewing the settings in the Eclipse IDE, the problem continues. I would greatly appreciate your help in resolving this.","I would be glad to assist you with the data analytics tool. To better address the integration issue with Zoho Books, could you please share any error messages you encounter when it crashes? I will schedule a time to discuss and resolve the issue with you at your convenience."
Seek insights into effective strategies for growth,"Examine effective digital strategies for expanding a gaming brand, including social media influencer marketing. Would prefer a convenient call to further explore."
Important medical information is no longer available because of network problems. There might be a conflict with recent software updates on the Netgear Nighthawk Mesh system settings. I have already restarted the routers and checked the configuration settings.,Examine the network issue that is preventing access to critical medical data. Review the Netgear Nighthawk Mesh settings for any potential conflicts arising from recent software updates.
"Hello customer support, I am contacting you to report an unexpected medical data breach. This issue might be due to outdated security updates on my Ryzen 9 5950X. I have attempted to resolve it by restarting my Netgear CM1000 and Azure services, but the problem still exists. Could you please examine this and provide a resolution at your earliest convenience? If you need any more details from me, please let me know. I am worried about the security of my medical data and would like this matter to be addressed promptly. Thank you for your consideration.",We will look into this matter and will reach out to you at <tel_num> for additional details.
"Hello customer support, I am contacting you to report a problem with the investment forecasts. It seems they did not update overnight, likely because of a data feed or server problem. Despite restarting the server and verifying the data feed connections, the issue continues. I would be grateful if you could examine this matter and provide a remedy as soon as possible. Please inform me if you require any additional details from me. Thank you for assistance, and I eagerly await your response.","Dear [name], thank you for bringing to our attention the issue with the investment forecasts update. I will look into the potential data feed or server problem. Could you please confirm the last successful update time and any error messages you have seen? I might need to contact you at [tel_num] to gather more information to address the issue promptly."
"Hello Customer Support, I am encountering difficulties with project timelines not syncing correctly across different platforms. It seems the issue could be related to a problem with the integration between GitHub and Excel. Despite restarting my MacBook and reviewing the Ubuntu server logs, the issue remains unresolved. I hope you can investigate this and offer a solution at your earliest convenience. Please inform me if you require additional information. Thank you for your attention and help.","Hello <name>, we recognize the issue with project timeline syncing inaccurately across platforms. To better assist you, could you provide more information regarding the integration with GitHub and Excel, as well as any relevant error messages from the Ubuntu server logs? I will also reach out to you at <tel_num> to discuss this further at your convenience. Please specify a suitable time for the call."
"Data breach detected, affecting medical records.","Please treat data breaches with urgency, escalate the incident immediately. Provide detailed information about the breach and contact <tel_num> to discuss further assistance and secure <acc_num>."
"I am reaching out to inquire about the customization options available for user roles and permissions in your project management tool. As a potential customer, I am interested in understanding how your tool can be tailored to meet the specific needs of my organization. Specifically, I would like to know if it is possible to create custom user roles and assign specific permissions to each role. I would also like to know if there are any limitations or restrictions on the number of custom roles that can be created. Additionally, I would appreciate information on how your tool handles permission inheritance and whether it is possible to assign permissions at the project, task, or team level. I am looking for a tool that can provide a high level of flexibility and customization to meet the complex needs of my organization. I would appreciate any information or guidance you can provide on this matter. Thank you for your time and assistance. I look forward to hearing from you soon.","Dear <name>, thank you for your email. Our project management tool provides customization options for user roles and permissions. You can create custom user roles and assign specific permissions to each role. We can discuss the details and limitations of our tool. I would be happy to call you at your convenience to provide more information and address any questions you may have, please let me know a suitable time to call you at <tel_num>."
"A data breach has been detected at our healthcare facility, potentially compromising sensitive medical data. The cause is suspected to be outdated systems and inadequate security measures. We have initiated antivirus scans and conducted a security audit to identify and address vulnerabilities. Immediate action is required to protect sensitive information and prevent further breaches.","We acknowledge the data breach incident at your healthcare facility. To address this issue, we recommend upgrading outdated systems and implementing robust security measures. The antivirus scans and security audit are a good start. We would like to assist by scheduling a call at your earliest convenience to discuss a customized plan to protect sensitive information and prevent future breaches. Please let us know a suitable time to call at <tel_num> for the next steps."
"There has been a medical data breach, possibly because of outdated antivirus software. Despite attempts to update Bitdefender, the issue still exists. I am worried about the security of my medical information and urgently need help to resolve this situation.","Thank you for bringing this matter to our attention. I appreciate your prompt communication. To better assist you, could you please share more details about the breach, such as the date it happened and any error messages you encountered while updating Bitdefender? I would like to arrange a call to discuss this further. When would you be available for a call, please provide me with a suitable time, and I will contact you at <tel_num> to investigate and resolve the issue."
Project information has vanished. There's a suspicion of an integration problem between ClickUp and PDFfiller. Attempted to restart IntelliJ IDEA and reviewed Norton Antivirus records.,I will look into the integration issue with ClickUp and PDFfiller. Please provide additional information regarding the missing project data to assist further.
Could you please list the available payment methods for annual subscriptions?,We provide both online and offline payment methods.
"I am encountering difficulties while trying to synchronize my Asana tasks, which may stem from an API conflict. Despite attempting to restart the integration, the problem continues to persist. I have double-checked the integration settings and confirmed that they are correctly set up. Nonetheless, the error still occurs. I would greatly appreciate your assistance in resolving this. Could you provide me with some guidance on how to troubleshoot or address the API conflict? Thank you for your support.","I am here to assist you with the Asana synchronization problem you are facing. To better understand and resolve the issue, could you please share the specific error message you are seeing? Also, could you let me know the type of integration you are using and any troubleshooting steps you have already tried? If needed, we can schedule a call to further discuss the matter. Please inform me of a convenient time for a call, and I will contact you at <tel_num> to address the issue with your <acc_num>."
"Hello Customer Support, <br>A sudden service disruption is occurring that is hindering user interaction with our platform. This anomaly might be due to a database connection failure or a surge in server load. <br>Up until now, we have executed server restarts, inspected log files, and ensured network availability, yet the problem remains unresolved. <br>We kindly request your assistance to swiftly address this issue. <br>Should you need any extra details from us to aid in the diagnostic process, please inform us. <br>We are eagerly awaiting your response. <br>Thank you for your cooperation.","Greeting customer, we appreciate your prompt communication regarding the service disruption. We regret the inconvenience and are here to assist. Could you kindly share the specific details of the server and database connections along with the precise error message you are encountering. We will analyze this information and contact you at <tel_num> to discuss additional troubleshooting steps."
"Respected Customer Support Team,

I am contacting you to address a problem I've encountered with the investment advice generated by the data analysis software. There seems to be an error with the suggestions provided, and I suspect the system might be malfunctioning.

I have already attempted to resolve the issue by restarting the system, reviewing the data sources and confirming the input details. Despite these actions, the issue remains unresolved.

I kindly request that you investigate the matter and provide a prompt solution. If there are any extra steps I can take to help resolve this or if you require more details, please inform me.

Thank you for your support.

Best regards,
[Your Name]","Dear [Your Name],

Thank you for bringing this issue to our attention regarding the investment recommendations generated by the data analytics tool. We sincerely apologize for the inconvenience this has caused. To better understand and address the problem, could you please provide us with a detailed account of the incorrect recommendations and what the correct output should have been? We may need to discuss this further with you; please let us know a convenient time to call you at [tel_num]. We will work diligently to resolve this issue as quickly as possible.

Best,
Customer Support"
"Dear Customer Support, I am contacting you to report a problem with our investments data analytics reports. These reports are not generating, and I think this problem might be related to an integration issue with Oracle Database 19c. I've already tried restarting the database and verifying the connections with Sage Accounting, but the issue still exists. I would be very grateful if you could help me resolve this. Please inform me if you need more details from me. Thank you for your time and support. I am eagerly awaiting your response.",I will examine your issue and may require more details to assist with the integration problem between Oracle Database 19c and Sage Accounting.
"Dear Customer Support Team, I am writing to request guidance on securing medical data services at our hospital. Could you provide us with the necessary steps to ensure the confidentiality, integrity, and availability of patients' sensitive information? We are looking for a reliable and efficient solution to protect our medical records infrastructure. We appreciate your prompt assistance and look forward to hearing back from you soon. Regards, [Your Name]","'[Your Name]' would be happy to provide guidance on securing medical data services for your hospital. Please allow us to schedule a call at your earliest convenience to discuss further. Alternatively, you can reach us at [tel_num] for immediate assistance related to [acc_num]."
"There are extra charges on my monthly invoice, which could be due to an incorrect billing cycle. After reviewing the invoice and reaching out to support, the issue still hasn't been resolved.","I am examining the issue concerning the additional charges due to a possible misalignment in the billing cycle. In order to better address this, could you provide your account number and a copy of the invoice in question? I will look into it and work to resolve the matter as soon as possible. If necessary, I will contact you at <tel_num> to discuss this further."
"Respected Customer Support, I am reaching out to seek more details about the data analytics services available for optimizing investments. Could you please elaborate on the range of services offered and explain how they assist in making well-informed investment choices? It would be helpful if you could provide some relevant case studies or client testimonials. Furthermore, I am interested in learning more about the expertise and experience of your team in data analytics. I look forward to your response and hope to discuss this further soon.","Dear [name], we provide a variety of data analytics services aimed at optimizing investments, equipping clients with tools for informed decisions. Our team possesses extensive experience in the field, and we can share case studies and testimonials. I will contact you at [tel_num] to explore this further."
"Dear Customer Service, I am contacting you to address a problem I am experiencing with the medical data encryption procedure. There was an unexpected failure, and I believe it might be because of outdated McAfee software. In an effort to resolve the issue, I have restarted the document scanner and reviewed the Oracle Database logs, but the problem still exists. I would be grateful if you could offer your assistance in resolving this. Please inform me if there are additional actions I can undertake or if you need further details from me. I am worried about the security of our medical information and wish to have this issue addressed swiftly. Thank you for your attention and support. I am eagerly awaiting your response.","Dear <name>, thank you for bringing the medical data encryption issue to our attention. I will look into this as soon as possible. Could you provide the version of your McAfee software and the specific error message you are encountering? I will contact you at <tel_num> to discuss additional steps to take."
"Customer Support, aiming to enhance digital strategies for improving brand growth among our clients. Could you please furnish detailed information on the methods and techniques that could be utilized to achieve this goal? I am particularly keen on learning about strategies that can lead to increased brand awareness, enhanced customer engagement, and ultimately, revenue growth. I would greatly appreciate if you could share some case studies or success stories that demonstrate the effectiveness of these digital strategies. Thank you for your assistance. I look forward to your support.","Dear [Name], thank you for your inquiry. To provide detailed information on digital strategies for brand growth, including case studies, please allow us to call you at [Tel Num] to discuss the details and answer any questions you may have regarding our services."
"Our agency is facing a decline in engagement for digital campaigns. An investigation has revealed a potential misalignment between the target audience and the messaging. We have made efforts to revise the content and adjust the targeting to improve results, but we need assistance in identifying the root cause and implementing effective solutions to boost engagement.",Need information and details
"An unauthorized access attempt was detected in the hospital's system as a result of a phishing incident. Security protocols have been activated, and user access logs are currently being audited.","<name>, please take the security of the hospital's system seriously and appreciate the prompt notification. Our team will review the user access logs and the audit results to determine the extent of the incident. We will investigate to prevent future occurrences. Could you please provide details on the phishing incident and the timestamp of the affected user account? If necessary, contact <tel_num> for further discussion."
There has been an encryption failure due to software problems,"We are aware of the encryption failure resulting from software issues and our technical team is currently working on fixing it. We will keep you informed as soon as the issue is resolved. Meanwhile, kindly avoid sending sensitive information. We apologize for any inconvenience and appreciate your patience as we work to resolve this issue as swiftly as possible."
A healthcare provider is facing challenges in securing medical data due to outdated security protocols. Assistance is needed in updating the security software.,"We will assist in updating the security software to better protect medical data. To provide a tailored solution, could you please provide information on the existing security protocols and software? We can schedule a call to discuss the next steps for implementation."
Could you provide guidance on practices for securing medical data in hospital systems? Thank you.,"I can provide practices for securing medical data in hospital systems, including encryption and access controls. I would like to send a detailed guide at a convenient time. Please let me know a suitable time to discuss this further."
"A marketing agency is facing challenges in accessing campaign data on Microsoft Azure. The issue might have arisen due to unexpected network instability. Attempts to resolve the issue by resetting the network connection and trying to access Azure from different devices were unsuccessful. The team is currently unable to view or manage campaign data, which is impacting their operations. We would appreciate your prompt assistance in resolving this matter. Please let us know if you can provide a solution by calling <tel_num> to troubleshoot and resolve the issue.",We are reviewing the issue with accessing Azure campaign data. The problem continues to persist. Please call <tel_num> at your convenience to troubleshoot and provide a solution.
Brand engagement is currently low.,Please review your account and contact us at your earliest convenience to discuss potential solutions and improve brand engagement.
Could you please assist in securing medical data within the Smart-Licht SAP ERP systems?,"Dear customer, thank you for reaching out to our service desk. To secure medical data within the Smart-Licht SAP ERP systems, we recommend implementing data encryption and access controls. Ensure that users have unique login credentials and that access is limited to authorized personnel. We can provide additional guidance on configuring data protection policies. Let's discuss further at your convenience by calling us at <tel_num>. We look forward to speaking with you."
"I am in need of assistance following a reported data breach that has affected patient records. The breach was caused by weak encryption and outdated software. Despite applying updates and conducting security reviews, the issue remains unresolved. I am seeking further advice on how to proceed. Could you provide me with guidance to ensure the security and integrity of our patient records?","In response to your email about the data breach that affected patient records, I appreciate the measures you've taken so far. To better assist you, could we schedule a call to discuss the breach details and the actions you've already undertaken? Please provide a convenient time to call at <tel_num>. Additionally, please have your <acc_num> ready for verification. We will act swiftly to secure the patient records."
Could you provide information on integrating DataRobot with HubSpot CRM for project management? Thank you.,"I will provide the necessary information on integrating DataRobot with HubSpot CRM for project management via a scheduled email or call, whichever is more convenient."
"To Whom It May Concern, I am contacting you to seek advice on the security best practices for MacBook Pro in hospital environments. Given the critical nature of data protection and confidentiality in such settings, I would greatly appreciate detailed information on securing a MacBook Pro in this context. This can include recommendations for software and hardware, as well as any necessary configurations. Your insights are highly valued. Thank you for your assistance. Sincerely, [Your Name]","Dear [Your Name], Thank you for contacting our customer support team about the security best practices for MacBook Pro in hospital settings. Recognizing the critical importance of data protection and confidentiality, we recommend implementing full disk encryption through FileVault, enabling the firewall, and maintaining your operating system and software up to date. We also advise using antivirus software and securing your network with a virtual private network (VPN). For physical security, we suggest using a Kensington lock. To further enhance security, configure your MacBook Pro to automatically lock after a period of inactivity and require a password to unlock. If you need more detailed guidance or wish to discuss this further, please provide a convenient time for us to call at [tel_num]. We are here to assist you fully. Best regards, [Support Team Name]"
"I am contacting you to seek information on data analytics tools that can be integrated with QuickBooks Online for the purpose of optimizing my investment strategy. Currently, I utilize QuickBooks for my business accounting, and I am eager to elevate my investment planning. Could you please supply me with a list of compatible tools, along with a concise description of each, and offer guidance on how to integrate them for investment optimization? Furthermore, could you clarify any specific system prerequisites or constraints I should consider? I am excited about the potential of investment optimization through QuickBooks Online and appreciate your support. Thank you for your assistance.","I would be glad to assist you with identifying data analytics tools that integrate with QuickBooks Online for investment optimization. There are several compatible tools available to enhance your investment strategy. However, to provide you with more detailed information, I need to know more about your current setup and requirements. Would you be available for a call at your convenience to discuss this further and explore the possibilities of investment optimization with QuickBooks Online while determining the best tools for your business needs?"
"Experienced delays in data processing for investment analysis due to increased data volume. Systems were restarted and diagnostics were run, which resolved the issue. Need assistance to resolve the problem.",<name> writing to acknowledge the data support request regarding the delayed data processing issue for investment analysis due to increased data volume. Understand that restarting the systems and running diagnostics resolved the issue. Assistance is needed to gather more information about the problem. Could please provide details on any error messages received and the exact steps taken so far. A scheduled call at a convenient time would be helpful to discuss and work towards a resolution.
"Hello, we are reaching out for detailed guidance on integrating Ulysses with MySQL for our project management SaaS. Currently, we use Ulysses for writing and editing, and we need to integrate it with a MySQL database to streamline our workflow. Could you please provide us with step-by-step instructions and necessary code snippets to achieve this integration? We would greatly appreciate your guidance and assistance.","Thank you for your request to integrate Ulysses with MySQL. To assist you better, we need some details about your current setup and specific requirements. Could you please provide us with the details of your project management SaaS and the desired workflow? Based on this information, we will provide you with step-by-step instructions and necessary code snippets. If you are available, we could schedule a call at <tel_num> to discuss further. Please let us know a suitable time for the call regarding <acc_num>."
"Respected Customer Support, I am encountering integration difficulties where QuickBooks data has not synced, which might be due to a potential API key mismatch. Despite restarting services and examining logs, the problem continues. I would be grateful for your help in addressing this issue.","Dear [Customer's Name], we appreciate your contact regarding the integration issue with QuickBooks. We regret to learn that the data has not synced and you have not been able to resolve the issue after restarting services and reviewing logs. To provide better assistance, could you please share the details of the suspected API key mismatch error? Kindly provide the specific error message and any pertinent log files. Alternatively, if it suits you, we can arrange a call at [Phone Number] to discuss this further and collaboratively find a solution. Please let me know a convenient time for the call or if you prefer to continue troubleshooting via email."
"We are experiencing an unexpected failure of our health data backup system. Despite attempts to restart the server and inspect the SSD and Subversion setups, the problem continues. There is a likelihood that the motherboard or NAS system is at fault. We urgently require support to fix this to guarantee the safety of our data.","I acknowledge your message concerning the health data backup malfunction. I appreciate your emphasis on the critical need for this issue to be resolved swiftly to assure data safety. To better assist, could you provide more information on the error messages you are encountering and the specific configurations of your server and NAS system? If it would be beneficial, I can arrange a call with one of our technical specialists to diagnose the issue. When would be a convenient time for you for such a call?"
"The digital marketing campaign has not performed well, leading to decreased brand visibility and engagement. This could be due to low-quality content or ineffective targeting strategies. After reviewing the metrics and making adjustments to the ads and audience segmentation, there has been no significant improvement. We need help in identifying the root cause and developing a corrective plan.","Hello [Name], I'm sorry to hear that the digital marketing campaign is underperforming. To better understand the issue, could you please provide more details on the campaign metrics and the adjustments that have been made so far? I would like to schedule a call at [tel_num] to discuss identifying the root cause. I'm available at your convenience and can help develop a corrective plan to improve brand visibility and engagement. Please let me know a suitable time for the call."
"Medical data has unexpectedly been leaked online. The potential cause is outdated HubSpot CRM software. Despite attempting to restart and update Terraform configurations, the problem continues to persist.",Please contact our support team immediately.
"Hello Customer Support, I would like to ask about the optimization methods available in Smart-Tracker for investment analysis. Could you provide me with details on the various approaches and techniques that can be used to optimize investment portfolios? It would be helpful if you could explain how these optimization strategies can aid in making more informed investment choices. Additionally, I am interested in knowing if there are specific tools or features within Smart-Tracker that can support investment analysis and optimization. I appreciate your assistance and look forward to your response. Best, [Your Name]","Dear [Your Name], thank you for your interest in optimization strategies for investment analysis using Smart-Tracker. We provide a range of optimization techniques, including portfolio rebalancing and asset allocation, which can minimize risk and enhance returns. Smart-Tracker includes features such as portfolio analytics and risk assessment to assist in investment analysis and optimization. We can discuss this further; would you be available for a call at a time that suits you to explore these strategies? Thank you."
"Customer Support, please inform us about the security measures your company implements to secure medical data services for healthcare providers. Could you provide details on the protocols and technologies used to ensure the confidentiality, integrity, and availability of sensitive medical information? I would greatly appreciate information on the security certifications and compliance standards your company adheres to. Additionally, could you tell us about the training and support you offer to healthcare providers to help them maintain the security of medical data?","<name>, we take the security of medical data very seriously and have implemented robust protocols and technologies to ensure confidentiality, integrity, and availability. Our company adheres to major security certifications and compliance standards. We provide training and support to healthcare providers to help them maintain the security of medical data. For detailed information, we would be happy to schedule a call at a convenient time. Please let us know a suitable time to reach you at <tel_num>. We look forward to discussing and providing the necessary information."
We are facing integration problems with ClickUp SAP ERP Central Component 6.0 following the latest updates.,Please investigate the integration issue with ClickUp SAP ERP Central Component 6.0 and provide contact details for further assistance.
Encountering delayed load times when accessing project dashboards amid heightened user traffic. Already attempted clearing the cache and refreshing the browser.,"Acknowledged reports of delayed load times on project dashboards correlated with increased user traffic. Despite efforts to clear cache and refresh the browser, further investigation is necessary. Kindly furnish details on the specific load times and the number of users accessing the dashboards. Contact us at <tel_num> to discuss potential solutions."
Is it possible to provide details on the pricing options for Kubernetes integration?,Send pricing details for Kubernetes integration options.
"While integrating a data analytics platform with Microsoft Teams, we encountered audio lag during voice communications, which we believe is due to bandwidth limitations, possibly exacerbated by the use of a KVM switch with multiple peripherals. We have already tried resetting the network connection and updating device drivers, but the issue remains. We need assistance in resolving this problem.","To help resolve the audio issue, could you provide details about your network setup and the model of your KVM switch? Additionally, let's schedule a call to troubleshoot the problem."
"Noticing unauthorized access attempts on the medical data system. This might be due to inadequate security measures. Passwords have been updated and user access logs checked, but no resolution has been found. Urgent assistance is needed to address this issue promptly.","Acknowledging the security issue with the medical data and understanding its seriousness. To better assist you, could you please provide details on the unauthorized access attempts, the frequency of these attempts, and any error messages received? We would like to schedule a call at your earliest convenience to discuss and determine the next steps for resolving the issue. Please let us know a suitable time to contact you at <tel_num> or suggest alternative contact arrangements."
"I am contacting you to seek information on the necessary system configurations for the smooth operation of your project management software. Could you kindly furnish me with the minimum and preferred system specifications, including processor speed, RAM, and the operating system required? This information will assist me in verifying the compatibility of our team's devices with the software.","Certainly, I will provide you with the required system specifications for our project management SaaS. You can find these details on our website, or I can reach out to you at your convenience for a more detailed discussion."
"The campaign analytics dashboard is not showing data, which may be due to an API connection problem or outdated software. I have already tried restarting the system and verifying the API credentials.",Thank you for reaching out about the campaign analytics dashboard. I will look into the API connection and software version. Could you please provide your account number and a convenient time for a follow-up call to address this issue?
"Customer Support, requesting an update on our digital strategy to enhance growth and improve client engagement metrics. Our current strategy seems dated, and we believe it's essential to reassess and revamp our approach to stay competitive in the market. We are interested in exploring new innovative ways to engage with clients and improve our overall brand presence. This could include updates to our website, social media, and content marketing efforts.","Dear [Name], thank you for reaching out to the customer support team regarding the request to update our digital strategy for growth. We appreciate your enthusiasm to enhance brand growth and improve client engagement metrics. To better understand your requirements, could you please provide more information on the specific areas of your current digital strategy that you would like to focus on? We would be happy to schedule a call at a convenient time to discuss your needs and explore new innovative ways to engage."
"I wanted to bring to your attention a sudden decrease in social media engagement. This might be related to the recent algorithm modifications. Despite tweaking our strategies for targeting and content, the impact hasn't been consistent. Your team's insights would be greatly appreciated. Please advise on any additional measures I should consider or further information you might need. Thank you.","Thank you for notifying us about this and for your proactive efforts. The recent algorithm alterations can affect engagement levels and it's normal to experience some variability. I propose we schedule a discussion with our team to delve into this issue. To better prepare, could you provide details on the changes you've implemented to your targeting and content approach, along with the specific metrics that indicate the decline? This information will assist us in offering more tailored guidance and support to enhance your social media engagement. I'll be sending an invitation for the meeting shortly."
"noted unauthorized access attempts on medical data, leading to potential compromise of patient information security. Software has been updated and user permissions reviewed, but issues still persist.","regarding the security breach involving medical data and unauthorized access attempts that may have compromised patient information security, we can assist you. Please provide additional details on the issues that are still persisting despite the software update and permission review. If you could, please provide more information or call us at <tel_num> for further discussion."
Enhancing investment approaches using data analytics,"Dear [Name], thank you for your interest in leveraging data analytics for your investment strategies. We would be glad to delve deeper into your current investment goals and any challenges you are facing. Please let us know a convenient time to schedule a call to explore potential solutions and support your needs. Kindly inform us of a suitable time to contact you at [Tel_num]."
"Hello Customer Support, I am contacting you to report a problem with our most recent online marketing initiatives. These efforts have been unsuccessful due to damaged campaign materials. The issue arose without warning, and we suspect it might be related to recent software enhancements. After rebooting our equipment and reviewing our software, the problem continues. We would be very grateful if you could examine this situation and offer a resolution at your earliest convenience. The success of our business depends on the successful execution of these campaigns, and any delays could lead to substantial financial harm. Please inform us if you require further details from us to address this problem. We are ready and willing to supply any needed information or support. We appreciate your quick action on this. We hope to hear from you soon. Sincerely, [Your Name]","Hello [Your Name], thank you for your update on the digital campaign difficulties. To help us resolve this, could you please share the <acc_num> and specifics about the corrupted campaign files? I will look into this matter and get back to you with a solution as soon as possible. If necessary, I will reach out to you at <tel_num> to discuss further."
An unforeseen security incident has led to the exposure of patient information.,We are swiftly implementing measures to contain the breach and safeguard the medical data. An investigation has been initiated.
"Hello customer support, I need to understand the secure storage options and transmission protocols available for medical data. Could you please give me information on what methods are used to ensure the safety and integrity of private medical data? I'm also interested in learning about the different types of encryption and security protocols that can be applied. I would greatly appreciate your help with this and expect a reply at your earliest convenience.",We provide a range of secure storage solutions and encryption techniques to safeguard sensitive medical data. We can offer more detailed information as requested.
"Have encountered unexpected delays in investment recommendations during peak hours. This may be linked to data processing delays or software compatibility issues. While optimizing database queries and reducing server load provided temporary relief, the issue still persists.","Investigating the issue of ongoing investment recommendation processing delays. To help troubleshoot, could you please provide details on any error messages or symptoms you are seeing? A call can be scheduled at <tel_num> to discuss potential solutions and next steps in resolving this issue."
I have encountered a data breach and require support.,We can assist with your data breach issue. Please provide details of the incident so we can proceed with securing your account <acc_num>. A call at <tel_num> might be necessary for further discussion. Kindly inform us of a convenient time for the call.
Requesting detailed information on digital strategies for integrating QuickBooks Online with ClickUp.,"We can integrate QuickBooks Online APIs with ClickUp to enable seamless data transfer and synchronization. Please provide more details so we can explain the process. For your convenience, we can arrange a call to discuss this further."
I am keen to explore the digital strategies you offer for enhancing brand growth. Could you elaborate on the services you provide? It would be greatly helpful if you could guide me on ways to boost my brand's online visibility.,I would be delighted to share more about our digital strategies for growth. Please let's arrange a call at your convenience so I can discuss our services and how we can enhance your brand's online presence.
There is a potential data breach that may have compromised sensitive medical information systems.,We apologize for the incident and our team is investigating the matter. Please provide details about the breach and contact us at <tel_num> to discuss steps to secure your <acc_num> sensitive information.
"inquiring about services to secure medical data in hospital systems. Please provide details on the types of security measures offered, such as encryption and access control. It would be greatly appreciated if you could share relevant case studies and testimonials from previous clients in the healthcare industry.","providing information on medical data security services, including encryption and access control, and sharing relevant case studies and testimonials from previous healthcare clients."
"A recent security breach has been detected in our medical data systems. It seems outdated security protocols might be the cause. We have updated the antivirus software and conducted a preliminary scan, but the issue persists.","We are aware of the recent breach in the medical data systems and appreciate the steps taken to update the antivirus software and conduct a preliminary scan. We would like to investigate the issue further and schedule a call to discuss potential next steps regarding the outdated security protocols. Please let us know your availability for a call at your earliest convenience, and we can discuss further using the contact number <tel_num>."
Which data analytics tools can be used in conjunction with MATLAB?,"We provide several data analytics tools that can be integrated with MATLAB, such as the Statistics and Machine Learning Toolbox, for conducting data analysis and modeling. If you require further details, please inform us."
The forecasts for investments did not align with anticipated results due to irregular data. Efforts to restart the system and verify the data sources were made.,"Dear <name>, thank you for informing us about the discrepancy between the investment forecasts and actual results. We are sorry to hear that restarting the system and verifying the data sources did not resolve the issue. To gain a clearer understanding of the problem, could you please provide more details about the inconsistent data, including the specific data sources and the nature of the inconsistencies? Additionally, it would be beneficial to know the precise steps you followed to restart the system and verify the data sources. If required, I can arrange a call to discuss this further with you at a convenient time. Kindly let me know a suitable time to contact you at <tel_num>. I will make every effort to assist you in addressing this issue with your investment forecasts. Please feel free to share any additional information that could aid in the investigation."
"Inquiring about the support services for analytics tools that can optimize investment strategies. Could you provide details on the types of tools offered and their benefits, as well as any tutorials or support resources available to help users get started? Additionally, could you provide information on pricing and subscription options? Thank you for your time and assistance. Looking forward to your response.","Dear [Name], we are pleased to assist you regarding the analytics tools for investment strategies. We offer a range of tools designed to help optimize your investment decisions, including portfolio analysis and market trend forecasting. These tools provide features such as data visualization, risk assessment, and performance tracking. We also offer tutorials and support resources to help users get started. We would be happy to discuss the pricing and subscription options with you. Thank you."
"Hello customer support team, I am reaching out to explore the use of machine learning algorithms in enhancing our investment portfolios by leveraging real-time market data and advanced analytics tools. Could you provide more details on this approach and its potential benefits for investment decision-making? I am keen to understand how machine learning can be applied to optimize our investments and assist us in making more informed choices. Thank you for your assistance and look forward to your response.",We will reach out to discuss machine learning opportunities
"Dear [Your Name], We acknowledge your communication regarding an incident where an employee accessed restricted medical records, which is in violation of established protocols. We recognize the gravity of the situation and the urgent need for your support. To facilitate a comprehensive investigation and proffer solutions, we would appreciate additional information about the access logs and the steps already taken. Additionally, we propose to schedule a call at your earliest convenience to explore further actions to prevent similar occurrences. Kindly provide a convenient time for this discussion at the contact number provided, [tel_num]. Best regards.","Dear [Your Name], We have received your detailed communication regarding the unauthorized access to restricted medical records. We are deeply concerned about this issue and are ready to assist you in resolving it. For a thorough investigation and to guide you through the necessary steps, please provide us with more details about the access logs and any actions that have been initiated so far. We are planning to arrange a call at your earliest convenience to discuss the next steps and to take the appropriate measures to prevent such incidents in the future. Please inform us of a suitable time for this call at the contact number mentioned, [tel_num]."
"Customer Support, we are encountering issues with the software and hardware integration for our promotional campaigns, which are hindering our brand growth efforts. Despite checking for updates and ensuring proper configuration, the issues persist. I believe there might be compatibility problems or insufficient technical support causing these issues. I would appreciate it if you could look into this matter and provide a solution. Please let me know if there is any additional information needed to resolve the issue. Thank you for your time and assistance. Looking forward to your response.","<name>, thank you for reporting the integration issues with the software and hardware for your promotional campaigns. We would like to investigate this further. Could you please provide more details on the errors you are experiencing and the configuration settings? Please provide <acc_num> so we can look into this matter. We will contact you at <tel_num> to discuss the next steps."
"Hello Customer Support, I am writing to request information on the security measures that should be taken to protect medical data on our hospital's IT systems and devices. Given that medical data is very sensitive, it is crucial to have robust protection against unauthorized access and data breaches. Could you please advise on the steps we should take to guarantee the confidentiality, integrity, and availability of this data? I am particularly interested in learning about encryption techniques, access restrictions, and network security measures that can be put in place to safeguard the data. I would greatly appreciate any advice or suggestions you can offer. Thank you for your attention and assistance. I am eager to hear from you soon.","Hello <name>, I understand your concerns regarding the security of medical data on your hospital's IT systems and devices. To ensure confidentiality, integrity, and availability, we suggest implementing strong encryption methods, stringent access controls, and network security protocols. I am willing to go into more detail about these measures. If it's convenient for you, could we arrange a call to discuss further at your preferred time, reachable at <tel_num> for your <acc_num>?"
I hope this message finds you well. I am interested in learning more about analytics tools that can be used to optimize my investment portfolio for the highest possible returns. Could you please share some information on this matter? It would be greatly appreciated if you could offer any recommendations or advice. Thank you for your time and support.,"Dear [Name], thank you for your inquiry regarding analytics tools for optimizing your investment portfolio. We provide a range of tools to assist in achieving maximum returns. Our top choices include portfolio tracking software and investment analysis platforms. We can tailor a suggestion to meet your specific requirements. To better assist you, could you provide details about your current investment portfolio and your objectives? I am available to discuss this further at your convenience over the phone."
"I am reaching out to the customer support team to inquire about optimizing investment strategies using Alteryx data analytics solutions. I would appreciate it if you could provide detailed information on how Alteryx can help make informed investment decisions. Specifically, I am interested in learning about the types of data that are analyzed, the types of insights gained, and the potential return on investment. I would also appreciate any resources or information you can provide on this topic.",Thank you for reaching out to our customer support team regarding optimizing investment strategies using Alteryx data analytics solutions. Alteryx can indeed help in making informed investment decisions by analyzing market trends and predicting future outcomes. Various types of data are analyzed to provide insights into market patterns and potential risks. We would be happy to discuss and provide more information on the capabilities of Alteryx. We are available for a call at your convenience to discuss your specific needs.
"Dear Customer Support, I hope this message finds you well. I am reaching out to inform you about an issue I am experiencing with my smart devices. Despite efforts to troubleshoot, it seems the problem might stem from software compatibility. I have already restarted the devices and checked for software updates, but the issue remains unresolved. I would be very grateful if you could offer a solution or direct me through the necessary steps to fix this. Please inform me if you require any further information from me. I am willing to provide additional details whenever needed. Thank you for your attention and support. I eagerly await your response. Best regards, [Your Name]","Dear [Your Name], Thank you for your email regarding the issue with your smart devices. We have received your message and appreciate the detailed explanation of the troubleshooting steps you have already taken. To better assist you, could you please share the specific model numbers of your devices along with the operating systems they are using? Additionally, it would be helpful to know the exact nature of the malfunction. If you are available, we can schedule a call to discuss the issue in more detail. Please provide me with a convenient time slot at <tel_num> or let me know if you prefer to continue our communication via email. I will do my best to resolve this issue or guide you through the next steps. Thank you for your patience and cooperation. I look forward to your response. Best regards, [Support Team Name]"
"Dear Customer Support, I am reporting a problem with the investment predictions. The predictions have been inaccurate, and I believe it might be because of outdated models or data. Despite restarting the servers and verifying the data feeds, the issue still exists. Could you please examine this and provide a timely solution? The inaccuracy is affecting my ability to make solid investment decisions. I have confirmed that the data feeds are up-to-date, but I am uncertain if the models are using the most recent data. I would appreciate an update on the status of this issue and an estimate of when it will be resolved. Kindly let me know if you need more details from me to address this. I am looking forward to your response and hope we can get the investment predictions working correctly again with your help.","Dear <name>, Thank you for pointing out the inaccurate investment predictions. I will look into this and ensure our models are using the most current data. Please confirm the specific dates and details of the inaccurate predictions. I may need to contact you for more information; you can be available for a call at your convenience, or I can reach you at <tel_num> if that is more suitable. I will provide an update on the status and estimated resolution time as soon as possible."
"Customer Support, seeking assistance with securing medical data in healthcare settings using Symantec Endpoint Protection. Could provide information on best practices and configurations to ensure the confidentiality, integrity, and availability of sensitive medical information? greatly appreciate guidance on implementing encryption, access controls, and intrusion detection. Additionally, which specific features or modules within Symantec Endpoint Protection are particularly beneficial for healthcare organizations? Looking forward to your timely assistance. thank you","Thank you for reaching out to our support team. To secure medical data using Symantec Endpoint Protection, we recommend implementing encryption, access controls, and intrusion detection. The solution provides features such as device control and application control, which are particularly useful for healthcare organizations. For detailed information and configuration guidance, we would like to schedule a call at a convenient time for you. Please let us know a suitable time for the call at <tel_num>. We are happy to provide specific practices and guidance."
"I am reporting an issue with the unexpected failure of the medical data encryption process. I suspect this may be due to incorrect MySQL configuration settings. After restarting my workstation and reviewing the JIRA logs, the problem still exists. Could you please look into this and provide a solution as soon as possible? Please provide me with additional information if needed to address this issue.",I will look into the issue and contact you at <tel_num> to gather any further details required to resolve the medical data encryption problem.
I am contacting you to seek an update on our data visualization dashboard. The current version does not satisfy our investment tracking and analysis requirements for our financial firm. We aim to enhance the dashboard's features to better suit our needs. Could you please inform me about the possible solutions and outline the steps to incorporate these changes? Your guidance on this matter would be greatly appreciated.,I am glad to assist with updating the dashboard. Please let's schedule a call to discuss the available options and proceed with the next steps. I will provide you with guidance on how to enhance the dashboard's capabilities to better align with your investment tracking and analysis needs.
"The SaaS application is facing occasional connection problems. This could be due to network instability or software compatibility issues. Steps taken include restarting the router and clearing cache, but the problem still exists. Assistance is needed to resolve this issue.",Please contact +1-800-123-4567 to gather more information and assist in resolving the intermittent connection issue with the SaaS application.
Can you offer advice on enhancing investment portfolio performance?,"Sure, I can offer advice on enhancing investment portfolio performance. Please contact me at <tel_num> or share more details about your current portfolio and objectives, so I can better help with your analytics needs."
"Hello Customer Support, I would like to know about the payment methods available for Magento 2.4 and Adobe Sign subscriptions. Could you please share the details on accepted payment methods such as credit cards, PayPal, and bank transfers? Also, I am interested in learning about the payment terms and subscription plans, and if there are any discounts or promotions currently available. Are there any specific requirements or restrictions for processing payments? I appreciate your prompt response and look forward to your reply. Kind regards, [Your Name]","Dear [Your Name], we appreciate your interest in the payment options for Magento 2.4 and Adobe Sign subscriptions. We currently support various payment methods including credit cards, PayPal, and bank transfers. For comprehensive details on the accepted payment methods, payment terms, and subscription plans, I can provide you more information over a call. We offer discounts for annual subscriptions and promotions are available from time to time. Please let me know a convenient time to reach you at [tel_num] or if you prefer, I can send you an email with the details. It's important to note that payment processing requirements and restrictions may vary based on your location and the subscription plan. If you have additional questions, please do not hesitate to reach out, and I will assist you regarding your inquiry. Kind regards, [Support Agent Name]"
"Multiple subscriptions are being billed incorrectly, which might be due to misconfigured payment gateway settings. I have already verified my account details and checked my payment history.",I will review your account and payment settings to address the issue with multiple subscriptions being billed incorrectly. Please allow me to investigate and I will get back to you soon with an update or request further information if needed.
In need of assistance with modifications to the digital marketing strategy,I am able to help you update your digital marketing strategy. Could you provide more information on the particular aspects you wish to modify? I am ready to discuss this in more detail with you and offer a tailored solution.
"Hello Customer Support, I am contacting you to report an issue with the project dashboard that is not loading. This might be due to integration problems. I have already attempted to restart the application, check for updates, and clear the cache, but to no avail. I would be grateful if you could look into this and offer a solution at the earliest. Please inform me if you need more information from me. The project dashboard is crucial for our workflow and its unavailability is causing serious disruptions. I request a swift resolution to this matter so we can resume our operations. Thank you for your attention to this issue. I look forward to your response. Kind regards, [Your Name]","Hello [name], thank you for notifying us about the issue with your project dashboard not loading. We regret the inconvenience this is causing. We will look into the possible integration issues that might be the cause. Could you please share your <acc_num> and any details about the error message you are receiving when the dashboard fails to load? If necessary, we can arrange a call at <tel_num> to discuss this further. We appreciate your patience and will work to resolve this issue promptly. We will be in touch soon with a solution or any additional information required."
"Dear Support Team, I am facing problems with the digital marketing software. During the campaign configuration, my Surface Pro laptop abruptly shut down. I suspect that it might be due to outdated Python libraries. Despite restarting Elasticsearch and updating Red Hat Linux, the issue still exists. Could you please offer guidance on how to fix this? It would be really helpful if you could inform me of the necessary actions to proceed. Thanks for your assistance.","Dear <name>, thank you for bringing to our attention the malfunction of your digital marketing software. To better understand the situation, could you kindly share the exact error message displayed when your Surface Pro encountered the crash? We will also reach out to you at <tel_num> to discuss further steps for addressing the outdated Python libraries and the Elasticsearch issues."
"I am contacting you to address an issue with my billing. There are some unanticipated charges on my account, and I suspect they might be due to incorrect payment configurations. After reviewing my invoices and settings, I am still uncertain about the root cause of the problem. I kindly request that you examine this issue and provide a resolution at your earliest convenience. Please inform me if you need additional information from me to resolve this matter. I look forward to your prompt response. Thank you for your time and help.","I will investigate the billing issue with your account <acc_num>. In order to assist you more effectively, I might need to reach you at <tel_num> for further discussion. Please let me know a suitable time to call."
"We value your interest in our services for securing medical data within hospital IT systems. Our team offers a variety of solutions to ensure the confidentiality and integrity of sensitive medical information. We provide security assessments, data encryption, and compliance consulting to meet regulatory requirements. Please provide details on your current infrastructure and the type of medical data you are working with, so we can discuss your specific needs. We would like to schedule a call for your convenience.","We appreciate your interest in our services for securing medical data within hospital IT systems. Our team provides a range of solutions to ensure the confidentiality and integrity of sensitive medical information. We offer security assessments, data encryption, and compliance consulting to meet regulatory requirements. Please provide details on your current infrastructure and the type of medical data you are working with, so we can discuss your specific needs. We would like to schedule a call for your convenience."
Is it possible to get information on the secure data management solutions that your product line offers for hospitals? Thank you.,"We offer secure data management solutions for hospitals, including data encryption and access control. We would be happy to provide more information and discuss our products to meet your needs. Please let us know a good time to call and discuss the details of the solutions."
We require an enhancement in customer support and an increase in brand engagement across our affected products. The goal is to outperform competitors and boost user interaction. Could you recommend effective tools for a successful digital transformation that could lead to significant brand growth upon the implementation of the new plan? Your prompt attention to this request is greatly appreciated.,"I would be happy to assist with the digital overhaul. To recommend the most effective tools for brand engagement, I will need more information about your current digital presence and goals. Please provide the necessary details and we can discuss this further at your convenience via a call."
"Dear Customer Support, <br><br>There has been a significant security breach involving unauthorized access to medical records. The breach was discovered last night, and our initial assessment points to potential issues with the firewall or outdated software. <br><br>Steps we have already taken include restarting the firewall and using Norton 360 to scan for malware. However, we need your help to thoroughly investigate and manage this situation. We need your support in pinpointing the cause and setting up preventive measures against similar breaches in the future. <br><br>Please inform us of the necessary actions and any further information you require from us. We would like to emphasize that the security of our medical records is of the highest priority. <br><br>We thank you for your swift response and cooperation in this matter. We eagerly await your feedback. <br><br>Sincerely,<br>[Your Name]","We take the medical record breach incident very seriously. To proceed with the investigation, we need additional details such as the exact date and time the breach was discovered, and any error messages you received. Please also share your current system configuration and the specific security software in place. We will reach out to you at <tel_num> to discuss further and arrange a call if needed to safeguard your medical records."
"Could you provide details on digital strategies? Answer: Providing general information on digital strategies requires more context to give a specific answer. The subject of your email mentions the Netgear Nighthawk Mesh Wi-Fi 6 System, but it seems you are interested in digital strategies rather than the product itself. Please provide more details so we can better assist you. I would be available at a convenient time to discuss this further.","General information on digital strategies needs more context for a specific response. The email subject refers to the Netgear Nighthawk Mesh Wi-Fi 6 System, but it appears you're seeking digital strategies rather than product details. Please share more information to help us assist you effectively. I am available at a convenient time to discuss this further."
I would like to understand the digital strategies that contribute to brand expansion for smart home products. Could you offer some guidance or suggestions?,I can share details on digital strategies for the growth of smart home products. Please let's arrange a call to go over the specifics.
We are currently experiencing discrepancies in reports and analytics tools due to an integration problem.,"Dear [Name],

I am responding to your email regarding the error in data synchronization across platforms with your [Account Number] account. It appears that there is a discrepancy in reports and analytics tools, which is likely due to an integration issue. I am here to assist in resolving this matter promptly. Could you please provide more details about the error message you are encountering and the steps you have already taken? These details will be helpful in identifying the issue and offering an effective solution. If necessary, I will arrange a call at your convenience at [Phone Number] to further discuss and address the issue. Kindly inform me of a suitable time for the call.

I look forward to your prompt response.

Best regards,
[Your Name]"
"Hello Customer Support, I hope this message finds you well. I am writing to request more detailed information about data analysis tools that can optimize investment tactics with comprehensive data insights. I am eager to learn about the diverse tools available and understand how they can support me in making educated investment decisions. I would greatly appreciate any insights you can offer on the most advantageous analytics tools for enhancing investment strategy optimization. Specifically, I am keen to know about features such as data visualization, predictive analytics, and immediate reporting updates. Additionally, I would be interested in reviewing any case studies or success stories that showcase the effectiveness of these tools. Furthermore, I am open to any practical guidance you might have on integrating these tools into my investment strategy. Thank you for your assistance. I look forward to your prompt response and hope to hear from you soon.","Hello <name>, thank you for contacting our customer support department regarding your query on data analysis tools for enhancing investment tactics. We value your interest in discovering the tools that can provide profound data insights to aid in making informed investment decisions. Our team is eager to share information on the most effective analytics tools that include features such as data visualization, predictive analytics, and real-time reporting.<br><br>Our suite of tools can meet your investment strategy optimization needs, and we can present case studies and success stories that illustrate their effectiveness. To better tailor our recommendations, could you please provide us with details about your current investment strategy and your objectives with the analytics tools? This information will help us provide more personalized advice and guidance on integrating the tools.<br><br>We are also offering the option to discuss this in more detail over a phone call. Please let us know a convenient time for you, and we will arrange a call at <tel_num>. Alternatively, we are happy to continue our conversation through email if you prefer. We are looking forward to your response and are eager to assist you with your investment strategy optimization goals."
"The data analytics software halted unexpectedly. The root of the problem might be an incompatibility with recent hardware or software updates. Steps to resolve the issue, including restarting the system, updating drivers, and verifying network connection, have been attempted but the problem remains unresolved and further intervention is needed.","I have noted your accident report concerning the unexpected halt of the data analytics software. To better help you, can you share more about the error message and any software/hardware updates that were recently applied? I will arrange a call to delve into the issue and explore possible solutions at a time that suits you. Kindly provide a convenient time to contact you at <tel_num>."
"A marketing agency has encountered disruptions in software access following a recent system update. Despite restarting the affected software and resetting network connections, the issues continue.",We are looking into the disruptions experienced with software access by the marketing agency after the recent system update. Please provide details on any error messages received and specify which software is affected. We are willing to schedule a call at your convenience to discuss the resolution needed; you can reach us at <tel_num>.
"Dear Customer Support, I am contacting you to address an issue with the project timelines not syncing between different devices. It appears there might be an issue with the integration between the Monitor and Git 2.32. I have attempted to resolve it by restarting the Monitor and reviewing the Oracle Database connections, but the problem continues. Could you please investigate this and offer a solution? If you require more details, I am ready to provide them. I look forward to your prompt response. The issue is affecting our project timeline and we need a solution as soon as possible. After checking the system logs, there are no error messages linked to this issue. I hope you can help me resolve it and get our project back on track.","Dear [Name], In response to your email about the project timelines not syncing across devices, thank you for the detailed explanation and the troubleshooting steps you've already implemented. I am planning to delve deeper into this and will act quickly to resolve it. Could you please confirm the Monitor and Oracle Database versions you are currently using? Also, have you made any recent updates or adjustments to the Git integration? It would be helpful if we could schedule a call at [Phone Number] to discuss this further and gather any additional information needed to resolve the issue. Please advise on a suitable time for the call. I will make every effort to assist you in resolving this promptly, concerning your [Account Number]."
Experienced a significant data integration challenge that is affecting the investment analytics operations.,"In response to the data integration issue that is disrupting investment analytics processes, could you please furnish us with more details, including any specific error messages or data discrepancies? This information will assist us in better understanding the problem so we can provide an appropriate solution. For your convenience, we can also discuss this further over the phone."
Could you provide the system specifications needed for optimal performance?,"For optimal performance, please check our website for detailed system specifications. If you need further assistance or have any questions, I can call you at your convenience to discuss further. Would you like that?"
"Dear Customer Support,

I am writing to report a critical issue that has arisen with our system. We have discovered unauthorized access to patient records, which is a serious breach of security and confidentiality. Our initial investigation suggests that the potential cause of this issue is outdated security software, which may have left our system vulnerable to attacks.

We have taken immediate action to mitigate the situation by restarting our servers and conducting virus scans to ensure that no malware is present. However, we require your urgent assistance to investigate this matter further and implement measures to prevent similar incidents in the future.

Could you please provide us with guidance on the steps we need to take to update our security software and ensure that our system is secure? Additionally, we would appreciate any recommendations you might have for enhancing our security protocols to protect sensitive patient information.

Thank you for your prompt attention to this matter.
Sincerely,
[Your Name]","Dear [Your Name],

I am writing to acknowledge the critical issue you reported regarding the unauthorized access to patient records. I understand the severity of this security breach and the need for urgent assistance. To address this matter, I recommend that you update your security software to the latest version and ensure that all patches are installed. I would like to schedule a call with you to discuss this further and provide guidance on enhancing your security protocols. Would you be available for a call at your convenience? Please let me know a suitable time, and I will ensure that one of our security specialists contacts you.

In the meantime, please continue to monitor your system for any suspicious activity and take necessary measures to protect sensitive patient information. I appreciate your prompt attention to this matter and look forward to speaking with you soon.

Best regards,
[Support Representative Name]"
I would like to know about the security measures in place to protect patient data within the hospital's IT systems. Could you outline the recommended practices to maintain the confidentiality and integrity of patient information?,"We utilize strong security protocols to safeguard patient data, which include encryption, access controls, and periodic audits, to ensure the confidentiality and integrity of patient information. We are eager to discuss these measures in more detail with you."
Would you be able to offer insights on digital strategies that could enhance brand growth? Thank you!,I would be happy to discuss digital strategies for brand growth. Please allow me to schedule a call at your convenience to provide detailed information and insights.
"Seeking information on API integration options to enhance project management workflows. Would appreciate detailed information, including relevant documentation and developer resources. Please provide specific requirements and any restrictions for integrating the API with existing project management tools. This will help us better understand the integration process and move forward.",Offering information on API integration options for project management workflows. Various integration options with relevant documentation and developer resources will be provided. Please send details on integration requirements and we will be happy to call for further discussion.
I am seeking guidance on data analytics tools that can enhance investment strategies for financial institutions. Could you share some recommendations or detailed insights on the most effective tools utilized in the industry? It would be beneficial to know how these tools can be leveraged to make better investment choices and boost financial performance. Your time and assistance are greatly appreciated. I look forward to your response.,I will provide you with information on data analytics tools that are suitable for financial firms. We can email you a list of recommended tools or call you at your convenience for a detailed discussion. Please let me know your preference.
"Hello Customer Support, I am encountering difficulties with Excel 2021 frequently crashing while performing data analysis. This issue could be related to incompatible add-ins or outdated drivers. Despite attempting to restart my device, updating Excel, and verifying the dependencies, the problem remains unresolved. I would be grateful for any support you can offer to resolve this. Please inform me if there are any additional actions I can undertake or if you need further details from me. Thank you for your assistance.","Hello <name>, we regret to hear about the crashes of Excel 2021 during data analysis. To better assist you, could you provide information on the specific add-ins and drivers you are currently using? Additionally, we need your <acc_num> and <tel_num> to investigate further. Would it be convenient for you to have a call to go over some troubleshooting steps?"
"Hello Customer Support, I am writing to seek information on digital strategies that can significantly boost brand awareness and sales for technology products. In today's swiftly evolving digital environment, maintaining a robust online presence is essential for tech companies aiming to be competitive. Could you elaborate on the effective digital strategies that can be employed to enhance brand visibility and sales performance for tech products? Specifically, I am keen to understand more about social media marketing, search engine optimization, and influencer collaborations. I believe these strategies can play a pivotal role in the success of a tech product. Furthermore, I am interested in learning how tech companies can develop compelling and relevant content that resonates with their target audience through content marketing. What are some best practices for assessing the impact of digital marketing campaigns for technology products? I eagerly await your insights and recommendations on this matter. Thank you for your time and support.",We are pleased to offer our advice on digital strategies for your tech product. Please let us arrange a convenient time to discuss this further with you.
"A financial institution encountered connectivity problems during video conferencing. After resetting devices and verifying internet speed, the issues still exist.","Dear [name], we acknowledge the connectivity issues you are experiencing with video conferencing. Despite resetting devices and checking internet speed, the problems persist. To further troubleshoot, could you provide details on the error messages you are receiving and the exact nature of the connectivity problems? For your convenience, please let us know a suitable time for a call at [tel_num] to discuss this further regarding account [acc_num]. Thank you."
"The application has crashed during macOS syncing with Microsoft Office 365. I have already tried restarting and clearing the cache, but the issue still exists due to compatibility problems with the latest macOS update.","We acknowledge the issue with the application on macOS, which is due to compatibility problems with the latest update. We recommend checking for any available patches or updates for the application and Microsoft Office 365. If the issue persists, please provide the versions of the application and macOS for further assistance."
"I am informing you of a malfunction in the SaaS dashboard that is not loading properly. It is possible that conflicting integrations are the cause. I have tried restarting services, clearing the cache, and examining log files, but the problem remains unresolved. I would greatly appreciate any aid in addressing this issue. Please inform me if any more information is required from me to assist in diagnosing the problem.","Dear <name>, thank you for bringing to our attention the difficulties you have encountered with the SaaS dashboard loading. I am grateful for the troubleshooting efforts you have already undertaken. In order to provide further assistance, could you give us more information about the conflicting integrations you think might be the source of the problem? It would also be beneficial to know the specific error message you receive when the dashboard fails to load. If necessary, I can arrange a call at your convenience at <tel_num>. I will work diligently to resolve this issue as quickly as possible."
"Dear Customer Support, our marketing agency noticed an unexpected billing error on the latest invoice. This might have occurred due to a system glitch or miscommunication. After reviewing previous statements and attempting to contact support for clarification, we found that the error is causing delays in our payment process. We kindly request your assistance in resolving this matter as soon as possible. Please inform us of the next steps. We appreciate your prompt attention to this issue and look forward to your response.","Hello, regarding the billing error report for account <acc_num>, we would like to discuss the details with you. We are available to call at your convenience to clarify the error and proceed with the next steps. Please let us know a suitable time to contact at <tel_num>. Thank you."
"Dear Customer Support, I am seeking guidance on securing medical data using your services and products, particularly in the context of hospital IT. Could you provide information on practices, protocols, and measures that ensure the confidentiality, integrity, and availability of sensitive medical information? I would greatly appreciate any recommendations or resources you can share to help us enhance our data security measures. Thank you for your time and assistance. I look forward to hearing from you soon.",Guidance on securing medical data will be provided via email and a scheduled call.
"Inquiring about customer support for securing medical data within healthcare applications on Google Cloud Platform. Could you provide detailed information on the security practices and measures that are implemented to ensure the confidentiality, integrity, and availability of sensitive medical data? Your guidance and resources on this matter would be greatly appreciated. Thank you for your assistance.","Hello, thank you for reaching out to us regarding securing medical data on Google Cloud Platform. To ensure the confidentiality, integrity, and availability of sensitive medical data, we recommend implementing various security measures such as encryption, access controls, and regular audits. Utilize Google Cloud's built-in security features like Identity Access Management and Cloud Data Loss Prevention to restrict access and detect sensitive data. Additionally, consider leveraging Google Cloud's other security tools to enhance your security posture."
"All users are encountering login difficulties. This might be related to the recent update or server congestion. Despite attempts to restart the server and examine the logs, the problem still needs to be addressed.","Dear <name>, I am responding to your concern about the sudden login difficulties faced by all users. You have already tried restarting the server and reviewing the logs, but the issue remains unresolved. I propose further investigation and suggest scheduling a call to review the recent update and server load. Please provide a suitable time to discuss your <acc_num> account at <tel_num> to identify and resolve the issue promptly. Thank you."
"Ich habe Schwierigkeiten mit der Smart Türschloss Integration in die SAP ERP. Welche Optimierungstechniken werden empfohlen? Ich würde mich freuen, wenn Sie mir Rat geben könnten.","Sehr geehrte(r) <name>, es tut mir leid, dass Sie Probleme mit der Integration von Smart Türschloss und der SAP ERP haben. Um Ihnen besser zu helfen, würde ich gerne mehr Informationen über spezifische Probleme wissen, die Sie hatten. Könnten Sie bitte die genauen Fehlerbenachrichtigungen oder Probleme beschreiben, mit denen Sie sich herumschlagen müssen? Allgemeine Ratschläge zur Optimierung könnten beinhalten, dass wir den Systemkonfiguration überprüfen und sicherstellen, dass alle notwendigen Schnittstellen korrekt eingerichtet sind. Wenn nötig, kann ich auch einen Anruf vereinbaren, um dies weiter zu besprechen. Ist Ihnen <tel_num> ein passender Zeitpunkt?"
Request to update the digital strategy framework to enhance brand growth and streamline marketing efforts for increased engagement and conversion rates.,"Received your request to update the digital strategy framework to enhance brand growth and streamline marketing efforts, aiming to increase engagement and conversion rates. To better understand your requirements, I would like to discuss this further with you. Could you please provide more details on your current digital strategy and the specific areas where you would like to see improvements? This will help me provide a tailored solution to boost engagement and conversion rates for your brand. I am available for a call at your convenience to discuss this matter further."
"Hello Customer Support, I am writing to inquire about the payment methods for your software products. Could you provide me with a list of accepted payment methods and any additional details? Additionally, I would like to know if there are any current discounts or promotions available. I appreciate your assistance and look forward to your response. Thank you.","Hello <name>, we appreciate your interest in our software products. We accept major credit cards such as Visa, Mastercard, and Amex, as well as PayPal and bank transfers. For more details and to discuss potential discounts or promotions, would you be available for a call at <tel_num>? If not, please let me know a convenient time and I will contact you at a different time. Looking forward to discussing this further with you."
"Hello, I am keen to learn about digital strategies that can be integrated with Sony Vegas Pro 18 to boost brand growth. Could you furnish me with some information or advice?","Dear [name], thank you for contacting us about your interest in digital strategies that can be integrated with Sony Vegas Pro 18 for brand growth. We are delighted to assist you in exploring opportunities to enhance your online presence. Our team has expertise in crafting digital growth plans that include video editing software like Sony Vegas Pro 18 to produce engaging content. We can explore strategies such as social media integration, content marketing, and video optimization methods. To better understand your specific objectives and challenges, could you please share more details? If you prefer a phone call, we are available at your convenience; let's schedule a call at [tel_num] to discuss further."
"The billing system inaccurately charged my account, impacting digital tools. The issue might be due to an error in the billing updates. I have attempted to troubleshoot by reviewing account statements and reached out to support, which led to a resolution. I would appreciate further assistance in resolving this issue.",I would like to investigate the billing system issue further. Could you please provide your account number and a detailed description of the incorrect charge? This information will help our technical team review the updates made to the billing system and work towards resolving the issue and correcting any errors. We will need to contact you later to discuss this further.
"Requesting the implementation of enhanced security measures for the integration of medical data management within hospital systems, focusing on the affected products. It is crucial to ensure the confidentiality and integrity of sensitive patient information. I would greatly appreciate it if you could look into implementing the necessary security protocols at your earliest convenience.","Your request for enhanced security measures in medical data management systems to protect sensitive patient information has been received. We will review and implement the necessary security protocols. Please let us know a suitable time for a follow-up discussion, and we can call you at <tel_num>."
"Our data analytics tools have encountered a problem, which is hindering investment optimization. It could be due to incompatible software updates or configuration errors. After restarting the systems, applying updates, and checking licenses, the issue still exists.",I am investigating the problem with your data analytics tools. Could you please provide more information about the error message you are encountering to assist further?
Could you please detail the security measures that JIRA Software has in place to safeguard medical data? I am concerned about the security of our medical data and would like to understand the available security features. Can you inform me about the security features and how they can be utilized to protect our data?,"JIRA Software provides a comprehensive set of security features designed to protect sensitive medical data. These include user authentication, access controls, and data encryption. Additionally, JIRA Software adheres to significant security standards such as SOC 2 and ISO 27001. I am available to discuss these security features in more detail and assist you in implementing them to meet your data protection requirements for medical data."
"I am encountering sluggish performance with the project management SaaS tool, which might be due to high database load and resource contention. Despite attempting to optimize queries and restart affected services, the issue remains unresolved. I would greatly appreciate your assistance in troubleshooting and resolving this matter. The slow performance is affecting my productivity, and I suspect it could be due to database load and resource competition. Please help me troubleshoot and provide a solution.",Please assist in troubleshooting the slow performance issue with the project management SaaS. Kindly provide detailed information to help resolve the problem.
"There was a system failure while integrating Smartsheet with Microsoft Azure, likely due to API compatibility issues.",We regret the integration failure. Please provide the error message for further assistance.
"Customer Support, requesting enhancements to our CRM digital tools. The aim is to optimize growth strategies and streamline operations. Our team currently struggles with managing customer data and tracking engagement metrics. We are looking to integrate CRM tools to automate tasks, enhance data analysis, and make better-informed decisions. We would greatly appreciate any guidance on available integration options and the implementation process. Additionally, we would like to discuss further.",Thank you for your interest in enhancing your CRM tools. We are happy to provide guidance on available integration options and the implementation process. We offer various integrations that can automate tasks and improve data analysis. A demo of our enhanced features can be arranged to demonstrate the benefits. Please let us know a convenient time for a call to discuss further. We will also outline the associated costs during the call. We look forward to speaking with you soon to explore enhanced CRM tools that can support your business.
Could you please provide me with the system requirements needed for the best performance of your project management SaaS? I am particularly interested in both the minimum and suggested specifications.,"Dear <name>, we appreciate your query about the system requirements for our project management SaaS. To ensure optimal performance, the minimum specifications should include a 2.0 GHz processor, 4 GB RAM, and a 64-bit operating system. For our recommended configuration, we suggest a 2.5 GHz processor, 8 GB RAM, and a dedicated graphics card. It's important to note that internet speed also significantly affects the performance. If you require further details, I can supply you with a comprehensive list of the system requirements."
"Dear Customer Support,

I am contacting you to report a problem with several integrations failing at the same time. The issue emerged abruptly, and I suspect it could be due to compatibility concerns with recent updates. Despite attempting to restart services, reviewing logs, and updating dependencies, the problem continues to persist.

These failed integrations are essential for our daily operations, and I would greatly appreciate your prompt assistance in resolving this matter. I have reviewed the system logs and identified some error messages that may be pertinent to the issue. I am willing to supply more details or context if required.

Could you please help me diagnose the problem or offer recommendations on how to fix it? Your support and guidance would be greatly appreciated. Please inform me if there are any additional actions for me to undertake or if you require further details from me.

I am grateful for your time and cooperation. I eagerly await your response.

Best regards,
[Your Name]","Dear [Your Name],

Thank you for reaching out regarding the issue with multiple integrations failing simultaneously. I apologize for the inconvenience this has caused. To better assist you, I would appreciate if you could provide the specific error messages from the system logs and any pertinent details about your setup and the recent updates you mentioned. This information will help me gain a clearer understanding of the issue and provide more precise guidance. If necessary, I can arrange a call at a convenient time to discuss the matter in further detail and collaborate on finding a solution. Please let me know a suitable time to contact you at [tel_num]. I look forward to your response and working towards a swift resolution.

Thank you for your patience.

Best regards,
[Support Team Name]"
"We are encountering frequent performance lags when using the project management tool, which might be due to increased server load and insufficient resource allocation. Despite clearing the cache, the issue still persists and is affecting user productivity and overall project efficiency. We would greatly appreciate if you could look into this matter and provide a solution as soon as possible. Please inform us if you need any additional information.","Regarding the performance lag issue with the project management tool, could you please provide details on the current server load and the number of users currently accessing the tool? This information will help us identify the root cause and provide a suitable solution. We can schedule a call at your convenient time via <tel_num> to discuss this further. We are committed to resolving the issue as soon as possible to minimize its impact on your project."
I hope this message finds you well. I am writing to seek information on the integration possibilities between Drupal Commerce and Microsoft Dynamics 365. Could you provide details on the available integration methods and their capabilities? Any materials or insights you could share would be greatly appreciated.,"Hello, <name>. I am glad to assist you regarding the integration between Drupal Commerce and Microsoft Dynamics 365. Several integration methods are available, such as third-party connectors and custom integrations via APIs. These integrations can facilitate features like customer and order data synchronization, inventory management, and automated workflows. I can provide you with additional information on these methods and their functionalities. To better tailor the information to your needs, could you please share details about your current setup and the goals you aim to achieve with the integration? If you prefer, we can arrange a call to discuss these options in more detail and answer any questions you have. You can contact me at <tel_num> or I can email you with more information. Please indicate a convenient time for our call."
Seeking guidance on using data analytics for investment optimization. Could you provide information on the tools available to get started? Your assistance in this area would be greatly appreciated.,"I am happy to assist with your inquiry on using data analytics for investment optimization. To get started, I recommend reviewing the resources on data analytics available on our website. These resources offer a range of tools and software that support data-driven decision-making, including data visualization platforms and statistical analysis software. Our team of experts can also provide guidance on best practices for utilizing data analytics to inform investment decisions and drive business growth."
"Noted unauthorized access attempt on hospital system, possibly due to old security software. After reviewing logs and updating antivirus definitions and firewall settings, access alerts are still occurring. Assistance is needed to resolve this issue.","Hello, thank you for contacting us regarding the system issue. We are sorry to hear that you are still experiencing access alerts after updating antivirus definitions and tightening firewall settings. We will investigate further. Please provide us with more details about the alerts, including timestamps and error messages, as this will help us understand the issue better and provide an effective solution. For your convenience, please schedule a call at <tel_num> when it is most suitable for you. Thank you."
The data analytics dashboard has encountered a crash. It is suspected that this might be due to incompatible software updates. Steps taken so far include restarting the systems and reviewing the logs.,"Dear <name>, we regret the inconvenience caused by the crash of the data analytics dashboard. We appreciate the efforts you have made in troubleshooting, such as restarting the systems and reviewing the logs. For a deeper investigation, we require additional information regarding the suspected incompatible software updates. Could you provide us with the exact version numbers of the updates and any error messages you have come across? If needed, we can arrange a call at a convenient time for further discussion and to find a solution. Please inform us of a suitable time to contact you at <tel_num>."
"I am reporting a sudden lack of access to medical records. This issue could be due to recent software compatibility issues. I have already attempted to restart the systems and verify the settings, but the problem still exists. I would greatly appreciate your assistance in looking into this and providing a solution as soon as possible. Please inform me if you need any further details from me to resolve this issue.",I will investigate the access problem and call you at <tel_num> to gather more details needed to resolve it.
Inquiring about digital strategies for brand growth. Would be grateful for details on how to utilize Salesforce Airtable to drive business expansion. Particularly interested in learning about integration tools that can contribute to overall marketing efforts. Please share any available information or resources.,"Thank you for your interest in digital strategies for brand growth. We use Salesforce Airtable to streamline sales and marketing processes. These tools help us manage customer interactions and track business performance. The integration between Salesforce and Airtable enables us to synchronize data and automate tasks, which drives efficiency and growth. To discuss strategies in more detail, I would be happy to schedule a call with you at <tel_num>. Alternatively, please visit our website for case studies and resources."
"Customer Service, exploring digital strategies that the company provides to enhance brand expansion. A business owner is keen to learn about services that can assist in boosting online presence and reaching a broader audience. Please share specifics on the types of digital strategies offered, such as social media management, content creation, and search engine optimization. It would be greatly appreciated if you could provide information on the cost and the implementation process for these strategies. Additionally, we would like to know more about the kinds","Dear [name], thank you for reaching out to our customer support team regarding inquiries on digital strategies to enhance brand expansion. We offer a range of services, including social media management, content creation, and search engine optimization, which can help increase online presence and reach a wider audience. Our team would be happy to discuss the details and provide a customized solution for your business. In regards to the cost and implementation process, we would need to schedule a consultation."
"Hi Customer Support, I am contacting you to report a security breach that happened on my NAS system. The problem might be related to an old version of the Ubuntu operating system. Although I have restarted the system, the issue remains unresolved. I am worried about the safety of my data and would appreciate your assistance in addressing this matter. If you could guide me on how to update my Ubuntu software and enhance the security of my data, that would be very helpful. I would be grateful for any support you can provide. Thank you for your attention and assistance.",I will help you update your Ubuntu system and secure your data. Please let me call you at a convenient time to discuss the necessary steps.
Immediate assistance required,"I am investigating why your campaigns abruptly halted. Could you give more information about the error message you encountered or which campaigns were impacted? For a deeper analysis, I will need your account details. Please suggest a time for a call to address this matter."
"I am contacting you to seek a refund and a replacement for the faulty devices and software licenses I received. The devices are not working as expected, and the software licenses are not compatible with my system. I would appreciate a refund for the damaged items and a quick replacement with suitable alternatives. Please find attached my purchase receipt for your records. Kindly inform me of the necessary steps to address this matter promptly.","Dear <name>, we regret the inconvenience caused by the faulty devices and software licenses you received. We have noted your email and the receipt attached for order <acc_num>. We will handle a refund for the defective items and arrange for a replacement with appropriate versions. To streamline the process, could you kindly provide your preferred shipping address and a contact phone number <tel_num> so we can communicate with you if needed. We will provide you with a return merchandise authorization number and detailed instructions on how to return and replace the items."
"Hello Customer Support, I am writing to request an update on our digital marketing strategies. Our current strategies are yielding the desired results, but we need to enhance brand visibility and engagement across our affected products. We would like a detailed analysis of our current marketing efforts and a proposal for new strategies to help us achieve our goals. Specifically, we would like a focus on social media marketing, email marketing, and search engine optimization. We believe these efforts will be key.","Thank you for reaching out to our customer support team. We understand your concerns and are happy to assist you. To better serve you, we suggest scheduling a call to discuss your current digital marketing strategies and goals in detail. I am available at your convenience. We will provide a thorough analysis and propose new strategies, focusing on social media marketing, email marketing, and search engine optimization to enhance brand visibility and engagement."
"I have noticed a decline in the performance of the project management SaaS, which is impacting the integration with BigCommerce and WooCommerce. This might be due to an increase in user load or database inconsistencies. Despite clearing the cache, restarting services, and optimizing queries, there has been no improvement. I would greatly appreciate your assistance in resolving this issue to ensure a seamless and optimal performance.","I am ready to assist you with the SaaS performance issue. Please provide your account details, including your account number and a good time to call you on your phone number. We can then schedule a call to discuss the matter and find possible solutions to address the integration issues between BigCommerce and WooCommerce."
Currently facing a service disruption impacting project management. Recent updates and integrations could be causing integration errors.,We are investigating the service interruption. Please provide your account number and specific error messages to assist in resolving the issue.
Is it possible to share details on digital strategies that boost brand growth? Thank you.,"I would be glad to share information on digital strategies that enhance brand growth. Could you please provide more details on the specific areas you are interested in, so I can send a personalized response?"
Issue: Sudden inaccuracy in investment projections. Reason: Possible data feed disruption. Attempted: Already restarted the analytics engine.,Will look into the data feed disruption and contact you at <tel_num> for further discussion and resolution of the inaccurate investment projections.
"Hello Customer Support, <br><br>I am reaching out to report a significant problem with our medical information. We have encountered a leak because our firewall settings were not properly configured, enabling unauthorized individuals to gain entry into our system. <br><br>To address this, we have initiated several measures. We have restarted our servers to eliminate any potential malware. We also reviewed all user permissions to ensure that nobody has unauthorized access to protected information. Additionally, we conducted a thorough scan of our system to detect and eradicate any possible threats. <br><br>Although these actions were taken, the issue still remains unresolved, and we need additional support to correct the situation. We would greatly appreciate any advice or assistance you can offer to help us secure our medical data and avoid further leaks. <br><br>We thank you for your attention to this matter and are eagerly anticipating your prompt response. <br><br>Sincerely, <br>[Your Name]","Hello [Your Name], <br><br>I am writing to confirm receipt of your email concerning the medical data leak due to unauthorized access. I acknowledge the gravity of the situation and appreciate the efforts you have already made. In order to further assist you, I propose scheduling a call to go over the specifics of the incident and explore possible remedies. When would you be available to discuss securing your medical data and preventing future leaks? Please provide a convenient time for me to contact you at <tel_num>."
"Dear Customer Support, I am writing to seek information on the cost structures of your enterprise project management tools. Our organization is considering adopting a new project management software and we are eager to explore your range of options. Could you kindly furnish us with a comprehensive list of your pricing structures, specifically including any reductions for extended commitments or group purchases? We would also be grateful for any insights you could share on the functionalities and support services that come with each pricing category. Moreover, do you have any tailored pricing plans for sizable corporations? Thank you for your time and cooperation. I anticipate your prompt reply. Sincerely, [Your Name]","Dear [Your Name], we are grateful for your interest in our enterprise project management solutions. We provide various pricing plans with special discounts for long-term agreements and bulk purchases. Our pricing packages encompass elements like project scheduling and monitoring, resource management, and team interaction, alongside support services that vary from email and telephone assistance to personalized account management. For large enterprises, we offer customized pricing strategies to align with your requirements. I am willing to discuss these details further, could you confirm a suitable timeframe for me to call you at <tel_num> to go over the specifics?"
"There are inconsistencies in the outcomes of our investment prediction models, which might be related to recent data integration problems. We have checked the data sources and restarted the analytics platform, but the issue still exists. We need help to resolve this.",Received your email concerning the inconsistent model results. Will review the case and contact you at <tel_num> to discuss and schedule a suitable time for the technical team to investigate the issue.
"Customer Support, <br>A data breach has occurred, impacting the security of medical data within hospital systems. This might be due to outdated software or misconfigured access controls. Steps taken include attempting to update security protocols and scanning for vulnerabilities using Malwarebytes, but the issue still persists. <br>The breach has compromised sensitive patient information, raising concerns about potential consequences. Immediate assistance is required to resolve the issue and prevent further breaches. <br>Could you please provide guidance on how to proceed with the investigation?","Dear [Name], we take the data breach incident at the hospital very seriously and are committed to helping resolve the issue. Please proceed with the investigation and provide us with the details of the breach, including the date it occurred and the specific data affected. We recommend changing passwords and conducting a thorough review of the systems. We would like to schedule a call at [Tel Num] to discuss the steps we can take to provide guidance and strengthen security. Please let us know a convenient time for the call."
"Hello customer support, I am contacting you regarding the need to upgrade our current project management software. The current interface is outdated and hard to use, impacting our team's productivity. Additionally, the software's ability to handle large projects is restricted. I would appreciate an update that enhances the user interface and scales better. This would significantly improve our project management process. I hope to hear from you soon about this matter and any proposed solutions. Thanks for your attention and help.",Thank you for your request to update the project management software due to interface and scalability issues. I will address this and will call you at <tel_num> to discuss potential solutions and the next steps.
"Hello Customer Support, I am inquiring about optimizing my investment strategies using data analytics tools from a financial firm. Could you provide more information and details on how to leverage these tools to make informed decisions and improve my portfolio's performance? I am very interested in learning about the available options and how they can be integrated with my existing systems. I look forward to your assistance and hearing back from you soon.","Dear [Name], thank you for reaching out to our service desk regarding investment support. We would be happy to assist you in exploring data analytics tools to optimize your investment strategies. To better understand your requirements, could you please provide us with information about your existing systems? We hope this will help us achieve the best tools for you. We would like to schedule a call at your convenience to discuss further. We are available to call at [tel_num] or another preferred time."
An unexpected medical data breach has taken place. It is possible that the lack of proper encryption protocols is the cause. We have attempted to restart the systems and examine the firewall settings.,"We take the matter of the medical data breach very seriously and apologize for any inconvenience it may have caused. To better assist you, could you please provide more details regarding the breach, such as the specific date and time it occurred and which systems were affected? Additionally, I would like to arrange a call to discuss the issue and the necessary steps to resolve it. When would be a suitable time for you to have a call? Please let me know."
Is it possible to provide detailed solutions for securing medical data?,"<name> appreciates your interest in our solutions. Our services include data encryption, access controls, and regular security audits to ensure the confidentiality, integrity, and availability of sensitive medical information. We would be happy to discuss these solutions in detail and provide a customized proposal. Please let us know if you would like to schedule a call at your convenience."
"Customer Support, kindly draw attention to a critical issue concerning the recent digital campaign. Despite our efforts to optimize ad placements and messaging, the campaign continues to experience significant performance issues. We suspect that server misconfigurations or software compatibility conflicts might be the root cause of the problem. After thoroughly analyzing the campaign metrics, the issue still persists. We would greatly appreciate your assistance in resolving this matter so that we can get the campaign back on track.","<name>, thank you for bringing the issue with the digital campaign to our attention. To better assist you, could you please provide more details on the performance issues you are experiencing and the steps you have taken so far? This will help guide our next steps in troubleshooting and resolving the issue."
"I am seeking information about the customization options available for the project management SaaS platform. Could you provide details on the types of customizations that are offered? Additionally, I would appreciate it if you could include the process for requesting customizations and the associated costs. This will help me better understand how the platform can be tailored to meet my specific needs. Thank you for your assistance. I look forward to hearing back from you soon.","We offer a variety of customization options for our project management SaaS platform to meet specific needs. Customizations can include tailored workflows, custom fields, and integrations with third-party tools. To request customizations, please contact our support team with your requirements. We will assess your request and provide a quote based on the work involved. Costs vary depending on the complexity of the customization. Once we understand your needs, we can provide a solution that fits your budget. Our team will be happy to discuss your requirements in detail."
"The project timelines are not updating automatically, which might be due to a backend synchronization problem.",I have noted your message concerning the project timelines that are not updating automatically. I will look into the potential backend synchronization challenge and will get back to you to discuss it further. Could you please suggest a time that would be convenient for me to call you to address this issue?
The marketing team encountered software compatibility issues that are disrupting project workflows. These may have arisen from recent system updates. Efforts to reinstall the affected software and optimize settings have been unsuccessful. We kindly request your assistance in resolving this matter.,We will investigate the software compatibility issue and provide assistance for its resolution.
security issue identified in hospital systems,we are taking the reported security issue with hospital systems very seriously and need additional information to assist you. Please provide details about the breach and let us know your earliest convenience to discuss further. Kindly inform us of a suitable time to contact you.
Merge advanced collaboration elements across every platform and device to ensure a smooth project management process and improved team interaction.,Thank you for your suggestions to improve project management tools. We will take into account the integration of advanced collaboration features to enhance team interaction and provide a seamless experience across all platforms and devices.
"There have been experienced unauthorized access attempts to medical data systems, which might be due to outdated security protocols. Steps taken include auditing access logs and updating passwords, but the issues still persist. Enhanced configurations on Microsoft Azure and Docker have been implemented, yet breaches continue to be a concern. Assistance is needed to resolve this issue.","Seeking help for unauthorized access attempts to medical data systems. To better assist, please provide specific details about the issues you are experiencing. Information regarding the breaches and configurations updated would be helpful. We can schedule a call at your convenience to discuss and explore possible solutions."
"Hello Customer Support, I am encountering difficulties with the investment data analysis tool, which has stopped functioning without warning. I have already attempted to restart the system and update the software, but the issue remains unresolved. I believe there might be a problem with software compatibility. Could you please assist me in addressing this issue? I have tried some basic troubleshooting steps but need additional help.","Dear <name>, thank you for contacting us regarding the problem with the investment data analysis software. We regret the inconvenience this has caused. To better assist you, could you provide us with details of any error messages you are encountering and the operating system you are using? If needed, we can arrange a call at a convenient time for further troubleshooting. Please let us know a suitable time for a call at <tel_num>. We will make every effort to resolve the software compatibility issue as quickly as possible."
"Hello customer support, we are experiencing delays in our project timelines because tasks are disappearing from the dashboard. Despite restarting servers, reviewing database logs, and confirming user permissions, the problem continues. Potential reasons may involve a MongoDB synchronization issue or a Chef configuration error. Your help in addressing this would greatly assist in regaining team productivity.","Greetings [name], I regret the delay in your project timelines and am here to help resolve the task disappearance from the dashboard. To better diagnose the issue, could you share more information about the MongoDB synchronization and Chef configuration? I will arrange a call at [tel_num] to discuss further and work towards restoring team productivity."
"Hello Customer Support, I am contacting you to report a problem with our website analytics dashboard. It has ceased to function and we have been unable to determine the cause, even after restarting the dashboard and verifying the API connections. The problem began when we observed that the tracking data was no longer being updated. We have gone through the code and integration, but we are unable to locate the underlying issue. We would greatly appreciate any assistance you can provide to resolve this matter. Please inform us if any further information from our side is required. Thank you for your attention and help.","Hello [Name], thank you for contacting us regarding the issue with your website analytics dashboard. We are sorry to hear that the dashboard has ceased to function and you are having difficulty identifying the root cause of the problem. We value the troubleshooting steps you have already taken, which include restarting the dashboard and validating the API connections. To better assist you, could you please provide us with more details about the issue, such as any specific error messages you are encountering and when the problem began. Also, it would be beneficial if you could share your [acc_num] and any relevant login credentials so we can delve deeper into this. If necessary, we can arrange a call at a convenient time to discuss the issue in greater detail, kindly inform us about a suitable time to contact you at [tel_num]. We will work diligently to find a solution as soon as possible."
"Noted experiencing connectivity issues with the SaaS project management tool, which was connected to various devices, including external storage and smart home gadgets. The problem might be linked to recent software updates or device compatibility issues. Steps taken such as restarting devices and reconfiguring network settings have not resolved the issue. Assistance in resolving this matter would be greatly appreciated. Please let us know if you require any additional information.","Regarding the issue with the SaaS project management tool, we are here to assist. To better help, could you please provide details on the software updates that were installed on the devices and any specific devices involved. Additionally, it would be helpful to know the exact error messages you are receiving. For your convenience, we would like to schedule a call. Please let us know a suitable time to contact us at <tel_num>."
"Customer Support, <br>Our agency is facing software performance crashes across various applications, which is significantly affecting productivity. This issue may be due to conflicting software versions following recent updates. Despite attempts to resolve the issue by restarting systems and reinstalling affected applications, the problems continue. <br>The persistent crashes and performance issues are causing substantial disruptions to our work, and we urgently need assistance in resolving this matter soon. <br>We would appreciate your guidance.",Please contact us at +123-456-7890 to discuss the software performance crashes and we will guide you through the next steps to resolve the matter.
"The investment optimization tool has encountered a crash during data analysis, which might be related to data overload or software compatibility issues. After restarting the software and clearing temporary files, the problem still persists. We request your assistance in resolving this matter.","We acknowledge the issue with the investment optimization tool and apologize for any inconvenience caused. To better assist you, could you please provide details on the data analysis tool crash, the size of the dataset, and any error messages received? If necessary, we can schedule a call to discuss the matter in more detail. Please let us know a suitable time for the call, and we can contact you at <tel_num>."
Could you offer advice on optimizing data analytics Elasticsearch investment strategies? I require comprehensive details.,I will provide detailed guidance on optimizing data analytics Elasticsearch investment strategies via email and a phone call.
"Facing service disruptions on various platforms, tried performing a restart and rollback.",Please investigate the SaaS tools issue and contact +1-800-123-4567 for assistance in resolving the problem.
"The marketing agency's digital strategy campaigns have underperformed, which is affecting the brand's growth. It seems that integration issues with data analytics tools might be the cause. Despite attempts to optimize ad placements and adjust content, there has been some improvement. Assistance is needed to resolve these issues and enhance the brand's performance.","Dear customer, thank you for reaching out to us regarding the underperformance of the digital strategy campaigns. I would be happy to assist you in resolving the integration issues with your data analytics tools. To better help you, could you please provide specific information about the integration errors you are experiencing and the steps you have taken so far? We can schedule a call with one of our specialists to discuss and find a solution."
"Unapproved access was detected in the hospital's systems, which could pose a risk to the confidentiality of medical information.","Dear [Name], we take the report of unapproved access to the hospital's systems very seriously, as it poses a significant risk to the confidentiality of medical data. Please provide us with more details about the incident, including the date and time it was detected, and any relevant system logs. We would like to schedule a call to discuss the next steps. Please let us know a convenient time to contact you at [Tel_num]."
"There have been experienced unauthorized access attempts on medical data systems. These may have occurred due to outdated security protocols. Steps have already been taken, such as updating passwords and running vulnerability scans, and improvements have been noted. Assistance is needed to further secure the systems and prevent future unauthorized access attempts. Please provide guidance on the necessary steps to take.","We need help securing the medical data systems. To better assist you, I would like to discuss the details of the unauthorized access attempts and the steps that have been taken so far. Please provide information on the results of the vulnerability scans that have been run. We need to schedule a call to go over the necessary steps to take in order to prevent future unauthorized access attempts. You can reach me at <tel_num>."
"Digital marketing efforts have been hindered by software compatibility issues and team collaboration difficulties. This may be due to outdated tools and varying operating systems. Updates have been attempted, along with team training.","We can help with your marketing software issues. To better understand the problem, please provide specific details about the software and operating systems you are using. Based on this, we can offer potential solutions and schedule a call at your convenience for further discussion."
"Hello Customer Support Team, I am contacting you to report a problem with our digital marketing campaigns. The campaigns have been unable to reach our intended audience, and we are uncertain about the reason. We believe the issue could be due to incorrect CRM integration. We have restarted Zoho and reviewed our Notion settings, but the problem still exists. We would be very grateful for any support you can offer in resolving this issue. Please let us know if you require any additional information from us or if you can advise us on how to further diagnose the problem. We are keen to get our campaigns back online and thank you for your assistance. Best regards, [Your Name]","I will examine the issue with your digital marketing campaigns and the CRM integration. To better aid you, could you please supply your account number and a comprehensive description of the issue? I will contact you at a convenient time to discuss further."
"Greetings Customer Support, I am reaching out to request an upgrade to our payment gateway to ensure the secure processing of patient data and adherence to HIPAA regulations. Our current payment solution is outdated and fails to meet the necessary security standards. I would like to request the installation of a new payment gateway that is HIPAA compliant and employs the most advanced security measures to safeguard sensitive patient information. This upgrade is essential for preserving patient trust and preventing any potential data breaches. Could you please provide guidance on the steps required for this upgrade and any additional information needed from my end? I appreciate your swift response to this request and anticipate your early reply.",I will review your request and contact you at <tel_num> to discuss the necessary steps for implementing a HIPAA compliant payment gateway.
Unauthorized access was identified because of a weak password.,"We are taking the medical data exposure issue very seriously and are currently investigating. To prevent further unauthorized access, we advise changing your password to a stronger one as soon as possible. Should you require assistance, please provide us with a convenient time to call you at <tel_num> to guide you through the process."
Could you provide more details on your digital strategy services that enhance brand growth? This would greatly help us understand how to improve our online presence and reach a wider audience. We are very interested in learning about the services you offer and their benefits for our business. Thank you for your time and assistance. We look forward to hearing from you soon.,"We offer digital strategy services to enhance brand growth and online presence. Our services include social media management, content creation, and website optimization. We would be happy to discuss how these services can benefit your business. Please call us at <tel_num> to explore these options further or reach out via email."
"Customer Support, seeking clarification on the investment optimization tools included in the data analytics product suite. Could you provide details on the types of tools available to assist with investment decisions? I would greatly appreciate information on the features and benefits of these tools. Additionally, I would like to know if there are any tutorials or guides available to help users get started with these tools. Thank you for your assistance, and I look forward to hearing back soon.","<name>, thank you for your email regarding investment optimization tools. Our product suite includes various tools designed to enhance investment decisions. I would be happy to provide you with detailed information about the features and benefits. We also offer tutorials and guides to help users get started. Please call <tel_num> at your convenience to discuss any questions you may have. I would be available for the call to assist you further."
"Hello Customer Support, I am reaching out to notify you about a malfunction in our campaign analytics dashboard that started after the latest software updates. Even after restarting the system and updating plugins, the issue still exists. The dashboard is unable to show accurate data, affecting our decision-making. I've already checked for conflicting plugins and ensured all software is updated, but the problem remains. I would be very grateful if you could look into this and help resolve it promptly. Kindly inform me if you need more details to address this issue. Thank you for your help. Best regards, [Your Name]","Hello [name], thank you for bringing the campaign analytics issue to our attention. I will look into this. Could you provide the exact error message and your current software version to assist with the resolution? I will call you at [tel_num] to discuss further if necessary. Could you also give me a suitable time to talk about your [acc_num]? Thank you."
"Our digital campaigns have not been able to launch on various platforms because of software updates that are not compatible, leading to integration problems. Despite my efforts to resolve this by restarting the systems, verifying configurations, and updating the drivers, the issue still remains.","We sincerely apologize for the difficulties you are experiencing with the launch. To better diagnose the integration issues, could you kindly share the exact error messages and specify the platforms that are affected? We will promptly forward this information to our technical team for further assistance, and we will get back to you shortly with a solution or the next steps."
"Greetings Customer Support,<br><br>I am contacting you to report an unexpected medical data breach that happened last night. The breach might have resulted from inadequate encryption and obsolete software. Despite running virus scans and updating MATLAB R2021a, the issue remains unresolved and requires your urgent intervention. Could you please investigate this as soon as possible and offer a remedy to avoid similar incidents in the future? Kindly inform me if you need more details to resolve the issue.<br><br>Thank you for your assistance.<br>Sincerely,<br>[Your Name]","I will promptly investigate the reported medical data breach and take the necessary steps to prevent future occurrences. To proceed, could you provide more details such as the specific data types involved and any error messages you've encountered? I will reach you at [tel_num] for further discussion."
"I have been overcharged for unused licenses and suspect a mistake in the account configuration. I have gone over the invoices and reached out to the support team, but the issue still exists.",I will examine the account setup for <acc_num> to address the overcharging for unused licenses and will get back to you for further discussion.
The data analytics platform failed during the night. Servers were restarted and logs were reviewed.,I will look into the problems with the data analytics platform. Could you furnish me with additional information regarding the error messages found in the logs?
"Requesting the integration of project management features into existing products to significantly improve user collaboration efficiency. This feature would be a valuable addition, facilitating seamless teamwork among various teams. I would greatly appreciate it if you could consider this request and provide a timeline for implementation. Please inform me if you need any additional information to proceed with this request.","Received the request to integrate project management features into existing products to enhance user collaboration efficiency. Thank you for your suggestion, and we appreciate you considering it for future development. To better understand your needs, could you please provide specific details about the project management features you would like to see implemented? This will help us assess the feasibility and potential timeline for integration. If necessary, we may need to contact you for further discussion, and we would be available for a call at your convenience."
An incident involving potential unauthorized access to medical data through hospital systems was due to outdated security protocols. Steps have been taken to update the software and conduct internal security scans to prevent future incidents.,Thank you for the update on the actions taken to prevent future incidents. Please review the case and provide the necessary contact information.
Encountered unauthorized access to medical data because of outdated security protocols. Preliminary investigations indicate potential vulnerabilities in Apache Hadoop and MongoDB configurations. Review of updated software versions and access logs has revealed irregularities.,Currently investigating the issue
Which digital strategies could enhance brand growth for these products?,We could explore social media marketing and email campaigns to enhance brand growth. Would you prefer a call to go over these options in more detail?
"Dear Customer Service Team, I am contacting you to inform you about a problem I am experiencing with the integration of several applications, which has abruptly stopped working. It is believed that this issue might be due to recent API modifications or an overload on the server. Despite restarting services, reviewing logs, and testing each application independently, the issue remains unresolved. I would be grateful if you could examine this situation and offer a solution at your earliest convenience. Please inform me if you require any further information from me to address this problem. Thank you for your time and cooperation. Sincerely, [Your Name]","Dear [Your Name], we thank you for bringing to our attention the difficulties you are facing with the integration of multiple applications. We regret the inconvenience this has caused you and appreciate the efforts you have already made to troubleshoot the issue. To better understand and resolve the problem, could you please provide us with additional details regarding the API adjustments or server overload that you suspect may be the cause? It would also be beneficial for us to know the specific error messages you are observing in the logs. If necessary, we can arrange a call at a date and time convenient for you to discuss this further; please notify us at the phone number provided, <tel_num>. We will work diligently to address this issue as quickly as possible."
We are facing connectivity issues with the Netgear Nighthawk Mesh Wi-Fi following the recent software update. Rebooting and adjusting the network settings did not resolve the issue. We need assistance to restore connectivity.,I can assist with your Netgear Nighthawk Mesh issue. Please provide the model number and a detailed description of the error message you are experiencing. This will help in troubleshooting.
"Hello Customer Support, I am reporting a critical performance degradation that was observed during peak usage hours. This issue might be due to server resource limitations or inefficient query handling. Despite our efforts to optimize database queries and increase server capacity, the problem continues. I would greatly appreciate it if you could look into this matter urgently and provide a solution to prevent any further disruptions. The performance degradation is significantly impacting our operations, and a prompt resolution would be greatly appreciated.","We have received your email regarding the performance degradation observed during peak usage hours. We will immediately look into the matter and investigate the possible causes. Please provide us with the details of your server configuration, recent optimization attempts, and any additional analysis that could assist us in resolving the issue."
Is it possible to get details on securing medical data using Microsoft Azure solutions?,Provide information on securing medical data with Microsoft Azure.
"Customer Support, a marketing agency is encountering challenges with brand growth. Despite adopting digital strategies, the outcomes are not satisfactory. We have fine-tuned email campaigns and adjusted social media tactics, but growth has remained stagnant. It seems ineffective tools and inadequate targeting could be contributing factors. After analyzing performance metrics, the underlying issue is unclear. We need assistance to identify the root cause and implement effective strategies for growth.",review marketing strategies to assist
"Recently, there was a data breach in our healthcare systems, leading to the compromise of medical data security. The incident might be due to outdated software and unpatched vulnerabilities. We have attempted to update our security software and conduct system scans, but the issue still persists.",Acknowledging the reported data security issue in the healthcare systems. Please provide details on the outdated software and unpatched vulnerabilities that you suspect may have caused the incident. We would like to schedule a call to discuss potential solutions and proceed with the next steps to resolve the issue at your convenience.
"Customer Support, we are here to assist with inquiries related to services that integrate digital strategies to achieve effective brand growth. We are interested in learning more about the services that can help our business expand its online presence and increase brand awareness. Could you provide insights on various digital strategies, such as social media marketing, email marketing, and search engine optimization? We would greatly appreciate any information about the costs associated with these services, as well as some case studies and success stories.","Dear [name], thank you for reaching out to our customer support team regarding digital strategies for brand growth. We offer a range of services including social media marketing, email marketing, and search engine optimization to help businesses like yours expand its online presence and increase brand awareness. Our team of experts, with extensive experience in the field of digital marketing, would be happy to provide you with more information about our services and their costs. We also have several case studies and success stories to share."
"Dear Customer Support, I noticed an unauthorized access attempt on the medical data system. This might have occurred due to outdated security protocols. After reviewing the access logs, we have strengthened the initial password requirements. However, I am still concerned about the potential for data breaches and would like assistance in reviewing the system's security. Could you please provide guidance on how to improve our security measures to prevent such incidents in the future? I appreciate your prompt attention to this matter and look forward to your response.","Thank you for reaching out to us regarding the unauthorized access attempt on the medical data system. To better assist you, could you please provide details on the current security protocols in place and any specific measures that have already been taken? I would be happy to guide you in improving your security measures to prevent future incidents. It would be helpful if we could discuss this further over the phone; please let us know a suitable time that is convenient for you, and we will contact you accordingly."
Is it possible to get information on optimizing investment strategies through the use of data analytics services? Thank you for your support.,"I would be happy to help optimize investment strategies using data analytics services. To better assist you, could you please provide details on your current investment portfolio and goals? This will allow me to provide a personalized solution and we can schedule a call at a convenient time to discuss further."
"Dear Support Team, I am facing a login problem that started after the latest update. It might be related to cache, and I've already cleared my browser cache and restarted the application, yet the issue remains unresolved. Could you please investigate and provide a solution? I have been a dedicated user, and I trust your team to address this promptly. Thank you for your attention and help. I am eager for a resolution to continue using the application without interruptions. If you require more information from me, please let me know. Best regards.","Hello <name>, we appreciate you reporting the login difficulty following the update. We will look into this. Could you give us more information about the error message you encounter during login attempts? Additionally, I can arrange a call at your convenience using <tel_num> to discuss this further. Please let me know a suitable time."
The project management application experienced a crash on a Microsoft Surface Pro 8. There could be an issue with the Firebase integration or an outdated osCommerce plugin causing this problem.,"I will look into the crash that occurred on your Surface Pro 8, taking into account the possibility of an incompatibility with the Firebase integration or an outdated osCommerce plugin. I will reach out to you soon to discuss the steps we can take to address this issue."
The integration process is not successful,"Hello <name>, we are investigating the integration error you are facing. Could you please share more information regarding the tools that are not integrating and any error messages you have encountered? I am here to help resolve the issue and provide a solution. If necessary, I can reach you at <tel_num> for a detailed discussion."
I require information on the system specifications needed for the best performance of your project management software to guarantee seamless functionality.,"Dear <name>, thank you for contacting us. To achieve optimal performance of our project management software, please consult our website for the necessary system requirements. Should you need additional assistance, I am available to provide further details or discuss this further by phone at your convenience. Please suggest a time that works for you by calling at <tel_num>."
The software experienced issues during the meeting,We regret the difficulties you encountered with the virtual meeting software. Could you share additional details to assist us better?
Seeking assistance,I am available to support you regarding the system efficiency problem. Could you kindly share more specifics about the issue you are encountering? I am eager to assist you in diagnosing or resolving it.
"Hello Customer Support, I am contacting you to inform about an unexpected shutdown of our servers during our busiest times. This might have been caused by a server overload. We have tried to rectify the situation by restarting the servers and examining the logs, but the problem still exists. We would be very grateful if you could address this as soon as possible and offer a solution to avoid such occurrences in the future. The downtime has had a significant impact on our operations and we are anxious to return to normalcy. If you need further information from our side, please let us know so we can help in your investigation and resolution process. We thank you for your swift action on this matter and we are looking forward to your response. Kind regards.","Hello <name>, We have received your email regarding the server downtime that happened during your busiest times. We are sorry to hear that this downtime has affected your operations significantly. We are ready to assist you in resolving this. Could you provide more information about the server overload and the steps your team has taken so far? Also, if you could share your <acc_num> and a convenient time to contact you at <tel_num> for a further discussion, it would be greatly appreciated. We will look into this urgently and work with you to find a solution to prevent similar incidents in the future. Thank you for your understanding and cooperation."
I require guidance on integrating MATLAB R2021a with PostgreSQL 13 for enhancing data analytics performance.,I can offer guidance on integrating MATLAB R2021a with PostgreSQL 13 to optimize data analytics. Could you please share more details about your specific needs and any challenges you are facing? I am willing to assist you with the subsequent steps or arrange a call to discuss further if necessary.
"Hello Customer Support, I am inquiring about optimizing investments using data analytics products. Could you provide guidance on how to leverage these tools for making data-driven decisions? I would greatly appreciate any advice or resources you can share on this topic. Thank you for your assistance, and I look forward to hearing back from you soon.","Hello, thank you for reaching out to our customer support team. We're happy to help you optimize your investments using data analytics tools. These tools offer real-time data insights to inform your investment decisions. We can provide general guidance and point you towards online resources and tutorials. For personalized assistance, we can schedule a call at your convenience. Please let us know a good time to reach you at <tel_num> for specific questions about getting started with the tools."
The metrics ceased to update overnight,I am investigating the problem with your website analytics dashboard. Could you provide more details on which metrics stopped updating and when you first observed the issue? I will call you at <tel_num> to discuss this further if required.
"Hello Customer Support, our analytics dashboard crashed during peak hours, possibly due to increased data load. We attempted to restart the application and clear the cache, but the issue still persists. The affected products are of low priority due to the nature of the incident. I would appreciate your assistance in resolving this issue as soon as possible. Thank you for your support.","<name>, thank you for reaching out regarding the analytics dashboard crash during peak hours. We apologize for the inconvenience caused. We would like to investigate the issue and resolve it as soon as possible. Could you please provide us with the details of the error messages and the steps you have taken so far? We need <acc_num> to look into this matter. We can schedule a call at <tel_num> to discuss this further."
"Faced a billing error for the subscription in the current month, which might be attributed to an issue with the payment processing platform. After re-entering payment details and reaching out to support for clarification, the problem still continues. I would greatly appreciate your assistance in resolving this matter to ensure my subscription is updated correctly. Please investigate and provide a solution to rectify the billing error as soon as possible.",We will investigate the billing error related to your subscription and ask you to contact us at <tel_num> to resolve the issue as soon as possible regarding <acc_num>.
"Dear Customer Support, I am reaching out to request the development of a new data visualization dashboard for investment trend analysis and portfolio optimization. The current dashboard is no longer up-to-date and insufficient for providing meaningful insights. A new dashboard would facilitate more informed investment decisions and better portfolio optimization. It should include interactive charts, real-time data updates, and customizable layout options. Furthermore, it should be user-friendly and accessible across different devices. I believe this new dashboard would significantly enhance the user experience and provide greater benefits. Could you please inform me of the timeline for implementing this new dashboard and any other necessary information? I would appreciate your prompt response. Thank you for your time and consideration. I look forward to your response soon.",Your request for a new data visualization dashboard has been noted. We will review the details and contact you at <tel_num> to discuss the project timeline and process further.
Would it be possible to provide comprehensive details on digital marketing strategies that could boost brand growth?,"We would be delighted to provide you with information on digital marketing strategies. Our range of services includes social media management, search engine optimization, and email marketing. These services can help increase brand awareness, drive website traffic, and generate leads. We would like to discuss strategies to enhance brand growth and suggest scheduling a convenient call. Please let us know a suitable time, and you can reach us at <tel_num> or we prefer to send detailed information."
"Noted a sudden spike in system latency during peak usage hours. This might be due to unoptimized database queries. Tried scaling resources and clearing caches, but no improvement was observed. Assistance in resolving this issue would be greatly appreciated.","Acknowledged the issue of experiencing system latency during peak usage hours. To better understand the problem, please provide details on the database queries suspected of causing the issue and the specific steps taken to scale resources and clear caches. Additionally, would like to schedule a call to discuss further. Available at the earliest convenience. Please let me know a suitable time to contact at <tel_num> for assistance in resolving the issue."
Seeking clarification on the process for securing medical data related to the products mentioned. Would it be possible to receive detailed information on the practices for handling sensitive medical information and ensuring compliance with relevant regulations? Your guidance and any available resources would be greatly appreciated. Thank you for your time and assistance.,"\""name\"", thank you for your inquiry regarding the securing of medical data. To handle sensitive medical information, it is recommended to follow HIPAA guidelines and implement encryption and access controls. I would be happy to provide detailed guidance and resources over the phone. Please let me know a suitable time that would be convenient for a call to discuss further."
"Dear Customer Support, we have experienced a security incident that may have exposed medical data, possibly due to misconfigured Apache Hadoop settings. We have already taken steps to secure the system, such as updating software and reviewing access logs. We are concerned about the potential breach and would appreciate your assistance in investigating and resolving the matter. Please provide us with the next steps to take. We look forward to your prompt attention to this issue.","We take security incidents involving medical data very seriously and will assist in investigating the potential breach. Please provide us with the details of the misconfigured Apache Hadoop settings and the results of your access log review. To discuss the incident in more detail and determine the next steps, we would like to schedule a call at <tel_num>. This will help us address <acc_num> promptly."
A significant service outage has impacted the security of medical data and hospital operations. This may have led to compatibility issues and system failures. Rebooting the affected devices and updating the software were unsuccessful attempts. We kindly request your assistance in resolving this matter as soon as possible to prevent further disruptions to our services.,"Acknowledged receipt of your email regarding the medical service outage affecting hospital operations and medical data security. We understand the urgency of the matter and are ready to assist as soon as possible. To better assist, could you please provide details on the specific devices and software that are affected, along with any error messages you have received and the steps you have taken so far? Also, it would be helpful if we could schedule a call at a time that suits you. Please let us know a convenient time."
"I encountered an unanticipated charge on my billing statement. This could have resulted from a system error or miscommunication. I have reviewed past invoices and reached out to support, but the issue still persists. I would greatly appreciate it if you could look into this matter and provide a resolution at your earliest convenience.",I will review account <acc_num> to investigate the unexpected charge immediately.
"Respected Customer Support, I am contacting you to request information on the security measures that are in place to safeguard medical data on KVM-Switch and Elasticsearch. Since this data is highly sensitive, it is essential that it is protected against unauthorized access and data breaches. I am keen to learn about the steps taken to maintain the confidentiality, integrity, and availability of the medical data on these platforms. Specifically, I am interested in understanding the encryption techniques used, the access control systems in place, and the auditing procedures. Additionally, I would like to know which compliance certifications and regulatory standards are adhered to, such as HIPAA. I am eager to receive your response and gain insight into the security measures that secure medical data on KVM-Switch and Elasticsearch. Thank you for your time and support.","We have put in place strong security measures, including encryption and access controls, to protect medical data on KVM-Switch and Elasticsearch. We will provide more detailed information regarding compliance certifications and regulations in our subsequent response."
I am contacting you to request the addition of PostgreSQL database support in order to boost the scalability and performance optimization of our project management system. This upgrade will significantly enhance our project efficiency.,We are grateful for your request to integrate PostgreSQL database support to enhance the scalability and performance optimization of our project management system. We will carefully evaluate and consider this request to improve overall project efficiency. Our team will assess the feasibility and potential benefits of this integration and will provide you with a decision and implementation timeline.
Could you please provide more details on how to integrate HelloSign?,"Dear [name], thank you for reaching out to us regarding the integration of HelloSign. We appreciate your interest in our electronic signature platform. HelloSign enables users to sign documents electronically. To integrate the HelloSign system, you will need an account and an API key. Please provide us with the necessary details so we can help guide you through the process. Alternatively, if you prefer, we can schedule a call at your convenience to discuss this further. Please let us know a suitable time."
"Hello customer support, I am contacting you to seek information on data analytics software that can improve investment strategies for financial organizations. Would you be able to share relevant details with me? I would be grateful for any advice or suggestions you could provide. Could you recommend specific data analytics tools that are effective for optimizing investment strategies? I am looking forward to your response. Thank you for your consideration and assistance.",I will share information on data analytics tools for improving investment strategies. Please allow me to call you at a convenient time for a more detailed discussion.
"Hello Customer Support, I hope this message finds you well. I am currently looking into the Handheld Scanner for our business and am in need of detailed information about its pricing and associated expenses. Could you kindly share a comprehensive pricing list, including any promotional offers or reductions that might be applicable? Additionally, I would like to know about any extra charges such as delivery or maintenance. We are enthusiastic about incorporating this equipment into our operations and are keen to understand its full potential in our business. Kindly inform me if there are any specific prerequisites or specifications to consider when using the Handheld Scanner. Furthermore, we would appreciate details on any training or support materials available to help us maximize the benefits of this product. Looking forward to your prompt response. Thank you for your support and assistance. Sincerely, [Your Name]","Dear [Name], thank you for your inquiry concerning the Handheld Scanner pricing. I will send you a detailed pricing report shortly. Please allow me to call you at [Tel Num] to discuss the specifics in more detail."
"Here is a concise issue description: Unforeseen integration problems have arisen. Could be related to compatibility issues. Attempted restarting services, but the issue persists. I am hopeful for your prompt assistance in addressing this matter. Kindly inform me if more information is needed from my side to diagnose the problem effectively.","I have noted your communication about the integration problem. To better assist you, could you please share more specifics about the compatibility issues you suspect and any error messages you have observed? I will examine the details and reach out to you at a mutually convenient time to discuss the next steps for resolution. Kindly let me know if you are available for a call at your preferred time."
"Hello Customer Support, I am inquiring about the delay issues I am experiencing with our data analytics dashboards. Upon investigation, I discovered that the problem stems from insufficient RAM and an outdated ClickUp integration. I have already attempted to upgrade Docker and restart my MacBook Air, but the issue remains unresolved. I would be grateful for your assistance in addressing this. Please inform me if there are any further actions that I need to take or if you require additional information. I am eager to receive your guidance. Thank you for your attention, and I anticipate your prompt response.","Hello <name>, we appreciate you contacting us about the problems with your data analytics dashboards. We value the steps you've already taken to address the issue. To aid in our resolution process, could you please share the specifics of your current RAM and the version of your ClickUp integration? This information will help us better understand the problem and provide an appropriate solution. If necessary, we may arrange a call to discuss this further; please let us know a convenient time for you."
"Customer Support, <br><br>I am encountering issues with the marketing strategy report. The marketing agency's digital strategies are not yielding the expected brand growth. Potential reasons could be poor targeting or ineffective platforms. I have already adjusted ad spends and reviewed analytics, but the results are still not satisfactory. Our team has invested significant time and resources, yet we are seeing disappointing progress. I would greatly appreciate some guidance to improve the strategy and achieve the desired outcomes.","I would be happy to assist with your marketing strategy concerns. To better understand the issue, could you please provide information on the current strategy and the specific results you are observing? Based on this information, I can provide recommendations to improve brand growth. If needed, we can schedule a call at a time that suits you; please let me know a convenient time for the call at <tel_num>."
"I am seeking customer support to integrate Scikit-learn with SAP ERP for investment analysis. Could you provide guidance on how to accomplish this task? I would greatly appreciate any documentation or tutorials you can share. Specifically, I am interested in using machine learning algorithms to analyze financial data from SAP ERP. Could you please let me know the steps needed to connect Scikit-learn with SAP ERP and how to expect to retrieve the kind of data I need? Thank you for your time and assistance. I look forward to your help.","<name>, we can assist with integrating Scikit-learn with SAP ERP for investment analysis. To proceed, we need more information about your SAP ERP system. Please call <tel_num> so we can discuss the details and provide guidance on the necessary steps, including any required documentation."
"Customer Support, <br>We are reporting a problem that several users have encountered following recent software updates. The issue involves billing discrepancies, which may be due to integration issues or data migration errors. Our team has reviewed the transaction histories of the affected users and attempted to resync the system, but unfortunately, this did not resolve the issue. We would appreciate it if you could look into this matter and provide a solution as soon as possible. Please let us know if further information is needed.","Dear [name], thank you for reporting the issue with billing discrepancies following recent software updates. We would like to investigate this matter further. Could you please provide us with more details, including the transaction histories of the affected users? Please contact [tel_num] if you need to discuss the issue further. We will do our best to resolve the issue and provide a solution to correct the billing discrepancies as soon as possible."
Could you provide details on digital marketing strategies that drive brand growth? Thank you.,I would be happy to discuss digital marketing strategies. Please allow me to provide the necessary information at your convenience.
"Dear Customer Support,

I am contacting you to report a significant security breach involving unauthorized access to our medical records. Our system flagged suspicious activity, and post-investigation, we discovered that an unauthorized user had gained access to sensitive patient data.

We suspect that this breach might have been caused by a lax password policy or out-of-date software. Our IT department has taken prompt action, including conducting Malwarebytes scans and reviewing our Zoho CRM logs for any suspicious activities.

Despite these measures, we remain concerned about the potential repercussions of this breach and would appreciate your assistance in investigating and resolving this matter further. We are eager to receive your expert advice on how to enhance our security protocols to prevent future occurrences.

If there are any additional actions we can take to secure our medical records, we would greatly appreciate your guidance. We value your support and look forward to your prompt response.

Thank you for your attention to this critical issue.

Sincerely,
[Your Name]",I have noted your email about the unauthorized access to medical records. Could you please schedule a convenient time for me to contact you at <tel_num> to discuss this matter further and provide guidance on enhancing your security measures to prevent similar incidents in the future?
"I am facing database connection problems with the PostgreSQL SaaS project management tool following recent updates and configuration changes. I have restarted the server and checked the firewall settings, but the issue still persists.","Dear customer, thank you for reaching out regarding the database connection issue with the PostgreSQL server in your SaaS project management tool. We apologize for the inconvenience caused. To troubleshoot the issue, could you please provide details on the recent updates and configuration changes made? Additionally, it would be helpful to know the exact error message you are receiving when trying to connect to the database. If needed, we can schedule a call at a convenient time to discuss and work towards a resolution. Please let us know."
The software experienced a crash; I have attempted to restart it and check for any updates.,"I have noted your communication about the data analytics software crash. I am here to help resolve this issue. Could you provide me with more specifics regarding the error message you encountered? Additionally, please share your account number and a contact phone number so that I can assist you further."
We have noticed inconsistencies in the investment analytics dashboard.,Could you please provide more details for the investigation?
"I am reaching out to inquire about the collaboration features included in your team project management SaaS. Specifically, I am interested in understanding how your system handles task assignment, tracking progress, and facilitating communication among team members. Could you provide details on any tools that enhance teamwork and productivity? I am seeking a comprehensive solution to efficiently manage my team's projects.","Dear <name>, our team project management SaaS includes features like task assignment, progress tracking, and communication tools to boost teamwork and productivity. We also offer real-time reporting and workflow automation for efficient project management. I would be glad to discuss our solution in more detail; please let me know if you would prefer a call at <tel_num> to explore further."
"We have noticed a decrease in engagement metrics. We have made some adjustments to ad placements and refreshed creative assets, but the improvements have been minimal. We need assistance to resolve this issue.","We are here to help address the decline in engagement metrics across your digital campaigns. To better understand the situation, could you please provide specific details on the metrics that are declining and the timeframe during which this issue has been occurring? It would be convenient for us to discuss this further over a call at <tel_num> to go over the details and potential next steps in resolving the issue."
"Dear Customer Support, I am contacting you to report that my project data disappears when I log in. This issue has become noticeable recently, and I believe it could be due to recent software updates that are not compatible with my current setup. Despite restarting the system and updating drivers, the problem remains unresolved. Could you please examine this issue and offer a solution at the earliest convenience? Please inform me if more details from my end are needed. I am waiting for your response. Thanks for your attention to this matter.","Hello <name>, I regret to hear about the disappearance of your project data upon login. Could you please share your <acc_num> and the exact steps you follow when the issue arises? Additionally, could you let me know which version of the software you are using? If necessary, I will arrange a call with you at <tel_num> to address this issue promptly. I appreciate your patience and cooperation, and I look forward to resolving this for you."
"Customer Support, seeking insights into digital strategies that can boost brand growth. Would be grateful for a detailed explanation of the methods and techniques that can be employed to enhance brand awareness and engagement. Specifically, I am keen to understand social media strategies and how to measure the success of digital campaigns. I look forward to your response. Appreciate your assistance and eagerly await your reply.","Hello, thank you for your inquiry regarding digital strategies for brand growth. We utilize various methods, including social media marketing. We would be happy to discuss this further with you. Please let us know a convenient time to call at <tel_num> to provide you with more details."
Data integration problems have been noted,"Dear <name>, thank you for contacting us regarding the inaccuracy in your investment reports. We are sorry to hear that you are facing data integration issues. Could you provide more details about the specific inaccuracies you have noticed in your reports? Additionally, please share your <acc_num> so we can investigate further. If necessary, I can call you at <tel_num> to discuss this matter at a convenient time for you."
"The outcomes are not consistent, which could be due to problems with the data or the algorithm.","I am examining the inconsistent outcomes from your investment portfolio optimization. To better understand the issue, could you provide more details about the discrepancies you are observing? I will investigate potential data or algorithm issues and will contact you at <tel_num> for further discussion if necessary."
"Hello Support Team, I am contacting you to report a problem with the investment data stream. The stream unexpectedly stopped, and I suspect it might be because of a backend server overload. I've attempted to restart the stream and verify the connection, but the issue remains unresolved. I would appreciate your assistance in investigating this and finding a solution. The interruption is causing me inconvenience and I am keen to have it fixed. Could you please let me know if you need any more information to address this issue? I look forward to your response soon.","Dear <name>, we apologize for the inconvenience caused by the interrupted investment data stream. We will look into this issue and investigate any backend server overload concerns. Could you please confirm when the issue began and if you received any error messages? If necessary, we will contact you at <tel_num> to discuss further. We appreciate your patience and will work to resolve this as soon as possible. We will provide an update or solution shortly."
There was a data breach due to inadequate encryption measures. I have changed my passwords and conducted security checks.,We regret the disruption caused. Thank you for promptly addressing the situation. A representative will contact you to explore further and offer additional assistance to ensure the security of your account <acc_num>.
"The project management SaaS application is encountering performance problems during peak traffic times. This could be due to server overload or inefficient resource management. Steps taken include restarting services, optimizing settings, and clearing the cache, but the issue remains unresolved. Assistance is sought to address this, as it is affecting team productivity. Please inform me of the next steps to resolve the issue.",Please review the issue and contact us at <tel_num> to discuss scheduling a suitable time for a call to resolve the performance issue with the project management SaaS application.
What digital strategies are suggested for brand growth?,"To enhance your brand's growth, we suggest digital strategies like social media marketing and email campaigns. For more detailed advice, please share information about your current online presence and target audience, and I will provide more tailored suggestions."
The marketing agency is experiencing a drop in engagement for digital campaigns.,I would be happy to assist with the digital campaign issue. Could you please provide information on the campaigns and the metrics showing the decrease in engagement?
Encountered unexpected downtime; recent updates might have caused configuration issues.,"Dear [name], we apologize for the issues you're experiencing with the SaaS platform. We understand that recent updates might have caused configuration issues leading to the downtime. We would like to investigate further. Could you please provide details of the error message and the specific issues you're encountering? We will schedule a call at a convenient time for you to discuss this further. Please let us know a suitable time."
"Customer Support, you have received a request to integrate additional third-party tools for project management SaaS. The customer specifically wishes to include Babbel, Google Translate, and Adobe Premiere Pro as these tools would significantly improve workflow productivity. Babbel will help the team enhance their language skills, Google Translate will aid in communicating with international clients, and Adobe Premiere Pro will enable the creation of high-quality content.","\""name\"", thank you for reaching out to the customer support team with your request to integrate additional third-party tools for project management SaaS. We appreciate your suggestions, as including Babbel, Google Translate, and Adobe Premiere Pro certainly enhances workflow productivity. We will review the feasibility of integrating these tools and assess the potential benefits for users. Let's discuss this further and schedule a call at your convenience. Please provide a suitable time, or we can suggest a time that works for both parties."
"Hello Customer Support, I am facing data integration challenges across several software platforms during the investment analysis process. The issue seems to have arisen from recent updates, possibly due to version compatibility conflicts. So far, restarting the applications and clearing caches have not resolved the problem. I would greatly appreciate any guidance on a solution and the troubleshooting process to resolve this issue as soon as possible. Thank you for your assistance.","Thank you for reaching out about the data integration problem. To assist further, could you please provide details on the recent updates to the software platforms involved? We would be happy to guide you through the troubleshooting process and suggest scheduling a call at <tel_num> to resolve the issue as soon as possible, related to <acc_num>."
"Noted intermittent performance lag during peak usage periods on the SaaS platform. It might have arisen from an increase in user load and inefficient backend queries. Till now, we've optimized database queries and scaled server instances, but without notable improvement. Our team is closely monitoring the situation and is reaching out to seek assistance in resolving the matter. We would greatly appreciate your guidance and support to help us identify the root cause and implement a solution.","<name> is assisting with the issue you're experiencing with the SaaS platform. To better understand the problem, could you please provide more details on the performance lag, the exact times it occurred, and any error messages received? We would like to schedule a call at <tel_num> to discuss and determine the next steps to resolve the issue. Please let us know a convenient time for the call. <acc_num>"
"We are facing significant employee turnover due to insufficient onboarding and limited career advancement opportunities. Although we have enhanced our exit interviews and training materials, the outcomes are not satisfactory. Could you please assist us in addressing this issue?","I would be pleased to help with the employee turnover issue. Please provide details on the current onboarding process and training materials, and we can schedule a call to discuss further."
"Dear Support Team, I am contacting you to seek an update on our product listings with the inclusion of new digital content. This will aid in boosting our brand recognition and customer interaction online. I strongly believe this update is essential to maintain our competitive edge in the market and to ensure our customers have the best experience. The new digital content will consist of top-quality images, comprehensive product descriptions, and customer feedback. I kindly request your assistance in carrying out this update at the earliest. Please inform me if any further details are needed from my end to proceed with this request. Thank you for your time and cooperation. I am eagerly waiting for your response.","Dear [Customer Name], we thank you for your initiative to update your product listings with new digital content. We value your efforts to improve brand visibility and customer engagement. To facilitate this update, we need the new digital content, including high-quality images, detailed product descriptions, and customer reviews. Please share these details so we can move forward with the update. If you have any queries, feel free to contact us at [Phone Number] or reply to this email. We look forward to receiving the required information to finalize this request."
"Dear Customer Support, I am writing to inform you about an unexpected login failure that suddenly happened. This issue might be related to the recent security update. Despite restarting my browser and clearing the cache, the problem still exists. I would greatly appreciate any assistance you can provide in resolving this matter as soon as possible. Please let me know if you need any additional information from me. I am looking forward to your response. Thank you for your time and help. Sincerely, [Your Name]","Dear <name>, thank you for bringing the login failure issue to our attention. We apologize for the inconvenience. To proceed, could you please share your <acc_num> and the exact error message you are encountering with us? We will review the recent security update to see if it is the cause of the problem. If necessary, we may contact you at <tel_num> to collect more details. We will promptly provide a solution once we have more information. Thank you for your patience and cooperation. We are committed to resolving this matter for you. Sincerely, [Support Team]"
"Facing connectivity problems with the SaaS project management tool on my iMac, which might be related to network instability with the Google Nest Wifi Router. After restarting and clearing cache, the issues still persist.","I would be happy to assist with the connectivity issue. Please provide any error messages you are seeing, and I will schedule a call to troubleshoot the problem with your Google Nest Wifi Router and the SaaS tool."
"There has been a notable decline in online engagement metrics following recent digital strategy implementations. This might be due to a misalignment in messaging across different platforms. Despite efforts to revise content and optimize ad targeting, the issues still persist. I would greatly appreciate your guidance on how to resolve this issue.","To address the digital strategy issue, I would like to discuss and understand the problem better. To assist more effectively, please provide information on the recent implementations and the specific engagement metrics that have dropped. We can schedule a call at your convenience to go into more detail and provide guidance on resolving the issue. Please let me know a suitable time for the call at <tel_num> to discuss this matter."
"Attention to Customer Support: A data breach has been detected in our healthcare systems, impacting the security of patient medical data. This may have occurred due to unpatched vulnerabilities or software misconfigurations. We have attempted to update the relevant software and implement firewall rules, but the issue persists. Urgent assistance is needed to resolve this matter and ensure the security of patient medical data. Please provide guidance on the next steps to take. We greatly appreciate prompt attention to this critical issue.","Acknowledged, regarding the data breach in healthcare systems, a dedicated email has been sent. For better assistance, I would like to schedule a call to discuss the issue in detail. Could you please let me know a convenient time to call at <tel_num> to proceed with the next steps? In the meantime, please ensure that sensitive data is isolated and that any changes are made to the system to allow for further investigation. I will touch base soon to provide guidance and support in resolving this critical matter."
"Customers are having trouble accessing critical data analysis tools for investment optimization. The issue might be related to recent software compatibility updates. Restarting applications and reinstalling software seemed to have resolved it for some, but further assistance is needed promptly. Could you please provide the most recent updates and any error messages received when trying to access the data analysis tools? Also, let me know a convenient time to call and discuss this further.","Acknowledging the issue with the data analysis tools. I regret to hear that restarting applications and reinstalling software resolved it for some. To better assist, could you please provide details on the recent updates and any specific error messages received when trying to access the data analysis tools? Additionally, let me know a suitable time for a call to discuss this matter further. We aim to provide prompt assistance."
Can you offer advice on optimizing investment strategies using the Alteryx and Scikit-learn integration? Thank you!,I can offer guidance on optimizing investment strategies using Alteryx and Scikit-learn. Please provide details on your current setup and specific requirements. I am happy to assist further and can be available for a call at your convenience to discuss these details.
"The login function experienced an unexpected failure last night. This might be due to outdated dependencies or recent code modifications. I have already restarted the server, examined the logs, and ensured that all configurations are correct.","Dear <name>, thank you for bringing the login issue to our attention. We regret any inconvenience this has caused. You have correctly initiated the troubleshooting process by restarting the server, reviewing logs, and confirming configurations. To help us diagnose the issue further, could you provide us with additional information regarding the error messages you received and the recent code modifications that were implemented? If needed, we can arrange a call at <tel_num> to discuss the matter in greater detail and work toward a resolution for your <acc_num>. We appreciate your cooperation and look forward to your response."
"There has been an unexpected failure with the medical data backup. It could be due to an outdated Western Digital software version. I have restarted the backup process and checked all connections, but the issue still occurs. Assistance is needed to address this.","Regarding your medical data backup issue, we need the version of your Western Digital software to proceed. Please share the version number and we can further assist you by either updating the software or performing additional troubleshooting steps."
"Hello Customer Support, I hope you can address the issue with my subscription charges. I was charged twice in the same month and suspect it might be due to a system error. I have already contacted support and received a resolution, but I would greatly appreciate it if you could look into providing a refund for the excess charge as soon as possible. Please let me know if you need any additional information to resolve the issue. My email address for your reference is needed. Thank you for your prompt attention.","Dear [Name], we are looking into the issue with your monthly subscription charges. To assist further, could you please provide us with your account details, specifically [acc_num]? We would also like to verify other relevant information. We will review any previous interactions regarding this matter. If necessary, we may need to contact you directly; we are available for a call at [tel_num] for your convenience. We appreciate your patience as we work through the issue and look into providing a refund for the excess charge."
The campaign metrics are not being tracked because of a problem with the API integration. I have verified the settings on the dashboard.,I will look into the API integration issue. Please provide any error messages you are seeing so I can assist you better.
"Hello Customer Support, I am experiencing problems with the investment predictions on your service. The predictions seem to be incorrect, and I think this may be due to the age of the data analytics tools you are using. I have updated WooCommerce and checked the performance of my AMD Ryzen 9 5950X, but the issue remains. Could you please investigate this and offer a solution as soon as possible? If you require further information from me, please let me know. I look forward to your response. I have attempted to resolve the issue myself, but I need your professional help to fix it. I am hopeful that with your assistance, we can get the investment predictions working correctly again.","Hello <name>, we are looking into the problems you are encountering with the investment predictions on our platform. Could you provide more specifics about the errors you're seeing and the steps you've already taken? I will call you at <tel_num> to discuss this further, if needed."
"Hello, we are contacting the Service Desk to request an update on digital marketing strategies. Our goal is to enhance brand growth and visibility in targeted markets. We need effective strategies to improve our online presence and reach a wider audience. Could you please provide us with the latest trends and recommendations in digital marketing? We would greatly appreciate any guidance on how to optimize our website and social media channels for better engagement and conversion. Thank you for your assistance, and we look forward to hearing from you.","Hello [Name],<br><br>Thank you for reaching out to the Service Desk regarding digital marketing support. We appreciate your interest in enhancing brand growth and visibility in targeted markets. To better understand and provide effective recommendations, could you please provide us with information about your current online presence, including your website and social media channels?<br><br>This will enable us to give you the latest trends and tailored advice to optimize your online platforms."
Could you offer details on the scalability features of the project management tool? I am keen to learn about the capabilities that are tailored to meet specific needs. Thank you for your assistance!,Please send a detailed description of the tool's features.
"The digital strategies are not performing optimally, which is affecting brand growth due to integration issues.","Acknowledging the concern about the underperformance of digital strategies, we would like to better understand the specific integration issues you are experiencing. Could you provide more details on the problems you are encountering? This will help us provide a tailored solution to address the impact on brand growth. If convenient, please let us know a suitable time for a call to discuss this further. You can reach us at <tel_num>."
"Hello Support Team, I am contacting you to address a duplicate billing issue. It seems that an inadvertent duplicate billing was caused by a possible software glitch or user mistake. Despite my efforts in manually reviewing and restarting the system, the issue still exists. I would be highly grateful if you could look into this and offer a solution promptly. Kindly inform me if you require any more details from me to assist in resolving this issue.","Hello <name>, Thank you for reaching out about the inadvertent duplicate billing problem. We are sorry for the trouble this has caused and are here to help you. Could you please share your account number <acc_num> and the dates of the duplicate bills? This will help us in investigating the issue. A convenient time to contact you at <tel_num> for a more detailed discussion and to provide a solution is also needed, if required."
"Dear Customer Support, I am contacting you to report an issue with the launch of our digital marketing campaigns. These campaigns have failed to launch, and we believe that there may be technical problems with our integrations. We have already tried restarting our systems and checking our connections, but the issue remains unresolved. Could you please investigate this matter and offer a solution as soon as possible? Please inform us if any additional information is required from our side. We await your response. Sincerely, [Your Name]",I will examine the issue with your digital marketing campaigns and reach out to you at <tel_num> for further discussions and to find a resolution.
"We have detected unauthorized access to our secure medical information. This issue was recently brought to our attention, and we suspect it might be due to insufficient firewall protection and outdated software. We have attempted to address the problem by restarting our servers and reviewing our logs, but the issue remains unresolved. We are worried about the potential repercussions of this breach and would appreciate your prompt assistance in resolving the matter. Could you provide us with more information on our current security measures and specific details about the unauthorized access? Additionally, please share any log check results and error messages we may have overlooked. I will contact you at <tel_num> to discuss additional steps for securing your data and preventing future occurrences.","I have received your communication concerning the medical data security problem. In order to offer assistance, I need more information about your current security infrastructure and the precise nature of the unauthorized access. Could you provide more details about the logs you have reviewed and any error messages you have encountered? I will arrange a call at <tel_num> to discuss further actions to secure your data and prevent future incidents."
"Dear Customer Support Team, 

I am reaching out to address an issue with my project data, which has inexplicably vanished. I am seeking guidance on the possible causes and steps to rectify this situation. Upon internal investigation, I believe a software compatibility issue could be the source of the problem. Despite restarting my device and reviewing my backups, the data is still unavailable. I would be extremely grateful if you could examine this and offer your support at the earliest convenience. Please inform me of any additional measures I can undertake to assist in resolving the issue or if you need further details from me. I am hopeful that with your assistance, we can identify a solution and recover my project data. 

Thank you for your attention and prompt response. I look forward to your guidance. 

Sincerely, 
[Your Name]",Acknowledged. We have noted your inquiry regarding the missing project data and the likelihood of a software compatibility issue. I will proceed with an investigation. Could you please provide your account number and a preferred time for me to call you to discuss the issue and explore potential next steps?
Is it possible to offer insights into digital strategies that can enhance brand growth?,We can provide information on digital brand growth strategies. Please allow us to contact you at a convenient time to discuss and determine the appropriate approach for your needs.
"Seeking detailed information on project management SaaS offerings, particularly regarding their features and scalability options. Interested in learning about the customization and integration capabilities as well.",Please provide details on the project management SaaS features and scalability options. We would appreciate the opportunity to discuss these in more depth during a call.
noticed a notable decline in engagement across social media platforms. this could be due to recent algorithm changes. efforts to enhance posts and adjust our content strategy have not yet yielded satisfactory results. our team has tried various methods to improve engagement and has observed some significant improvement. we would appreciate your guidance and support to help us better understand and address this issue.,"will assist in addressing the decline in social media engagement. to better understand the situation, could you please provide details on the specific platforms where the issue is being experienced and the types of content being posted? Additionally, it would be helpful to know the exact timeframe in which you noticed the drop in engagement. we would like to schedule a call to discuss and explore potential solutions. i would be available to discuss at a time that suits you best, perhaps sometime this week."
"There has been a reported data breach in the hospital's systems, leading to the potential compromise of patient records. This could be due to outdated security measures. Urgent action is required to implement firewall and antivirus updates.",We have received an email concerning a data breach in the hospital's systems. Please escalate this matter to the security team and provide us with detailed information about the breach. You can contact us at <tel_num> to discuss the necessary steps to ensure the security of the systems.
"To Customer Support, <br>I am experiencing issues with the investment analytics tool. The tool has crashed during data processing tasks, and I suspect it might be due to software incompatibility or excessive memory usage. <br>I have already tried restarting the application and clearing temporary files, but the problem still persists. <br>We would greatly appreciate it if you could look into this matter and provide a solution as soon as possible. Please let us know a convenient time for a callback to discuss further.","Received your email regarding the issue with the investment analytics tool. We will investigate the matter, but may need additional information to assist with the resolution. Please let us know a good time for a callback to discuss further."
"Customer Support, facing connectivity issues with the SaaS platform while using various integrated products. It might be due to recent updates causing compatibility conflicts. After clearing browser caches, reinstalling affected applications, and testing different network connections, the issues still persist. It seems the problems started after the latest update and are affecting multiple users. We would greatly appreciate it if you could look into this matter urgently and provide a solution or workaround to resolve the issue. Please let","Dear [Name], thank you for reaching out to us regarding the connectivity issues with the SaaS platform. We apologize for the inconvenience caused and appreciate the troubleshooting steps you have already taken. We would like to investigate this matter further and request detailed information about the integrated products and the exact error messages you are receiving. Could you please provide us with more details about the issues you are experiencing at your earliest convenience? We will call you at [tel_num] to discuss and provide a solution or workaround as soon as possible."
There are integration difficulties with IFTTT that are hindering our automation. Recent changes in the API might be the cause of these misconfigurations.,"<name>, thank you for bringing the IFTTT integration issue to our attention. We apologize for the disruption to your automation. To help resolve the issue, could you please provide any error messages you are seeing, as well as details about the specific API updates that were made? This information will help us investigate and determine the cause of the problem. If needed, we can schedule a call at <tel_num> to discuss this further. We aim to resolve the issue as soon as possible, and we will keep <acc_num> updated. Please let us know a convenient time for you."
Could use some guidance on optimizing investment strategies using DataRobot MySQL. Could you provide tips and resources? It would be great to get help integrating these tools effectively.,"\""Name\"" would be happy to assist with optimizing investment strategies using DataRobot MySQL. To better help you, could you please provide some information on your current setup and what you are trying to achieve? There are various resources available, such as tutorials and webinars, which may be helpful for integrating the tools effectively. Let's discuss further; a call at your convenience would provide personalized guidance. Please let me know a suitable time to call at <tel_num> or touch base."
Detected unauthorized access attempt on the hospital system,"We are currently investigating an unauthorized access attempt on the hospital system. Please contact <tel_num> to provide more information, which will help in resolving the issue."
"Dear Customer Service, <br><br>I am contacting you regarding an unexpected challenge with accessing my medical data. This issue arose suddenly and I am unable to retrieve the required information despite my attempts at system restarts and permission checks. <br><br>The potential reasons might include software errors or misconfigurations. Although I have undertaken preliminary troubleshooting steps, I need further support to address this matter. <br><br>I would be grateful if you could urgently investigate and provide a resolution. Please inform me if you require any further details from me to assist in resolving the issue. <br><br>I appreciate your swift attention to this matter and look forward to your prompt response. <br><br>Warm regards, <br>[Your Name]","Dear Customer, <br><br>We regret the inconvenience you are facing with your medical data access. We recognize the importance and urgency of this matter and are actively working to resolve it. Our technical team will examine the issue, considering possibilities such as software errors or configurations. <br><br>In the meantime, we need additional information from you to aid in the resolution. Could you please share the exact error message you are encountering and the troubleshooting steps you have already followed? <br><br>We will work diligently to fix the issue and update you with a solution as soon as possible. Your patience and cooperation are greatly appreciated, and we will keep you informed of our progress. Should you have any further questions or concerns, please do not hesitate to reach out. <br><br>We will contact you soon with an update or request for more details."
"Dear Customer Support Team, I am writing to request advice on optimizing the integration between Notion and H2O.ai for my workflow and machine learning tasks. Currently, I use Notion for organization and H2O.ai for machine learning, but I encounter challenges when combining these tools. Could you offer guidance on how to optimize this integration? Specifically, I am interested in strategies to reduce latency, improve data synchronization, and enhance team collaboration. I found some information online, but I would greatly appreciate your team's direct insight. Thank you for your time and assistance. I look forward to your response. Best regards, [Your Name]","Dear [Your Name], thank you for contacting our support team about optimizing Notion and H2O.ai integration. We are here to assist you in streamlining your workflow and enhancing performance. To provide more precise advice, could you share details about your current integration, including the tools and features you are utilizing? We propose scheduling a call to discuss your needs and offer specific solutions to reduce latency, improve data synchronization, and enhance team collaboration. Please let us know a convenient time for you, and we will contact you at [tel_num]. We are excited to help you. Best, [Support Team Name]"
"Seeking information on integrating ClickUp with Microsoft Dynamics 365 to improve project management capabilities. Would greatly appreciate a detailed guide on the necessary steps and requirements to streamline project management processes and boost overall efficiency. Thank you for your assistance, and I look forward to hearing back soon.","Details on the integration process between ClickUp and Microsoft Dynamics 365, including necessary steps to enhance project management capabilities."
Could you provide more details on the digital strategies you provide for brand growth? I would appreciate any information you could share.,"Hello <name>, thank you for your inquiry about digital strategies for brand growth. Our services encompass social media management, content creation, and online advertising. I am happy to explore how these services can aid your business's expansion. Would you be available for a call at <tel_num> to discuss further, or would you prefer if I sent you some information to <acc_num>?"
Request to update digital marketing tactics to boost brand growth and engagement for the company through social media platforms.,Acknowledged request to update digital marketing tactics for enhancing brand growth and engagement via social media platforms. We will review and discuss potential updates with the team. Please contact us at <tel_num> to schedule a meeting and outline the plan.
Could you provide detailed information on integrating Git 2.32 with the Airtable project management tool? It would be very helpful for our team. Thank you!,Contact us soon
"We have noted the data syncing issues experienced across multiple platforms while optimizing investment analytics. The attempts to resolve the issue included updating the software and verifying data connections. To better assist you, we would like to gather more information. Please provide details on the software versions you are currently using and the specific data connections you have verified. Additionally, it would be helpful to know the exact error messages you are seeing. This will make it more convenient for us to address the issue.","Acknowledging the data syncing issues experienced across multiple platforms while optimizing investment analytics. The steps taken to resolve the issue included updating the software and verifying data connections. To better assist you, we would like to collect more information. Please provide details on the software versions currently in use and the specific data connections that have been verified. Additionally, knowing the exact error messages you are encountering would be very helpful. This will facilitate a more convenient resolution."
"Please update the compatibility settings for various software and hardware to enhance integration within our project management SaaS platform, which will improve overall performance.","To review and update the compatibility settings for various software and hardware within our project management SaaS platform and enhance integration, please provide a list of the specific software and hardware you are currently using. This will help us provide the necessary updates to the compatibility settings. If needed, we can schedule a call at <tel_num> to discuss further. Once the account <acc_num> is updated with the new settings, we will review and notify you once the update is complete."
"A login error happened, likely because of a server-related issue.","Dear <name>, we regret the trouble you experienced with the login. Could you share the specific error message? We are looking into the server problem and will address it promptly. If required, we can arrange a call at a time convenient for you. Please suggest a time to contact you at <tel_num>."
"Evaluated targeting strategies and modified ad text, however, the campaign performance metrics are still declining. It's possible that ineffective targeting or ad placement is the issue.","I would appreciate a detailed discussion regarding your campaign challenges. Could you share specifics about the campaign and which metrics are showing a decrease? I will analyze this information and offer the necessary support. If required, we can arrange a call at a time convenient for you."
An unauthorized access attempt on systems might have exposed medical data due to outdated software.,Proceed to investigate the incident and contact the relevant information immediately.
I would like to know more about your social media marketing services. Could you tell me about the kinds of campaigns you offer and how they might benefit my business?,"We provide a range of social media marketing campaigns aimed at enhancing your business. I'm ready to go over the options with you. Could you share some details about your business, and I will reach out to you at a convenient time to explain our services in more depth."
"Hello Customer Support,

I am contacting you to report some technical difficulties I have been encountering. Specifically, I am having problems with my Zoom meetings. Even though I have a steady internet connection, my meetings are constantly failing. I have already tried resetting my router and updating Zoom to its most recent version, yet the issue remains unresolved.

Moreover, I am also facing challenges with Xero syncing. My Xero settings look correct, but I am still having trouble with syncing my data. I am worried that this might be due to network congestion or an outdated version of Ubuntu.

I would greatly appreciate your assistance in resolving these issues. If you need any additional information from me, please let me know. Thank you for your time and support.

Sincerely,
[Your Name]","Hello [Your Name],

Thank you for bringing these technical issues to our attention. To better address your concerns, could you kindly provide details about your internet speed and the version of Ubuntu you are using? Additionally, any specific error messages you are receiving would be very helpful. I will do my best to provide a solution promptly. If necessary, I can arrange a call at [tel_num] to further discuss the matter. Please let me know a convenient time for you. Thank you for your patience."
"Honor Customer Support, I am contacting you to report an anomaly in our campaign data. This problem arose following the extraction of incorrect data from our analytics system. We are of the belief that this could potentially arise from a malfunction in our API integration or an error in our query. We have already made sure that our API keys and query syntax are correct. Despite this, the issue continues to persist. We would greatly appreciate your assistance in addressing this issue. If you have any additional steps you would like us to take to troubleshoot the problem or require further details from us, please let us know. Thank you for your time and support. Respectfully, [Your Name]","Dear [Your Name], thank you for contacting us to address the inconsistency in your campaign data. We regret the inconvenience this has caused and are ready to help you resolve this matter. You have already verified your API keys and query syntax, and we have noted this. For a more thorough investigation, we would appreciate it if you could provide us with more information about the erroneous data extracted from your analytics, including specific metrics and the time periods involved. Should this be necessary, we can arrange a call at <tel_num> to delve deeper into the possible API integration issue or query error and determine the next steps. Please advise us on a suitable time for the call. We appreciate your cooperation and look forward to resolving this matter related to your <acc_num>."
I would like to request details on the necessary system requirements for optimal performance when integrating Avid Pro Tools and MongoDB. I am keen to know the specific hardware and software configurations that will facilitate a smooth and efficient workflow. Could you kindly share the recommended specifications and any necessary setup instructions? Your help in ensuring a seamless integration of these tools would be greatly appreciated. Thank you for your support and I look forward to your response.,Please contact me at <tel_num>
"Hello Customer Support, I am facing inconsistent recommendations while using the investment optimization tool for portfolio adjustments. This issue might be related to recent software updates or data input errors. After verifying data integrity and restarting the application, the issue still persists. These inconsistent recommendations are making it difficult to make informed investment decisions. I would appreciate it if you could look into this matter and provide a solution as soon as possible. Please let me know if there is any additional information needed.","Thank you for reaching out regarding the issue with the investment optimization tool, <name>. We apologize for the inconvenience caused by the inconsistent recommendations. To assist you further, could you please provide the version number and the date of the last software update? Once we have this information, we will contact you at <tel_num> to discuss the next steps needed."
Data encryption delays happened suddenly. It seems outdated software might be the cause. I've already restarted the systems and verified the configurations.,"Dear <name>,

Thank you for contacting us about the data encryption delays you are encountering. We understand the inconvenience caused by issues possibly related to outdated software. We appreciate the troubleshooting steps you've already taken, such as restarting systems and checking configurations.

To help you further, could you please share the specific versions of the software you are using and any error messages you are encountering? This information will assist us in identifying the problem and offering a more precise solution.

In the meantime, we have an updated version of the software that includes improvements to the encryption process. I can provide you with the download link and instructions for the upgrade.

If you prefer to discuss this over the phone, please let me know a suitable time to call you at <tel_num>. We will ensure a specialist is available to assist you. We are committed to resolving this issue as quickly as possible. Please feel free to contact us if you have any further questions or concerns."
"Hello Customer Support, we are encountering difficulties with our marketing campaign, which is impacting our brand's growth and digital strategies. The issue might be due to compatibility problems between software and hardware. Despite restarting our devices and updating the software, the problem still persists. We have followed the troubleshooting steps, but the issue remains unresolved. We would greatly appreciate your assistance in resolving this matter as soon as possible. Please inform us of the next steps. Thank you for your support.","Dear [Name], thank you for reaching out to us regarding the marketing campaign issues. We apologize for the disruptions you are experiencing and would be happy to help resolve the matter. To better understand the compatibility problems you are facing, could you please provide more details about the software and hardware you are using? Additionally, we would like to schedule a call at a convenient time. I am available to call you at [tel_num], or you can suggest a different time. We look forward to hearing back from you and resolving the issue."
Is it possible to provide comprehensive documentation on the AR-Brille compatibility with Oracle Database SaaS integration?,Details have been sent via a separate email.
The SQL queries have begun timing out unexpectedly because of a server overload or software conflicts.,I will look into the data dashboard malfunction and reach out to you via <tel_num> to discuss potential causes and solutions for the SQL query timeout problem.
"Hello Customer Support, I am writing to seek information on the payment methods and plans available for integrating JIRA with WooCommerce and Adobe Creative Cloud subscriptions. Could you please share details regarding the accepted payment methods and any available discounts or promotions? Additionally, I would like to know if there are any specific conditions or limitations for this integration. I look forward to receiving your response soon. Thank you for your assistance. Warm regards, [Your Name]","Dear [Your Name], we thank you for your interest in integrating JIRA with WooCommerce and Adobe Creative Cloud subscriptions. Our payment offerings include both monthly and annual subscription plans. We accept payments through credit cards and bank transfers. Discounts are available for extended agreements and bulk purchases. For more detailed information on payment plans and discounts, a detailed discussion would be beneficial. Could we schedule a call at your convenience to discuss these specifics and any particular requirements or restrictions for the integration? Please provide a suitable time for a call at <tel_num>. Thank you."
I hope this message finds you well. I am interested in exploring digital strategies to enhance our brand growth. Could you provide guidance on effective methods to boost our online presence and interaction with our audience?,"To effectively enhance your brand growth, I suggest a robust digital marketing approach that encompasses search engine optimization (SEO), social media management, and content creation. For a more tailored strategy, could you share details about your current online status and your aims for growth? We can also schedule a call that suits you to discuss these aspects in more detail. Please let me know a convenient time to contact you at <tel_num>. Thank you."
